Timestamp,ADC_Value,Voltage_mV
2026-07-27 14:25:32.358,6,29.326
2026-07-27 14:25:32.358,340,1661.779
2026-07-27 14:25:32.358,341,1666.667
2026-07-27 14:25:32.359,346,1691.105
2026-07-27 14:25:32.359,356,1739.98
2026-07-27 14:25:32.359,365,1783.969
2026-07-27 14:25:32.359,395,1930.596
2026-07-27 14:25:32.359,437,2135.875
2026-07-27 14:25:32.359,476,2326.491
2026-07-27 14:25:32.359,470,2297.165
2026-07-27 14:25:32.359,372,1818.182
2026-07-27 14:25:32.359,268,1309.873
2026-07-27 14:25:32.359,210,1026.393
2026-07-27 14:25:32.359,228,1114.37
2026-07-27 14:25:32.359,285,1392.962
2026-07-27 14:25:32.359,324,1583.578
2026-07-27 14:25:32.359,342,1671.554
2026-07-27 14:25:32.360,352,1720.43
2026-07-27 14:25:32.360,361,1764.418
2026-07-27 14:25:32.360,359,1754.643
2026-07-27 14:25:32.360,354,1730.205
2026-07-27 14:25:32.360,350,1710.655
2026-07-27 14:25:32.360,349,1705.767
2026-07-27 14:25:32.360,352,1720.43
2026-07-27 14:25:32.360,353,1725.318
2026-07-27 14:25:32.360,355,1735.093
2026-07-27 14:25:32.360,358,1749.756
2026-07-27 14:25:32.360,356,1739.98
2026-07-27 14:25:32.360,357,1744.868
2026-07-27 14:25:32.360,357,1744.868
2026-07-27 14:25:32.361,357,1744.868
2026-07-27 14:25:32.361,359,1754.643
2026-07-27 14:25:32.361,359,1754.643
2026-07-27 14:25:32.361,359,1754.643
2026-07-27 14:25:32.361,361,1764.418
2026-07-27 14:25:32.361,361,1764.418
2026-07-27 14:25:32.361,361,1764.418
2026-07-27 14:25:32.362,362,1769.306
2026-07-27 14:25:32.362,363,1774.194
2026-07-27 14:25:32.364,364,1779.081
2026-07-27 14:25:32.488,365,1783.969
2026-07-27 14:25:32.488,366,1788.856
2026-07-27 14:25:32.488,368,1798.631
2026-07-27 14:25:32.488,373,1823.069
2026-07-27 14:25:32.488,376,1837.732
2026-07-27 14:25:32.488,379,1852.395
2026-07-27 14:25:32.488,383,1871.945
2026-07-27 14:25:32.488,388,1896.383
2026-07-27 14:25:32.488,396,1935.484
2026-07-27 14:25:32.488,403,1969.697
2026-07-27 14:25:32.488,407,1989.247
2026-07-27 14:25:32.488,414,2023.46
2026-07-27 14:25:32.489,417,2038.123
2026-07-27 14:25:32.489,422,2062.561
2026-07-27 14:25:32.489,425,2077.224
2026-07-27 14:25:32.489,425,2077.224
2026-07-27 14:25:32.489,423,2067.449
2026-07-27 14:25:32.489,414,2023.46
2026-07-27 14:25:32.489,404,1974.585
2026-07-27 14:25:32.489,390,1906.158
2026-07-27 14:25:32.489,375,1832.845
2026-07-27 14:25:32.489,363,1774.194
2026-07-27 14:25:32.489,350,1710.655
2026-07-27 14:25:32.489,340,1661.779
2026-07-27 14:25:32.608,335,1637.341
2026-07-27 14:25:32.608,330,1612.903
2026-07-27 14:25:32.608,326,1593.353
2026-07-27 14:25:32.608,324,1583.578
2026-07-27 14:25:32.608,323,1578.69
2026-07-27 14:25:32.608,321,1568.915
2026-07-27 14:25:32.608,320,1564.027
2026-07-27 14:25:32.609,320,1564.027
2026-07-27 14:25:32.609,320,1564.027
2026-07-27 14:25:32.609,321,1568.915
2026-07-27 14:25:32.609,319,1559.14
2026-07-27 14:25:32.609,323,1578.69
2026-07-27 14:25:32.609,323,1578.69
2026-07-27 14:25:32.609,324,1583.578
2026-07-27 14:25:32.609,326,1593.353
2026-07-27 14:25:32.609,327,1598.24
2026-07-27 14:25:32.609,326,1593.353
2026-07-27 14:25:32.609,327,1598.24
2026-07-27 14:25:32.609,327,1598.24
2026-07-27 14:25:32.609,328,1603.128
2026-07-27 14:25:32.610,330,1612.903
2026-07-27 14:25:32.610,331,1617.791
2026-07-27 14:25:32.610,330,1612.903
2026-07-27 14:25:32.614,330,1612.903
2026-07-27 14:25:32.664,332,1622.678
2026-07-27 14:25:32.664,334,1632.454
2026-07-27 14:25:32.664,335,1637.341
2026-07-27 14:25:32.664,335,1637.341
2026-07-27 14:25:32.665,336,1642.229
2026-07-27 14:25:32.665,336,1642.229
2026-07-27 14:25:32.665,336,1642.229
2026-07-27 14:25:32.665,338,1652.004
2026-07-27 14:25:32.665,338,1652.004
2026-07-27 14:25:32.668,337,1647.116
2026-07-27 14:25:32.672,339,1656.891
2026-07-27 14:25:32.676,342,1671.554
2026-07-27 14:25:32.684,340,1661.779
2026-07-27 14:25:32.686,340,1661.779
2026-07-27 14:25:32.730,341,1666.667
2026-07-27 14:25:32.731,343,1676.442
2026-07-27 14:25:32.731,343,1676.442
2026-07-27 14:25:32.731,341,1666.667
2026-07-27 14:25:32.732,342,1671.554
2026-07-27 14:25:32.732,343,1676.442
2026-07-27 14:25:32.732,342,1671.554
2026-07-27 14:25:32.732,341,1666.667
2026-07-27 14:25:32.736,343,1676.442
2026-07-27 14:25:32.740,342,1671.554
2026-07-27 14:25:32.743,340,1661.779
2026-07-27 14:25:32.778,340,1661.779
2026-07-27 14:25:32.778,342,1671.554
2026-07-27 14:25:32.778,341,1666.667
2026-07-27 14:25:32.778,340,1661.779
2026-07-27 14:25:32.778,338,1652.004
2026-07-27 14:25:32.778,340,1661.779
2026-07-27 14:25:32.780,340,1661.779
2026-07-27 14:25:32.827,336,1642.229
2026-07-27 14:25:32.827,335,1637.341
2026-07-27 14:25:32.828,337,1647.116
2026-07-27 14:25:32.828,337,1647.116
2026-07-27 14:25:32.828,338,1652.004
2026-07-27 14:25:32.828,337,1647.116
2026-07-27 14:25:32.828,338,1652.004
2026-07-27 14:25:32.828,338,1652.004
2026-07-27 14:25:32.828,338,1652.004
2026-07-27 14:25:32.833,336,1642.229
2026-07-27 14:25:32.838,336,1642.229
2026-07-27 14:25:32.874,336,1642.229
2026-07-27 14:25:32.874,336,1642.229
2026-07-27 14:25:32.874,334,1632.454
2026-07-27 14:25:32.874,334,1632.454
2026-07-27 14:25:32.874,334,1632.454
2026-07-27 14:25:32.874,333,1627.566
2026-07-27 14:25:32.874,333,1627.566
2026-07-27 14:25:32.879,334,1632.454
2026-07-27 14:25:32.920,335,1637.341
2026-07-27 14:25:32.920,335,1637.341
2026-07-27 14:25:32.921,334,1632.454
2026-07-27 14:25:32.921,335,1637.341
2026-07-27 14:25:32.921,334,1632.454
2026-07-27 14:25:32.921,333,1627.566
2026-07-27 14:25:32.921,334,1632.454
2026-07-27 14:25:32.921,335,1637.341
2026-07-27 14:25:32.966,334,1632.454
2026-07-27 14:25:32.966,333,1627.566
2026-07-27 14:25:32.966,333,1627.566
2026-07-27 14:25:32.966,335,1637.341
2026-07-27 14:25:32.966,333,1627.566
2026-07-27 14:25:32.966,332,1622.678
2026-07-27 14:25:32.966,331,1617.791
2026-07-27 14:25:32.966,332,1622.678
2026-07-27 14:25:32.968,331,1617.791
2026-07-27 14:25:33.008,328,1603.128
2026-07-27 14:25:33.008,328,1603.128
2026-07-27 14:25:33.008,328,1603.128
2026-07-27 14:25:33.008,328,1603.128
2026-07-27 14:25:33.008,327,1598.24
2026-07-27 14:25:33.008,329,1608.016
2026-07-27 14:25:33.009,328,1603.128
2026-07-27 14:25:33.009,328,1603.128
2026-07-27 14:25:33.044,328,1603.128
2026-07-27 14:25:33.044,332,1622.678
2026-07-27 14:25:33.044,333,1627.566
2026-07-27 14:25:33.044,332,1622.678
2026-07-27 14:25:33.044,331,1617.791
2026-07-27 14:25:33.045,331,1617.791
2026-07-27 14:25:33.047,326,1593.353
2026-07-27 14:25:33.051,325,1588.465
2026-07-27 14:25:33.091,324,1583.578
2026-07-27 14:25:33.091,322,1573.803
2026-07-27 14:25:33.091,317,1549.365
2026-07-27 14:25:33.091,316,1544.477
2026-07-27 14:25:33.091,315,1539.589
2026-07-27 14:25:33.091,316,1544.477
2026-07-27 14:25:33.091,316,1544.477
2026-07-27 14:25:33.092,317,1549.365
2026-07-27 14:25:33.138,319,1559.14
2026-07-27 14:25:33.138,324,1583.578
2026-07-27 14:25:33.138,333,1627.566
2026-07-27 14:25:33.138,342,1671.554
2026-07-27 14:25:33.138,367,1793.744
2026-07-27 14:25:33.138,414,2023.46
2026-07-27 14:25:33.139,462,2258.065
2026-07-27 14:25:33.139,442,2160.313
2026-07-27 14:25:33.141,327,1598.24
2026-07-27 14:25:33.144,229,1119.257
2026-07-27 14:25:33.177,185,904.203
2026-07-27 14:25:33.177,228,1114.37
2026-07-27 14:25:33.177,287,1402.737
2026-07-27 14:25:33.177,317,1549.365
2026-07-27 14:25:33.177,325,1588.465
2026-07-27 14:25:33.177,329,1608.016
2026-07-27 14:25:33.214,330,1612.903
2026-07-27 14:25:33.214,330,1612.903
2026-07-27 14:25:33.214,326,1593.353
2026-07-27 14:25:33.215,324,1583.578
2026-07-27 14:25:33.217,327,1598.24
2026-07-27 14:25:33.217,330,1612.903
2026-07-27 14:25:33.217,329,1608.016
2026-07-27 14:25:33.217,329,1608.016
2026-07-27 14:25:33.261,330,1612.903
2026-07-27 14:25:33.262,332,1622.678
2026-07-27 14:25:33.262,333,1627.566
2026-07-27 14:25:33.262,332,1622.678
2026-07-27 14:25:33.262,334,1632.454
2026-07-27 14:25:33.262,334,1632.454
2026-07-27 14:25:33.262,335,1637.341
2026-07-27 14:25:33.262,335,1637.341
2026-07-27 14:25:33.264,338,1652.004
2026-07-27 14:25:33.308,339,1656.891
2026-07-27 14:25:33.308,340,1661.779
2026-07-27 14:25:33.308,341,1666.667
2026-07-27 14:25:33.308,344,1681.329
2026-07-27 14:25:33.308,348,1700.88
2026-07-27 14:25:33.308,349,1705.767
2026-07-27 14:25:33.309,349,1705.767
2026-07-27 14:25:33.309,353,1725.318
2026-07-27 14:25:33.310,359,1754.643
2026-07-27 14:25:33.354,367,1793.744
2026-07-27 14:25:33.355,373,1823.069
2026-07-27 14:25:33.355,379,1852.395
2026-07-27 14:25:33.355,385,1881.72
2026-07-27 14:25:33.355,390,1906.158
2026-07-27 14:25:33.355,394,1925.709
2026-07-27 14:25:33.355,399,1950.147
2026-07-27 14:25:33.356,399,1950.147
2026-07-27 14:25:33.362,395,1930.596
2026-07-27 14:25:33.363,387,1891.496
2026-07-27 14:25:33.403,377,1842.62
2026-07-27 14:25:33.403,362,1769.306
2026-07-27 14:25:33.403,343,1676.442
2026-07-27 14:25:33.403,325,1588.465
2026-07-27 14:25:33.403,312,1524.927
2026-07-27 14:25:33.403,299,1461.388
2026-07-27 14:25:33.403,290,1417.4
2026-07-27 14:25:33.404,284,1388.074
2026-07-27 14:25:33.451,279,1363.636
2026-07-27 14:25:33.451,276,1348.974
2026-07-27 14:25:33.451,272,1329.423
2026-07-27 14:25:33.451,271,1324.536
2026-07-27 14:25:33.451,273,1334.311
2026-07-27 14:25:33.451,273,1334.311
2026-07-27 14:25:33.451,270,1319.648
2026-07-27 14:25:33.451,271,1324.536
2026-07-27 14:25:33.452,274,1339.198
2026-07-27 14:25:33.496,273,1334.311
2026-07-27 14:25:33.497,273,1334.311
2026-07-27 14:25:33.497,275,1344.086
2026-07-27 14:25:33.497,278,1358.749
2026-07-27 14:25:33.497,280,1368.524
2026-07-27 14:25:33.497,279,1363.636
2026-07-27 14:25:33.497,282,1378.299
2026-07-27 14:25:33.497,284,1388.074
2026-07-27 14:25:33.497,288,1407.625
2026-07-27 14:25:33.543,289,1412.512
2026-07-27 14:25:33.543,292,1427.175
2026-07-27 14:25:33.543,292,1427.175
2026-07-27 14:25:33.543,293,1432.063
2026-07-27 14:25:33.543,291,1422.287
2026-07-27 14:25:33.543,293,1432.063
2026-07-27 14:25:33.543,296,1446.725
2026-07-27 14:25:33.543,301,1471.163
2026-07-27 14:25:33.544,302,1476.051
2026-07-27 14:25:33.591,304,1485.826
2026-07-27 14:25:33.591,304,1485.826
2026-07-27 14:25:33.591,304,1485.826
2026-07-27 14:25:33.591,305,1490.714
2026-07-27 14:25:33.591,306,1495.601
2026-07-27 14:25:33.591,306,1495.601
2026-07-27 14:25:33.591,307,1500.489
2026-07-27 14:25:33.591,308,1505.376
2026-07-27 14:25:33.591,309,1510.264
2026-07-27 14:25:33.637,312,1524.927
2026-07-27 14:25:33.637,312,1524.927
2026-07-27 14:25:33.637,308,1505.376
2026-07-27 14:25:33.637,308,1505.376
2026-07-27 14:25:33.637,312,1524.927
2026-07-27 14:25:33.637,312,1524.927
2026-07-27 14:25:33.638,311,1520.039
2026-07-27 14:25:33.638,310,1515.152
2026-07-27 14:25:33.638,309,1510.264
2026-07-27 14:25:33.685,308,1505.376
2026-07-27 14:25:33.685,309,1510.264
2026-07-27 14:25:33.686,311,1520.039
2026-07-27 14:25:33.686,311,1520.039
2026-07-27 14:25:33.686,311,1520.039
2026-07-27 14:25:33.686,310,1515.152
2026-07-27 14:25:33.686,311,1520.039
2026-07-27 14:25:33.687,310,1515.152
2026-07-27 14:25:33.687,308,1505.376
2026-07-27 14:25:33.729,310,1515.152
2026-07-27 14:25:33.729,310,1515.152
2026-07-27 14:25:33.729,308,1505.376
2026-07-27 14:25:33.729,309,1510.264
2026-07-27 14:25:33.730,311,1520.039
2026-07-27 14:25:33.730,310,1515.152
2026-07-27 14:25:33.732,306,1495.601
2026-07-27 14:25:33.732,304,1485.826
2026-07-27 14:25:33.732,307,1500.489
2026-07-27 14:25:33.774,309,1510.264
2026-07-27 14:25:33.775,308,1505.376
2026-07-27 14:25:33.775,306,1495.601
2026-07-27 14:25:33.775,307,1500.489
2026-07-27 14:25:33.775,308,1505.376
2026-07-27 14:25:33.775,308,1505.376
2026-07-27 14:25:33.775,306,1495.601
2026-07-27 14:25:33.775,307,1500.489
2026-07-27 14:25:33.778,306,1495.601
2026-07-27 14:25:33.821,306,1495.601
2026-07-27 14:25:33.821,307,1500.489
2026-07-27 14:25:33.821,309,1510.264
2026-07-27 14:25:33.822,310,1515.152
2026-07-27 14:25:33.822,309,1510.264
2026-07-27 14:25:33.822,307,1500.489
2026-07-27 14:25:33.822,307,1500.489
2026-07-27 14:25:33.822,308,1505.376
2026-07-27 14:25:33.825,307,1500.489
2026-07-27 14:25:33.867,306,1495.601
2026-07-27 14:25:33.867,306,1495.601
2026-07-27 14:25:33.867,305,1490.714
2026-07-27 14:25:33.867,306,1495.601
2026-07-27 14:25:33.867,307,1500.489
2026-07-27 14:25:33.868,307,1500.489
2026-07-27 14:25:33.868,308,1505.376
2026-07-27 14:25:33.871,309,1510.264
2026-07-27 14:25:33.872,307,1500.489
2026-07-27 14:25:33.913,309,1510.264
2026-07-27 14:25:33.913,312,1524.927
2026-07-27 14:25:33.913,312,1524.927
2026-07-27 14:25:33.913,311,1520.039
2026-07-27 14:25:33.913,314,1534.702
2026-07-27 14:25:33.913,316,1544.477
2026-07-27 14:25:33.914,316,1544.477
2026-07-27 14:25:33.915,316,1544.477
2026-07-27 14:25:33.919,323,1578.69
2026-07-27 14:25:33.960,323,1578.69
2026-07-27 14:25:33.960,322,1573.803
2026-07-27 14:25:33.960,318,1554.252
2026-07-27 14:25:33.961,318,1554.252
2026-07-27 14:25:33.961,315,1539.589
2026-07-27 14:25:33.961,314,1534.702
2026-07-27 14:25:33.961,314,1534.702
2026-07-27 14:25:33.961,313,1529.814
2026-07-27 14:25:33.967,310,1515.152
2026-07-27 14:25:33.971,310,1515.152
2026-07-27 14:25:34.006,312,1524.927
2026-07-27 14:25:34.006,316,1544.477
2026-07-27 14:25:34.006,315,1539.589
2026-07-27 14:25:34.006,316,1544.477
2026-07-27 14:25:34.006,323,1578.69
2026-07-27 14:25:34.007,337,1647.116
2026-07-27 14:25:34.008,345,1686.217
2026-07-27 14:25:34.012,360,1759.531
2026-07-27 14:25:34.053,393,1920.821
2026-07-27 14:25:34.053,439,2145.65
2026-07-27 14:25:34.054,456,2228.739
2026-07-27 14:25:34.054,356,1739.98
2026-07-27 14:25:34.054,235,1148.583
2026-07-27 14:25:34.054,183,894.428
2026-07-27 14:25:34.055,218,1065.494
2026-07-27 14:25:34.055,271,1324.536
2026-07-27 14:25:34.084,297,1451.613
2026-07-27 14:25:34.084,313,1529.814
2026-07-27 14:25:34.085,323,1578.69
2026-07-27 14:25:34.085,328,1603.128
2026-07-27 14:25:34.085,331,1617.791
2026-07-27 14:25:34.085,332,1622.678
2026-07-27 14:25:34.115,330,1612.903
2026-07-27 14:25:34.115,327,1598.24
2026-07-27 14:25:34.116,329,1608.016
2026-07-27 14:25:34.116,331,1617.791
2026-07-27 14:25:34.116,330,1612.903
2026-07-27 14:25:34.117,328,1603.128
2026-07-27 14:25:34.147,330,1612.903
2026-07-27 14:25:34.147,330,1612.903
2026-07-27 14:25:34.147,329,1608.016
2026-07-27 14:25:34.147,331,1617.791
2026-07-27 14:25:34.147,332,1622.678
2026-07-27 14:25:34.148,333,1627.566
2026-07-27 14:25:34.176,333,1627.566
2026-07-27 14:25:34.177,332,1622.678
2026-07-27 14:25:34.177,333,1627.566
2026-07-27 14:25:34.177,336,1642.229
2026-07-27 14:25:34.177,336,1642.229
2026-07-27 14:25:34.179,338,1652.004
2026-07-27 14:25:34.207,342,1671.554
2026-07-27 14:25:34.208,343,1676.442
2026-07-27 14:25:34.208,345,1686.217
2026-07-27 14:25:34.208,350,1710.655
2026-07-27 14:25:34.208,356,1739.98
2026-07-27 14:25:34.210,360,1759.531
2026-07-27 14:25:34.238,364,1779.081
2026-07-27 14:25:34.239,370,1808.407
2026-07-27 14:25:34.239,376,1837.732
2026-07-27 14:25:34.239,380,1857.283
2026-07-27 14:25:34.239,384,1876.833
2026-07-27 14:25:34.245,390,1906.158
2026-07-27 14:25:34.246,393,1920.821
2026-07-27 14:25:34.284,391,1911.046
2026-07-27 14:25:34.284,384,1876.833
2026-07-27 14:25:34.285,378,1847.507
2026-07-27 14:25:34.285,366,1788.856
2026-07-27 14:25:34.285,351,1715.543
2026-07-27 14:25:34.285,336,1642.229
2026-07-27 14:25:34.285,326,1593.353
2026-07-27 14:25:34.288,317,1549.365
2026-07-27 14:25:34.315,308,1505.376
2026-07-27 14:25:34.315,300,1466.276
2026-07-27 14:25:34.315,298,1456.5
2026-07-27 14:25:34.315,299,1461.388
2026-07-27 14:25:34.315,296,1446.725
2026-07-27 14:25:34.319,293,1432.063
2026-07-27 14:25:34.347,292,1427.175
2026-07-27 14:25:34.347,292,1427.175
2026-07-27 14:25:34.347,293,1432.063
2026-07-27 14:25:34.347,293,1432.063
2026-07-27 14:25:34.347,295,1441.838
2026-07-27 14:25:34.350,297,1451.613
2026-07-27 14:25:34.378,298,1456.5
2026-07-27 14:25:34.378,297,1451.613
2026-07-27 14:25:34.378,298,1456.5
2026-07-27 14:25:34.378,299,1461.388
2026-07-27 14:25:34.385,300,1466.276
2026-07-27 14:25:34.385,299,1461.388
2026-07-27 14:25:34.387,300,1466.276
2026-07-27 14:25:34.426,301,1471.163
2026-07-27 14:25:34.426,302,1476.051
2026-07-27 14:25:34.426,301,1471.163
2026-07-27 14:25:34.427,303,1480.938
2026-07-27 14:25:34.427,304,1485.826
2026-07-27 14:25:34.427,305,1490.714
2026-07-27 14:25:34.427,305,1490.714
2026-07-27 14:25:34.428,307,1500.489
2026-07-27 14:25:34.458,307,1500.489
2026-07-27 14:25:34.458,308,1505.376
2026-07-27 14:25:34.459,308,1505.376
2026-07-27 14:25:34.459,309,1510.264
2026-07-27 14:25:34.459,308,1505.376
2026-07-27 14:25:34.460,307,1500.489
2026-07-27 14:25:34.489,310,1515.152
2026-07-27 14:25:34.489,312,1524.927
2026-07-27 14:25:34.489,312,1524.927
2026-07-27 14:25:34.489,311,1520.039
2026-07-27 14:25:34.490,312,1524.927
2026-07-27 14:25:34.491,314,1534.702
2026-07-27 14:25:34.520,314,1534.702
2026-07-27 14:25:34.520,313,1529.814
2026-07-27 14:25:34.520,316,1544.477
2026-07-27 14:25:34.520,316,1544.477
2026-07-27 14:25:34.520,316,1544.477
2026-07-27 14:25:34.522,315,1539.589
2026-07-27 14:25:34.551,317,1549.365
2026-07-27 14:25:34.551,320,1564.027
2026-07-27 14:25:34.552,318,1554.252
2026-07-27 14:25:34.552,318,1554.252
2026-07-27 14:25:34.552,320,1564.027
2026-07-27 14:25:34.553,323,1578.69
2026-07-27 14:25:34.582,323,1578.69
2026-07-27 14:25:34.583,323,1578.69
2026-07-27 14:25:34.583,324,1583.578
2026-07-27 14:25:34.583,325,1588.465
2026-07-27 14:25:34.584,325,1588.465
2026-07-27 14:25:34.587,324,1583.578
2026-07-27 14:25:34.589,326,1593.353
2026-07-27 14:25:34.629,328,1603.128
2026-07-27 14:25:34.630,329,1608.016
2026-07-27 14:25:34.630,329,1608.016
2026-07-27 14:25:34.630,329,1608.016
2026-07-27 14:25:34.630,330,1612.903
2026-07-27 14:25:34.630,331,1617.791
2026-07-27 14:25:34.630,331,1617.791
2026-07-27 14:25:34.631,332,1622.678
2026-07-27 14:25:34.660,333,1627.566
2026-07-27 14:25:34.660,335,1637.341
2026-07-27 14:25:34.661,336,1642.229
2026-07-27 14:25:34.661,337,1647.116
2026-07-27 14:25:34.661,338,1652.004
2026-07-27 14:25:34.662,338,1652.004
2026-07-27 14:25:34.691,339,1656.891
2026-07-27 14:25:34.691,341,1666.667
2026-07-27 14:25:34.691,342,1671.554
2026-07-27 14:25:34.691,344,1681.329
2026-07-27 14:25:34.691,343,1676.442
2026-07-27 14:25:34.694,347,1695.992
2026-07-27 14:25:34.722,346,1691.105
2026-07-27 14:25:34.722,344,1681.329
2026-07-27 14:25:34.722,345,1686.217
2026-07-27 14:25:34.722,349,1705.767
2026-07-27 14:25:34.722,347,1695.992
2026-07-27 14:25:34.725,344,1681.329
2026-07-27 14:25:34.752,346,1691.105
2026-07-27 14:25:34.752,349,1705.767
2026-07-27 14:25:34.752,347,1695.992
2026-07-27 14:25:34.753,345,1686.217
2026-07-27 14:25:34.753,348,1700.88
2026-07-27 14:25:34.783,350,1710.655
2026-07-27 14:25:34.787,350,1710.655
2026-07-27 14:25:34.787,350,1710.655
2026-07-27 14:25:34.787,354,1730.205
2026-07-27 14:25:34.787,356,1739.98
2026-07-27 14:25:34.794,356,1739.98
2026-07-27 14:25:34.794,355,1735.093
2026-07-27 14:25:34.794,360,1759.531
2026-07-27 14:25:34.831,364,1779.081
2026-07-27 14:25:34.831,364,1779.081
2026-07-27 14:25:34.831,361,1764.418
2026-07-27 14:25:34.831,361,1764.418
2026-07-27 14:25:34.831,361,1764.418
2026-07-27 14:25:34.831,357,1744.868
2026-07-27 14:25:34.832,356,1739.98
2026-07-27 14:25:34.834,354,1730.205
2026-07-27 14:25:34.861,352,1720.43
2026-07-27 14:25:34.862,352,1720.43
2026-07-27 14:25:34.862,352,1720.43
2026-07-27 14:25:34.862,355,1735.093
2026-07-27 14:25:34.862,356,1739.98
2026-07-27 14:25:34.865,357,1744.868
2026-07-27 14:25:34.894,358,1749.756
2026-07-27 14:25:34.894,362,1769.306
2026-07-27 14:25:34.894,372,1818.182
2026-07-27 14:25:34.894,380,1857.283
2026-07-27 14:25:34.894,405,1979.472
2026-07-27 14:25:34.925,451,2204.301
2026-07-27 14:25:34.925,495,2419.355
2026-07-27 14:25:34.926,471,2302.053
2026-07-27 14:25:34.926,364,1779.081
2026-07-27 14:25:34.926,273,1334.311
2026-07-27 14:25:34.926,229,1119.257
2026-07-27 14:25:34.929,269,1314.761
2026-07-27 14:25:34.933,324,1583.578
2026-07-27 14:25:34.972,357,1744.868
2026-07-27 14:25:34.972,368,1798.631
2026-07-27 14:25:34.972,372,1818.182
2026-07-27 14:25:34.972,374,1827.957
2026-07-27 14:25:34.973,371,1813.294
2026-07-27 14:25:34.973,364,1779.081
2026-07-27 14:25:34.973,362,1769.306
2026-07-27 14:25:34.975,367,1793.744
2026-07-27 14:25:35.003,371,1813.294
2026-07-27 14:25:35.003,369,1803.519
2026-07-27 14:25:35.003,368,1798.631
2026-07-27 14:25:35.003,369,1803.519
2026-07-27 14:25:35.003,372,1818.182
2026-07-27 14:25:35.006,371,1813.294
2026-07-27 14:25:35.034,370,1808.407
2026-07-27 14:25:35.034,373,1823.069
2026-07-27 14:25:35.034,375,1832.845
2026-07-27 14:25:35.034,374,1827.957
2026-07-27 14:25:35.035,372,1818.182
2026-07-27 14:25:35.037,374,1827.957
2026-07-27 14:25:35.065,376,1837.732
2026-07-27 14:25:35.065,375,1832.845
2026-07-27 14:25:35.065,375,1832.845
2026-07-27 14:25:35.065,377,1842.62
2026-07-27 14:25:35.066,378,1847.507
2026-07-27 14:25:35.068,380,1857.283
2026-07-27 14:25:35.096,383,1871.945
2026-07-27 14:25:35.097,387,1891.496
2026-07-27 14:25:35.097,394,1925.709
2026-07-27 14:25:35.097,399,1950.147
2026-07-27 14:25:35.097,403,1969.697
2026-07-27 14:25:35.099,411,2008.798
2026-07-27 14:25:35.128,420,2052.786
2026-07-27 14:25:35.128,425,2077.224
2026-07-27 14:25:35.128,430,2101.662
2026-07-27 14:25:35.128,435,2126.1
2026-07-27 14:25:35.128,438,2140.762
2026-07-27 14:25:35.130,436,2130.987
2026-07-27 14:25:35.174,429,2096.774
2026-07-27 14:25:35.174,421,2057.674
2026-07-27 14:25:35.174,404,1974.585
2026-07-27 14:25:35.175,387,1891.496
2026-07-27 14:25:35.175,369,1803.519
2026-07-27 14:25:35.175,357,1744.868
2026-07-27 14:25:35.175,345,1686.217
2026-07-27 14:25:35.175,335,1637.341
2026-07-27 14:25:35.220,329,1608.016
2026-07-27 14:25:35.220,325,1588.465
2026-07-27 14:25:35.220,321,1568.915
2026-07-27 14:25:35.220,316,1544.477
2026-07-27 14:25:35.220,312,1524.927
2026-07-27 14:25:35.221,314,1534.702
2026-07-27 14:25:35.221,313,1529.814
2026-07-27 14:25:35.221,310,1515.152
2026-07-27 14:25:35.221,311,1520.039
2026-07-27 14:25:35.224,315,1539.589
2026-07-27 14:25:35.266,313,1529.814
2026-07-27 14:25:35.266,313,1529.814
2026-07-27 14:25:35.266,314,1534.702
2026-07-27 14:25:35.267,318,1554.252
2026-07-27 14:25:35.267,316,1544.477
2026-07-27 14:25:35.267,314,1534.702
2026-07-27 14:25:35.267,316,1544.477
2026-07-27 14:25:35.267,317,1549.365
2026-07-27 14:25:35.271,316,1544.477
2026-07-27 14:25:35.313,314,1534.702
2026-07-27 14:25:35.316,316,1544.477
2026-07-27 14:25:35.316,317,1549.365
2026-07-27 14:25:35.316,316,1544.477
2026-07-27 14:25:35.316,316,1544.477
2026-07-27 14:25:35.316,318,1554.252
2026-07-27 14:25:35.316,320,1564.027
2026-07-27 14:25:35.317,320,1564.027
2026-07-27 14:25:35.318,318,1554.252
2026-07-27 14:25:35.359,317,1549.365
2026-07-27 14:25:35.360,322,1573.803
2026-07-27 14:25:35.360,320,1564.027
2026-07-27 14:25:35.360,317,1549.365
2026-07-27 14:25:35.361,320,1564.027
2026-07-27 14:25:35.361,320,1564.027
2026-07-27 14:25:35.361,320,1564.027
2026-07-27 14:25:35.361,320,1564.027
2026-07-27 14:25:35.364,321,1568.915
2026-07-27 14:25:35.406,320,1564.027
2026-07-27 14:25:35.406,320,1564.027
2026-07-27 14:25:35.406,321,1568.915
2026-07-27 14:25:35.407,322,1573.803
2026-07-27 14:25:35.407,320,1564.027
2026-07-27 14:25:35.407,320,1564.027
2026-07-27 14:25:35.407,319,1559.14
2026-07-27 14:25:35.407,320,1564.027
2026-07-27 14:25:35.453,320,1564.027
2026-07-27 14:25:35.453,320,1564.027
2026-07-27 14:25:35.453,320,1564.027
2026-07-27 14:25:35.453,321,1568.915
2026-07-27 14:25:35.453,322,1573.803
2026-07-27 14:25:35.453,321,1568.915
2026-07-27 14:25:35.454,320,1564.027
2026-07-27 14:25:35.454,322,1573.803
2026-07-27 14:25:35.457,321,1568.915
2026-07-27 14:25:35.458,320,1564.027
2026-07-27 14:25:35.499,319,1559.14
2026-07-27 14:25:35.499,321,1568.915
2026-07-27 14:25:35.500,318,1554.252
2026-07-27 14:25:35.500,317,1549.365
2026-07-27 14:25:35.500,319,1559.14
2026-07-27 14:25:35.500,320,1564.027
2026-07-27 14:25:35.500,319,1559.14
2026-07-27 14:25:35.506,320,1564.027
2026-07-27 14:25:35.506,320,1564.027
2026-07-27 14:25:35.510,321,1568.915
2026-07-27 14:25:35.562,317,1549.365
2026-07-27 14:25:35.562,315,1539.589
2026-07-27 14:25:35.562,316,1544.477
2026-07-27 14:25:35.562,317,1549.365
2026-07-27 14:25:35.562,315,1539.589
2026-07-27 14:25:35.563,312,1524.927
2026-07-27 14:25:35.563,313,1529.814
2026-07-27 14:25:35.563,316,1544.477
2026-07-27 14:25:35.563,315,1539.589
2026-07-27 14:25:35.563,313,1529.814
2026-07-27 14:25:35.567,315,1539.589
2026-07-27 14:25:35.608,317,1549.365
2026-07-27 14:25:35.609,316,1544.477
2026-07-27 14:25:35.609,314,1534.702
2026-07-27 14:25:35.609,315,1539.589
2026-07-27 14:25:35.609,314,1534.702
2026-07-27 14:25:35.609,314,1534.702
2026-07-27 14:25:35.609,315,1539.589
2026-07-27 14:25:35.609,315,1539.589
2026-07-27 14:25:35.657,314,1534.702
2026-07-27 14:25:35.657,314,1534.702
2026-07-27 14:25:35.657,315,1539.589
2026-07-27 14:25:35.657,314,1534.702
2026-07-27 14:25:35.657,314,1534.702
2026-07-27 14:25:35.658,314,1534.702
2026-07-27 14:25:35.658,313,1529.814
2026-07-27 14:25:35.658,311,1520.039
2026-07-27 14:25:35.658,311,1520.039
2026-07-27 14:25:35.661,311,1520.039
2026-07-27 14:25:35.704,310,1515.152
2026-07-27 14:25:35.704,312,1524.927
2026-07-27 14:25:35.705,313,1529.814
2026-07-27 14:25:35.705,313,1529.814
2026-07-27 14:25:35.706,313,1529.814
2026-07-27 14:25:35.706,314,1534.702
2026-07-27 14:25:35.706,312,1524.927
2026-07-27 14:25:35.707,312,1524.927
2026-07-27 14:25:35.766,312,1524.927
2026-07-27 14:25:35.766,314,1534.702
2026-07-27 14:25:35.766,312,1524.927
2026-07-27 14:25:35.766,310,1515.152
2026-07-27 14:25:35.766,310,1515.152
2026-07-27 14:25:35.767,314,1534.702
2026-07-27 14:25:35.767,315,1539.589
2026-07-27 14:25:35.767,314,1534.702
2026-07-27 14:25:35.767,315,1539.589
2026-07-27 14:25:35.767,322,1573.803
2026-07-27 14:25:35.767,321,1568.915
2026-07-27 14:25:35.767,320,1564.027
2026-07-27 14:25:35.770,319,1559.14
2026-07-27 14:25:35.812,320,1564.027
2026-07-27 14:25:35.812,315,1539.589
2026-07-27 14:25:35.812,313,1529.814
2026-07-27 14:25:35.812,314,1534.702
2026-07-27 14:25:35.813,311,1520.039
2026-07-27 14:25:35.816,309,1510.264
2026-07-27 14:25:35.816,308,1505.376
2026-07-27 14:25:35.816,309,1510.264
2026-07-27 14:25:35.818,311,1520.039
2026-07-27 14:25:35.823,310,1515.152
2026-07-27 14:25:35.873,311,1520.039
2026-07-27 14:25:35.874,315,1539.589
2026-07-27 14:25:35.874,324,1583.578
2026-07-27 14:25:35.874,333,1627.566
2026-07-27 14:25:35.874,346,1691.105
2026-07-27 14:25:35.874,385,1881.72
2026-07-27 14:25:35.874,438,2140.762
2026-07-27 14:25:35.875,469,2292.278
2026-07-27 14:25:35.875,395,1930.596
2026-07-27 14:25:35.876,271,1324.536
2026-07-27 14:25:35.879,194,948.192
2026-07-27 14:25:35.920,196,957.967
2026-07-27 14:25:35.920,254,1241.447
2026-07-27 14:25:35.921,297,1451.613
2026-07-27 14:25:35.921,313,1529.814
2026-07-27 14:25:35.921,322,1573.803
2026-07-27 14:25:35.921,328,1603.128
2026-07-27 14:25:35.921,329,1608.016
2026-07-27 14:25:35.921,325,1588.465
2026-07-27 14:25:35.967,321,1568.915
2026-07-27 14:25:35.967,323,1578.69
2026-07-27 14:25:35.967,323,1578.69
2026-07-27 14:25:35.967,324,1583.578
2026-07-27 14:25:35.967,326,1593.353
2026-07-27 14:25:35.967,326,1593.353
2026-07-27 14:25:35.968,326,1593.353
2026-07-27 14:25:35.968,325,1588.465
2026-07-27 14:25:35.968,326,1593.353
2026-07-27 14:25:36.013,325,1588.465
2026-07-27 14:25:36.013,328,1603.128
2026-07-27 14:25:36.013,328,1603.128
2026-07-27 14:25:36.013,330,1612.903
2026-07-27 14:25:36.013,331,1617.791
2026-07-27 14:25:36.014,333,1627.566
2026-07-27 14:25:36.014,334,1632.454
2026-07-27 14:25:36.014,336,1642.229
2026-07-27 14:25:36.018,339,1656.891
2026-07-27 14:25:36.020,344,1681.329
2026-07-27 14:25:36.058,344,1681.329
2026-07-27 14:25:36.059,344,1681.329
2026-07-27 14:25:36.059,351,1715.543
2026-07-27 14:25:36.059,358,1749.756
2026-07-27 14:25:36.059,364,1779.081
2026-07-27 14:25:36.059,368,1798.631
2026-07-27 14:25:36.059,377,1842.62
2026-07-27 14:25:36.061,386,1886.608
2026-07-27 14:25:36.105,392,1915.934
2026-07-27 14:25:36.106,395,1930.596
2026-07-27 14:25:36.106,399,1950.147
2026-07-27 14:25:36.106,403,1969.697
2026-07-27 14:25:36.106,403,1969.697
2026-07-27 14:25:36.107,398,1945.259
2026-07-27 14:25:36.107,392,1915.934
2026-07-27 14:25:36.107,379,1852.395
2026-07-27 14:25:36.109,362,1769.306
2026-07-27 14:25:36.114,345,1686.217
2026-07-27 14:25:36.152,330,1612.903
2026-07-27 14:25:36.152,320,1564.027
2026-07-27 14:25:36.153,310,1515.152
2026-07-27 14:25:36.153,302,1476.051
2026-07-27 14:25:36.153,296,1446.725
2026-07-27 14:25:36.153,292,1427.175
2026-07-27 14:25:36.153,289,1412.512
2026-07-27 14:25:36.155,286,1397.849
2026-07-27 14:25:36.198,287,1402.737
2026-07-27 14:25:36.199,287,1402.737
2026-07-27 14:25:36.199,286,1397.849
2026-07-27 14:25:36.199,284,1388.074
2026-07-27 14:25:36.199,286,1397.849
2026-07-27 14:25:36.199,288,1407.625
2026-07-27 14:25:36.199,290,1417.4
2026-07-27 14:25:36.200,291,1422.287
2026-07-27 14:25:36.202,291,1422.287
2026-07-27 14:25:36.245,291,1422.287
2026-07-27 14:25:36.245,292,1427.175
2026-07-27 14:25:36.245,291,1422.287
2026-07-27 14:25:36.245,295,1441.838
2026-07-27 14:25:36.246,294,1436.95
2026-07-27 14:25:36.246,293,1432.063
2026-07-27 14:25:36.246,294,1436.95
2026-07-27 14:25:36.246,298,1456.5
2026-07-27 14:25:36.292,298,1456.5
2026-07-27 14:25:36.292,296,1446.725
2026-07-27 14:25:36.292,297,1451.613
2026-07-27 14:25:36.292,301,1471.163
2026-07-27 14:25:36.292,300,1466.276
2026-07-27 14:25:36.293,298,1456.5
2026-07-27 14:25:36.293,300,1466.276
2026-07-27 14:25:36.293,303,1480.938
2026-07-27 14:25:36.293,304,1485.826
2026-07-27 14:25:36.295,303,1480.938
2026-07-27 14:25:36.339,304,1485.826
2026-07-27 14:25:36.339,306,1495.601
2026-07-27 14:25:36.340,304,1485.826
2026-07-27 14:25:36.340,303,1480.938
2026-07-27 14:25:36.344,307,1500.489
2026-07-27 14:25:36.344,308,1505.376
2026-07-27 14:25:36.344,308,1505.376
2026-07-27 14:25:36.344,308,1505.376
2026-07-27 14:25:36.344,310,1515.152
2026-07-27 14:25:36.347,310,1515.152
2026-07-27 14:25:36.386,308,1505.376
2026-07-27 14:25:36.386,306,1495.601
2026-07-27 14:25:36.386,308,1505.376
2026-07-27 14:25:36.387,310,1515.152
2026-07-27 14:25:36.387,307,1500.489
2026-07-27 14:25:36.387,306,1495.601
2026-07-27 14:25:36.388,310,1515.152
2026-07-27 14:25:36.389,311,1520.039
2026-07-27 14:25:36.432,312,1524.927
2026-07-27 14:25:36.432,312,1524.927
2026-07-27 14:25:36.433,312,1524.927
2026-07-27 14:25:36.433,314,1534.702
2026-07-27 14:25:36.433,315,1539.589
2026-07-27 14:25:36.433,316,1544.477
2026-07-27 14:25:36.433,316,1544.477
2026-07-27 14:25:36.433,314,1534.702
2026-07-27 14:25:36.436,316,1544.477
2026-07-27 14:25:36.479,317,1549.365
2026-07-27 14:25:36.479,319,1559.14
2026-07-27 14:25:36.480,320,1564.027
2026-07-27 14:25:36.480,319,1559.14
2026-07-27 14:25:36.480,321,1568.915
2026-07-27 14:25:36.480,323,1578.69
2026-07-27 14:25:36.480,323,1578.69
2026-07-27 14:25:36.481,322,1573.803
2026-07-27 14:25:36.525,321,1568.915
2026-07-27 14:25:36.526,325,1588.465
2026-07-27 14:25:36.526,324,1583.578
2026-07-27 14:25:36.526,324,1583.578
2026-07-27 14:25:36.526,324,1583.578
2026-07-27 14:25:36.526,325,1588.465
2026-07-27 14:25:36.526,325,1588.465
2026-07-27 14:25:36.526,323,1578.69
2026-07-27 14:25:36.527,323,1578.69
2026-07-27 14:25:36.529,328,1603.128
2026-07-27 14:25:36.571,327,1598.24
2026-07-27 14:25:36.571,325,1588.465
2026-07-27 14:25:36.571,325,1588.465
2026-07-27 14:25:36.572,328,1603.128
2026-07-27 14:25:36.572,328,1603.128
2026-07-27 14:25:36.572,327,1598.24
2026-07-27 14:25:36.572,327,1598.24
2026-07-27 14:25:36.572,330,1612.903
2026-07-27 14:25:36.576,329,1608.016
2026-07-27 14:25:36.617,328,1603.128
2026-07-27 14:25:36.618,329,1608.016
2026-07-27 14:25:36.618,332,1622.678
2026-07-27 14:25:36.618,332,1622.678
2026-07-27 14:25:36.618,330,1612.903
2026-07-27 14:25:36.618,330,1612.903
2026-07-27 14:25:36.619,331,1617.791
2026-07-27 14:25:36.619,331,1617.791
2026-07-27 14:25:36.665,329,1608.016
2026-07-27 14:25:36.665,330,1612.903
2026-07-27 14:25:36.665,329,1608.016
2026-07-27 14:25:36.665,329,1608.016
2026-07-27 14:25:36.665,329,1608.016
2026-07-27 14:25:36.665,329,1608.016
2026-07-27 14:25:36.665,329,1608.016
2026-07-27 14:25:36.666,328,1603.128
2026-07-27 14:25:36.671,327,1598.24
2026-07-27 14:25:36.671,330,1612.903
2026-07-27 14:25:36.675,330,1612.903
2026-07-27 14:25:36.711,330,1612.903
2026-07-27 14:25:36.712,328,1603.128
2026-07-27 14:25:36.712,330,1612.903
2026-07-27 14:25:36.712,331,1617.791
2026-07-27 14:25:36.712,331,1617.791
2026-07-27 14:25:36.712,331,1617.791
2026-07-27 14:25:36.712,334,1632.454
2026-07-27 14:25:36.717,334,1632.454
2026-07-27 14:25:36.758,335,1637.341
2026-07-27 14:25:36.758,338,1652.004
2026-07-27 14:25:36.758,343,1676.442
2026-07-27 14:25:36.759,344,1681.329
2026-07-27 14:25:36.759,344,1681.329
2026-07-27 14:25:36.759,343,1676.442
2026-07-27 14:25:36.759,341,1666.667
2026-07-27 14:25:36.763,337,1647.116
2026-07-27 14:25:36.765,336,1642.229
2026-07-27 14:25:36.770,337,1647.116
2026-07-27 14:25:36.775,335,1637.341
2026-07-27 14:25:36.779,332,1622.678
2026-07-27 14:25:36.821,331,1617.791
2026-07-27 14:25:36.821,336,1642.229
2026-07-27 14:25:36.821,338,1652.004
2026-07-27 14:25:36.821,338,1652.004
2026-07-27 14:25:36.821,338,1652.004
2026-07-27 14:25:36.821,343,1676.442
2026-07-27 14:25:36.821,355,1735.093
2026-07-27 14:25:36.867,364,1779.081
2026-07-27 14:25:36.867,385,1881.72
2026-07-27 14:25:36.867,430,2101.662
2026-07-27 14:25:36.867,478,2336.266
2026-07-27 14:25:36.871,470,2297.165
2026-07-27 14:25:36.871,359,1754.643
2026-07-27 14:25:36.871,256,1251.222
2026-07-27 14:25:36.872,211,1031.281
2026-07-27 14:25:36.872,250,1221.896
2026-07-27 14:25:36.875,305,1490.714
2026-07-27 14:25:36.875,334,1632.454
2026-07-27 14:25:36.878,345,1686.217
2026-07-27 14:25:36.914,352,1720.43
2026-07-27 14:25:36.914,355,1735.093
2026-07-27 14:25:36.914,353,1725.318
2026-07-27 14:25:36.915,348,1700.88
2026-07-27 14:25:36.915,348,1700.88
2026-07-27 14:25:36.915,350,1710.655
2026-07-27 14:25:36.916,353,1725.318
2026-07-27 14:25:36.920,353,1725.318
2026-07-27 14:25:36.960,352,1720.43
2026-07-27 14:25:36.960,352,1720.43
2026-07-27 14:25:36.960,352,1720.43
2026-07-27 14:25:36.961,353,1725.318
2026-07-27 14:25:36.961,354,1730.205
2026-07-27 14:25:36.961,354,1730.205
2026-07-27 14:25:36.961,355,1735.093
2026-07-27 14:25:36.992,355,1735.093
2026-07-27 14:25:36.992,356,1739.98
2026-07-27 14:25:36.992,357,1744.868
2026-07-27 14:25:36.992,357,1744.868
2026-07-27 14:25:36.992,357,1744.868
2026-07-27 14:25:36.992,357,1744.868
2026-07-27 14:25:36.995,359,1754.643
2026-07-27 14:25:36.997,363,1774.194
2026-07-27 14:25:37.039,365,1783.969
2026-07-27 14:25:37.039,366,1788.856
2026-07-27 14:25:37.039,369,1803.519
2026-07-27 14:25:37.039,376,1837.732
2026-07-27 14:25:37.039,381,1862.17
2026-07-27 14:25:37.039,388,1896.383
2026-07-27 14:25:37.039,396,1935.484
2026-07-27 14:25:37.039,402,1964.809
2026-07-27 14:25:37.069,404,1974.585
2026-07-27 14:25:37.069,409,1999.022
2026-07-27 14:25:37.069,415,2028.348
2026-07-27 14:25:37.069,417,2038.123
2026-07-27 14:25:37.070,415,2028.348
2026-07-27 14:25:37.070,408,1994.135
2026-07-27 14:25:37.100,400,1955.034
2026-07-27 14:25:37.100,387,1891.496
2026-07-27 14:25:37.100,369,1803.519
2026-07-27 14:25:37.100,352,1720.43
2026-07-27 14:25:37.100,339,1656.891
2026-07-27 14:25:37.101,328,1603.128
2026-07-27 14:25:37.130,318,1554.252
2026-07-27 14:25:37.130,310,1515.152
2026-07-27 14:25:37.130,304,1485.826
2026-07-27 14:25:37.130,301,1471.163
2026-07-27 14:25:37.131,300,1466.276
2026-07-27 14:25:37.133,297,1451.613
2026-07-27 14:25:37.177,295,1441.838
2026-07-27 14:25:37.177,295,1441.838
2026-07-27 14:25:37.177,294,1436.95
2026-07-27 14:25:37.177,293,1432.063
2026-07-27 14:25:37.177,293,1432.063
2026-07-27 14:25:37.177,295,1441.838
2026-07-27 14:25:37.178,297,1451.613
2026-07-27 14:25:37.178,299,1461.388
2026-07-27 14:25:37.180,304,1485.826
2026-07-27 14:25:37.207,307,1500.489
2026-07-27 14:25:37.208,307,1500.489
2026-07-27 14:25:37.208,305,1490.714
2026-07-27 14:25:37.208,302,1476.051
2026-07-27 14:25:37.208,301,1471.163
2026-07-27 14:25:37.211,297,1451.613
2026-07-27 14:25:37.239,293,1432.063
2026-07-27 14:25:37.239,297,1451.613
2026-07-27 14:25:37.239,309,1510.264
2026-07-27 14:25:37.239,322,1573.803
2026-07-27 14:25:37.241,325,1588.465
2026-07-27 14:25:37.243,323,1578.69
2026-07-27 14:25:37.247,320,1564.027
2026-07-27 14:25:37.284,316,1544.477
2026-07-27 14:25:37.284,315,1539.589
2026-07-27 14:25:37.285,319,1559.14
2026-07-27 14:25:37.285,320,1564.027
2026-07-27 14:25:37.285,320,1564.027
2026-07-27 14:25:37.285,320,1564.027
2026-07-27 14:25:37.285,322,1573.803
2026-07-27 14:25:37.289,320,1564.027
2026-07-27 14:25:37.315,321,1568.915
2026-07-27 14:25:37.316,324,1583.578
2026-07-27 14:25:37.316,326,1593.353
2026-07-27 14:25:37.316,324,1583.578
2026-07-27 14:25:37.316,322,1573.803
2026-07-27 14:25:37.320,325,1588.465
2026-07-27 14:25:37.346,325,1588.465
2026-07-27 14:25:37.346,323,1578.69
2026-07-27 14:25:37.346,321,1568.915
2026-07-27 14:25:37.346,323,1578.69
2026-07-27 14:25:37.347,323,1578.69
2026-07-27 14:25:37.392,320,1564.027
2026-07-27 14:25:37.393,321,1568.915
2026-07-27 14:25:37.396,325,1588.465
2026-07-27 14:25:37.396,324,1583.578
2026-07-27 14:25:37.397,324,1583.578
2026-07-27 14:25:37.397,323,1578.69
2026-07-27 14:25:37.397,322,1573.803
2026-07-27 14:25:37.397,323,1578.69
2026-07-27 14:25:37.399,324,1583.578
2026-07-27 14:25:37.400,324,1583.578
2026-07-27 14:25:37.403,325,1588.465
2026-07-27 14:25:37.454,327,1598.24
2026-07-27 14:25:37.454,325,1588.465
2026-07-27 14:25:37.454,320,1564.027
2026-07-27 14:25:37.454,317,1549.365
2026-07-27 14:25:37.455,320,1564.027
2026-07-27 14:25:37.455,328,1603.128
2026-07-27 14:25:37.455,327,1598.24
2026-07-27 14:25:37.455,322,1573.803
2026-07-27 14:25:37.455,320,1564.027
2026-07-27 14:25:37.456,326,1593.353
2026-07-27 14:25:37.500,324,1583.578
2026-07-27 14:25:37.501,326,1593.353
2026-07-27 14:25:37.501,332,1622.678
2026-07-27 14:25:37.501,335,1637.341
2026-07-27 14:25:37.501,336,1642.229
2026-07-27 14:25:37.502,337,1647.116
2026-07-27 14:25:37.502,333,1627.566
2026-07-27 14:25:37.502,332,1622.678
2026-07-27 14:25:37.502,331,1617.791
2026-07-27 14:25:37.546,335,1637.341
2026-07-27 14:25:37.547,332,1622.678
2026-07-27 14:25:37.547,330,1612.903
2026-07-27 14:25:37.547,332,1622.678
2026-07-27 14:25:37.547,333,1627.566
2026-07-27 14:25:37.547,330,1612.903
2026-07-27 14:25:37.548,328,1603.128
2026-07-27 14:25:37.548,330,1612.903
2026-07-27 14:25:37.594,337,1647.116
2026-07-27 14:25:37.594,336,1642.229
2026-07-27 14:25:37.594,333,1627.566
2026-07-27 14:25:37.595,332,1622.678
2026-07-27 14:25:37.595,333,1627.566
2026-07-27 14:25:37.595,332,1622.678
2026-07-27 14:25:37.595,333,1627.566
2026-07-27 14:25:37.595,335,1637.341
2026-07-27 14:25:37.596,338,1652.004
2026-07-27 14:25:37.596,332,1622.678
2026-07-27 14:25:37.640,330,1612.903
2026-07-27 14:25:37.640,334,1632.454
2026-07-27 14:25:37.641,339,1656.891
2026-07-27 14:25:37.641,337,1647.116
2026-07-27 14:25:37.641,335,1637.341
2026-07-27 14:25:37.641,338,1652.004
2026-07-27 14:25:37.641,340,1661.779
2026-07-27 14:25:37.642,339,1656.891
2026-07-27 14:25:37.642,338,1652.004
2026-07-27 14:25:37.686,340,1661.779
2026-07-27 14:25:37.687,342,1671.554
2026-07-27 14:25:37.687,341,1666.667
2026-07-27 14:25:37.687,340,1661.779
2026-07-27 14:25:37.687,342,1671.554
2026-07-27 14:25:37.687,343,1676.442
2026-07-27 14:25:37.688,343,1676.442
2026-07-27 14:25:37.688,339,1656.891
2026-07-27 14:25:37.689,345,1686.217
2026-07-27 14:25:37.733,348,1700.88
2026-07-27 14:25:37.733,349,1705.767
2026-07-27 14:25:37.734,349,1705.767
2026-07-27 14:25:37.734,351,1715.543
2026-07-27 14:25:37.734,351,1715.543
2026-07-27 14:25:37.734,353,1725.318
2026-07-27 14:25:37.735,354,1730.205
2026-07-27 14:25:37.735,351,1715.543
2026-07-27 14:25:37.736,348,1700.88
2026-07-27 14:25:37.779,348,1700.88
2026-07-27 14:25:37.779,345,1686.217
2026-07-27 14:25:37.779,347,1695.992
2026-07-27 14:25:37.780,344,1681.329
2026-07-27 14:25:37.780,342,1671.554
2026-07-27 14:25:37.780,343,1676.442
2026-07-27 14:25:37.780,349,1705.767
2026-07-27 14:25:37.780,349,1705.767
2026-07-27 14:25:37.783,348,1700.88
2026-07-27 14:25:37.825,353,1725.318
2026-07-27 14:25:37.826,370,1808.407
2026-07-27 14:25:37.826,377,1842.62
2026-07-27 14:25:37.826,406,1984.36
2026-07-27 14:25:37.826,457,2233.627
2026-07-27 14:25:37.826,488,2385.142
2026-07-27 14:25:37.826,423,2067.449
2026-07-27 14:25:37.827,306,1495.601
2026-07-27 14:25:37.830,237,1158.358
2026-07-27 14:25:37.873,225,1099.707
2026-07-27 14:25:37.873,273,1334.311
2026-07-27 14:25:37.873,315,1539.589
2026-07-27 14:25:37.873,339,1656.891
2026-07-27 14:25:37.873,348,1700.88
2026-07-27 14:25:37.873,356,1739.98
2026-07-27 14:25:37.873,353,1725.318
2026-07-27 14:25:37.874,350,1710.655
2026-07-27 14:25:37.876,349,1705.767
2026-07-27 14:25:37.882,348,1700.88
2026-07-27 14:25:37.920,346,1691.105
2026-07-27 14:25:37.920,348,1700.88
2026-07-27 14:25:37.920,349,1705.767
2026-07-27 14:25:37.921,348,1700.88
2026-07-27 14:25:37.921,347,1695.992
2026-07-27 14:25:37.921,348,1700.88
2026-07-27 14:25:37.921,349,1705.767
2026-07-27 14:25:37.923,347,1695.992
2026-07-27 14:25:37.967,345,1686.217
2026-07-27 14:25:37.967,346,1691.105
2026-07-27 14:25:37.967,348,1700.88
2026-07-27 14:25:37.967,347,1695.992
2026-07-27 14:25:37.968,345,1686.217
2026-07-27 14:25:37.968,348,1700.88
2026-07-27 14:25:37.968,349,1705.767
2026-07-27 14:25:37.968,350,1710.655
2026-07-27 14:25:37.970,351,1715.543
2026-07-27 14:25:38.013,354,1730.205
2026-07-27 14:25:38.013,356,1739.98
2026-07-27 14:25:38.013,357,1744.868
2026-07-27 14:25:38.013,359,1754.643
2026-07-27 14:25:38.014,367,1793.744
2026-07-27 14:25:38.014,374,1827.957
2026-07-27 14:25:38.014,380,1857.283
2026-07-27 14:25:38.014,386,1886.608
2026-07-27 14:25:38.060,397,1940.371
2026-07-27 14:25:38.061,402,1964.809
2026-07-27 14:25:38.062,406,1984.36
2026-07-27 14:25:38.062,408,1994.135
2026-07-27 14:25:38.062,412,2013.685
2026-07-27 14:25:38.063,409,1999.022
2026-07-27 14:25:38.063,402,1964.809
2026-07-27 14:25:38.063,393,1920.821
2026-07-27 14:25:38.064,382,1867.058
2026-07-27 14:25:38.064,361,1764.418
2026-07-27 14:25:38.106,342,1671.554
2026-07-27 14:25:38.106,327,1598.24
2026-07-27 14:25:38.106,315,1539.589
2026-07-27 14:25:38.106,307,1500.489
2026-07-27 14:25:38.106,296,1446.725
2026-07-27 14:25:38.106,294,1436.95
2026-07-27 14:25:38.107,294,1436.95
2026-07-27 14:25:38.107,293,1432.063
2026-07-27 14:25:38.110,289,1412.512
2026-07-27 14:25:38.152,286,1397.849
2026-07-27 14:25:38.152,286,1397.849
2026-07-27 14:25:38.153,287,1402.737
2026-07-27 14:25:38.153,288,1407.625
2026-07-27 14:25:38.153,290,1417.4
2026-07-27 14:25:38.153,291,1422.287
2026-07-27 14:25:38.153,291,1422.287
2026-07-27 14:25:38.153,290,1417.4
2026-07-27 14:25:38.158,290,1417.4
2026-07-27 14:25:38.198,292,1427.175
2026-07-27 14:25:38.199,292,1427.175
2026-07-27 14:25:38.199,290,1417.4
2026-07-27 14:25:38.199,294,1436.95
2026-07-27 14:25:38.199,296,1446.725
2026-07-27 14:25:38.199,297,1451.613
2026-07-27 14:25:38.199,294,1436.95
2026-07-27 14:25:38.200,294,1436.95
2026-07-27 14:25:38.246,297,1451.613
2026-07-27 14:25:38.246,299,1461.388
2026-07-27 14:25:38.246,299,1461.388
2026-07-27 14:25:38.246,299,1461.388
2026-07-27 14:25:38.246,301,1471.163
2026-07-27 14:25:38.246,300,1466.276
2026-07-27 14:25:38.247,298,1456.5
2026-07-27 14:25:38.247,301,1471.163
2026-07-27 14:25:38.248,303,1480.938
2026-07-27 14:25:38.251,305,1490.714
2026-07-27 14:25:38.293,303,1480.938
2026-07-27 14:25:38.293,303,1480.938
2026-07-27 14:25:38.293,305,1490.714
2026-07-27 14:25:38.293,306,1495.601
2026-07-27 14:25:38.293,308,1505.376
2026-07-27 14:25:38.293,309,1510.264
2026-07-27 14:25:38.294,307,1500.489
2026-07-27 14:25:38.294,305,1490.714
2026-07-27 14:25:38.298,307,1500.489
2026-07-27 14:25:38.340,310,1515.152
2026-07-27 14:25:38.340,309,1510.264
2026-07-27 14:25:38.340,307,1500.489
2026-07-27 14:25:38.341,307,1500.489
2026-07-27 14:25:38.341,308,1505.376
2026-07-27 14:25:38.341,307,1500.489
2026-07-27 14:25:38.341,308,1505.376
2026-07-27 14:25:38.341,310,1515.152
2026-07-27 14:25:38.345,310,1515.152
2026-07-27 14:25:38.388,310,1515.152
2026-07-27 14:25:38.388,307,1500.489
2026-07-27 14:25:38.388,310,1515.152
2026-07-27 14:25:38.388,312,1524.927
2026-07-27 14:25:38.388,311,1520.039
2026-07-27 14:25:38.388,310,1515.152
2026-07-27 14:25:38.388,312,1524.927
2026-07-27 14:25:38.388,312,1524.927
2026-07-27 14:25:38.434,311,1520.039
2026-07-27 14:25:38.434,311,1520.039
2026-07-27 14:25:38.437,312,1524.927
2026-07-27 14:25:38.437,313,1529.814
2026-07-27 14:25:38.437,314,1534.702
2026-07-27 14:25:38.437,313,1529.814
2026-07-27 14:25:38.438,313,1529.814
2026-07-27 14:25:38.438,315,1539.589
2026-07-27 14:25:38.438,315,1539.589
2026-07-27 14:25:38.439,315,1539.589
2026-07-27 14:25:38.480,317,1549.365
2026-07-27 14:25:38.481,316,1544.477
2026-07-27 14:25:38.481,315,1539.589
2026-07-27 14:25:38.481,314,1534.702
2026-07-27 14:25:38.481,315,1539.589
2026-07-27 14:25:38.481,314,1534.702
2026-07-27 14:25:38.481,314,1534.702
2026-07-27 14:25:38.481,316,1544.477
2026-07-27 14:25:38.485,318,1554.252
2026-07-27 14:25:38.528,315,1539.589
2026-07-27 14:25:38.528,316,1544.477
2026-07-27 14:25:38.528,316,1544.477
2026-07-27 14:25:38.528,317,1549.365
2026-07-27 14:25:38.528,320,1564.027
2026-07-27 14:25:38.528,322,1573.803
2026-07-27 14:25:38.529,322,1573.803
2026-07-27 14:25:38.532,322,1573.803
2026-07-27 14:25:38.576,324,1583.578
2026-07-27 14:25:38.577,324,1583.578
2026-07-27 14:25:38.577,321,1568.915
2026-07-27 14:25:38.577,323,1578.69
2026-07-27 14:25:38.577,321,1568.915
2026-07-27 14:25:38.577,324,1583.578
2026-07-27 14:25:38.577,327,1598.24
2026-07-27 14:25:38.577,327,1598.24
2026-07-27 14:25:38.577,326,1593.353
2026-07-27 14:25:38.579,328,1603.128
2026-07-27 14:25:38.621,330,1612.903
2026-07-27 14:25:38.621,332,1622.678
2026-07-27 14:25:38.621,332,1622.678
2026-07-27 14:25:38.621,328,1603.128
2026-07-27 14:25:38.621,325,1588.465
2026-07-27 14:25:38.621,324,1583.578
2026-07-27 14:25:38.622,323,1578.69
2026-07-27 14:25:38.622,322,1573.803
2026-07-27 14:25:38.625,327,1598.24
2026-07-27 14:25:38.667,329,1608.016
2026-07-27 14:25:38.667,330,1612.903
2026-07-27 14:25:38.667,328,1603.128
2026-07-27 14:25:38.668,327,1598.24
2026-07-27 14:25:38.668,324,1583.578
2026-07-27 14:25:38.669,324,1583.578
2026-07-27 14:25:38.669,323,1578.69
2026-07-27 14:25:38.670,324,1583.578
2026-07-27 14:25:38.714,328,1603.128
2026-07-27 14:25:38.714,329,1608.016
2026-07-27 14:25:38.714,329,1608.016
2026-07-27 14:25:38.714,329,1608.016
2026-07-27 14:25:38.714,332,1622.678
2026-07-27 14:25:38.715,334,1632.454
2026-07-27 14:25:38.715,335,1637.341
2026-07-27 14:25:38.715,334,1632.454
2026-07-27 14:25:38.715,334,1632.454
2026-07-27 14:25:38.719,331,1617.791
2026-07-27 14:25:38.760,327,1598.24
2026-07-27 14:25:38.761,325,1588.465
2026-07-27 14:25:38.761,322,1573.803
2026-07-27 14:25:38.761,318,1554.252
2026-07-27 14:25:38.761,318,1554.252
2026-07-27 14:25:38.761,321,1568.915
2026-07-27 14:25:38.761,322,1573.803
2026-07-27 14:25:38.762,322,1573.803
2026-07-27 14:25:38.806,322,1573.803
2026-07-27 14:25:38.806,325,1588.465
2026-07-27 14:25:38.806,330,1612.903
2026-07-27 14:25:38.807,339,1656.891
2026-07-27 14:25:38.807,347,1695.992
2026-07-27 14:25:38.807,374,1827.957
2026-07-27 14:25:38.807,418,2043.011
2026-07-27 14:25:38.807,472,2306.94
2026-07-27 14:25:38.809,458,2238.514
2026-07-27 14:25:38.813,341,1666.667
2026-07-27 14:25:38.854,232,1133.92
2026-07-27 14:25:38.854,186,909.091
2026-07-27 14:25:38.855,230,1124.145
2026-07-27 14:25:38.855,294,1436.95
2026-07-27 14:25:38.855,326,1593.353
2026-07-27 14:25:38.855,334,1632.454
2026-07-27 14:25:38.855,344,1681.329
2026-07-27 14:25:38.855,348,1700.88
2026-07-27 14:25:38.859,344,1681.329
2026-07-27 14:25:38.900,342,1671.554
2026-07-27 14:25:38.900,344,1681.329
2026-07-27 14:25:38.900,348,1700.88
2026-07-27 14:25:38.900,346,1691.105
2026-07-27 14:25:38.900,348,1700.88
2026-07-27 14:25:38.901,349,1705.767
2026-07-27 14:25:38.901,352,1720.43
2026-07-27 14:25:38.901,353,1725.318
2026-07-27 14:25:38.946,352,1720.43
2026-07-27 14:25:38.946,358,1749.756
2026-07-27 14:25:38.946,363,1774.194
2026-07-27 14:25:38.950,361,1764.418
2026-07-27 14:25:38.950,359,1754.643
2026-07-27 14:25:38.950,364,1779.081
2026-07-27 14:25:38.950,364,1779.081
2026-07-27 14:25:38.950,366,1788.856
2026-07-27 14:25:38.951,369,1803.519
2026-07-27 14:25:38.953,375,1832.845
2026-07-27 14:25:38.993,377,1842.62
2026-07-27 14:25:38.993,380,1857.283
2026-07-27 14:25:38.993,384,1876.833
2026-07-27 14:25:38.993,394,1925.709
2026-07-27 14:25:38.993,401,1959.922
2026-07-27 14:25:38.993,404,1974.585
2026-07-27 14:25:38.993,408,1994.135
2026-07-27 14:25:38.995,419,2047.898
2026-07-27 14:25:39.039,435,2126.1
2026-07-27 14:25:39.039,444,2170.088
2026-07-27 14:25:39.040,447,2184.751
2026-07-27 14:25:39.040,453,2214.076
2026-07-27 14:25:39.040,459,2243.402
2026-07-27 14:25:39.040,462,2258.065
2026-07-27 14:25:39.040,461,2253.177
2026-07-27 14:25:39.041,455,2223.851
2026-07-27 14:25:39.044,445,2174.976
2026-07-27 14:25:39.047,430,2101.662
2026-07-27 14:25:39.087,415,2028.348
2026-07-27 14:25:39.087,398,1945.259
2026-07-27 14:25:39.087,378,1847.507
2026-07-27 14:25:39.087,364,1779.081
2026-07-27 14:25:39.087,356,1739.98
2026-07-27 14:25:39.087,349,1705.767
2026-07-27 14:25:39.087,340,1661.779
2026-07-27 14:25:39.088,334,1632.454
2026-07-27 14:25:39.132,336,1642.229
2026-07-27 14:25:39.132,339,1656.891
2026-07-27 14:25:39.132,332,1622.678
2026-07-27 14:25:39.133,328,1603.128
2026-07-27 14:25:39.133,327,1598.24
2026-07-27 14:25:39.133,328,1603.128
2026-07-27 14:25:39.133,329,1608.016
2026-07-27 14:25:39.133,327,1598.24
2026-07-27 14:25:39.135,325,1588.465
2026-07-27 14:25:39.177,324,1583.578
2026-07-27 14:25:39.177,321,1568.915
2026-07-27 14:25:39.177,318,1554.252
2026-07-27 14:25:39.177,320,1564.027
2026-07-27 14:25:39.177,317,1549.365
2026-07-27 14:25:39.178,312,1524.927
2026-07-27 14:25:39.178,307,1500.489
2026-07-27 14:25:39.178,307,1500.489
2026-07-27 14:25:39.182,311,1520.039
2026-07-27 14:25:39.224,321,1568.915
2026-07-27 14:25:39.225,326,1593.353
2026-07-27 14:25:39.225,327,1598.24
2026-07-27 14:25:39.225,325,1588.465
2026-07-27 14:25:39.225,322,1573.803
2026-07-27 14:25:39.225,318,1554.252
2026-07-27 14:25:39.226,318,1554.252
2026-07-27 14:25:39.226,321,1568.915
2026-07-27 14:25:39.229,320,1564.027
2026-07-27 14:25:39.271,319,1559.14
2026-07-27 14:25:39.271,320,1564.027
2026-07-27 14:25:39.272,320,1564.027
2026-07-27 14:25:39.272,320,1564.027
2026-07-27 14:25:39.272,317,1549.365
2026-07-27 14:25:39.272,320,1564.027
2026-07-27 14:25:39.272,325,1588.465
2026-07-27 14:25:39.272,327,1598.24
2026-07-27 14:25:39.275,324,1583.578
2026-07-27 14:25:39.317,321,1568.915
2026-07-27 14:25:39.317,317,1549.365
2026-07-27 14:25:39.317,317,1549.365
2026-07-27 14:25:39.318,318,1554.252
2026-07-27 14:25:39.318,323,1578.69
2026-07-27 14:25:39.318,321,1568.915
2026-07-27 14:25:39.318,318,1554.252
2026-07-27 14:25:39.318,315,1539.589
2026-07-27 14:25:39.322,315,1539.589
2026-07-27 14:25:39.364,314,1534.702
2026-07-27 14:25:39.364,314,1534.702
2026-07-27 14:25:39.365,319,1559.14
2026-07-27 14:25:39.365,325,1588.465
2026-07-27 14:25:39.365,326,1593.353
2026-07-27 14:25:39.365,322,1573.803
2026-07-27 14:25:39.365,318,1554.252
2026-07-27 14:25:39.365,320,1564.027
2026-07-27 14:25:39.369,324,1583.578
2026-07-27 14:25:39.410,327,1598.24
2026-07-27 14:25:39.410,329,1608.016
2026-07-27 14:25:39.411,328,1603.128
2026-07-27 14:25:39.411,327,1598.24
2026-07-27 14:25:39.411,327,1598.24
2026-07-27 14:25:39.411,331,1617.791
2026-07-27 14:25:39.411,332,1622.678
2026-07-27 14:25:39.411,333,1627.566
2026-07-27 14:25:39.441,332,1622.678
2026-07-27 14:25:39.441,333,1627.566
2026-07-27 14:25:39.442,335,1637.341
2026-07-27 14:25:39.442,335,1637.341
2026-07-27 14:25:39.442,334,1632.454
2026-07-27 14:25:39.446,336,1642.229
2026-07-27 14:25:39.447,336,1642.229
2026-07-27 14:25:39.490,338,1652.004
2026-07-27 14:25:39.490,336,1642.229
2026-07-27 14:25:39.490,334,1632.454
2026-07-27 14:25:39.490,333,1627.566
2026-07-27 14:25:39.490,338,1652.004
2026-07-27 14:25:39.491,339,1656.891
2026-07-27 14:25:39.491,338,1652.004
2026-07-27 14:25:39.491,340,1661.779
2026-07-27 14:25:39.495,342,1671.554
2026-07-27 14:25:39.499,340,1661.779
2026-07-27 14:25:39.536,337,1647.116
2026-07-27 14:25:39.536,336,1642.229
2026-07-27 14:25:39.537,336,1642.229
2026-07-27 14:25:39.537,333,1627.566
2026-07-27 14:25:39.537,332,1622.678
2026-07-27 14:25:39.537,333,1627.566
2026-07-27 14:25:39.539,332,1622.678
2026-07-27 14:25:39.542,329,1608.016
2026-07-27 14:25:39.568,331,1617.791
2026-07-27 14:25:39.568,329,1608.016
2026-07-27 14:25:39.568,326,1593.353
2026-07-27 14:25:39.568,326,1593.353
2026-07-27 14:25:39.569,334,1632.454
2026-07-27 14:25:39.572,332,1622.678
2026-07-27 14:25:39.614,330,1612.903
2026-07-27 14:25:39.614,332,1622.678
2026-07-27 14:25:39.615,334,1632.454
2026-07-27 14:25:39.615,332,1622.678
2026-07-27 14:25:39.615,329,1608.016
2026-07-27 14:25:39.615,331,1617.791
2026-07-27 14:25:39.615,335,1637.341
2026-07-27 14:25:39.615,334,1632.454
2026-07-27 14:25:39.619,330,1612.903
2026-07-27 14:25:39.645,329,1608.016
2026-07-27 14:25:39.646,330,1612.903
2026-07-27 14:25:39.646,329,1608.016
2026-07-27 14:25:39.646,328,1603.128
2026-07-27 14:25:39.646,329,1608.016
2026-07-27 14:25:39.650,329,1608.016
2026-07-27 14:25:39.694,327,1598.24
2026-07-27 14:25:39.694,327,1598.24
2026-07-27 14:25:39.694,335,1637.341
2026-07-27 14:25:39.695,338,1652.004
2026-07-27 14:25:39.695,339,1656.891
2026-07-27 14:25:39.695,340,1661.779
2026-07-27 14:25:39.695,340,1661.779
2026-07-27 14:25:39.695,334,1632.454
2026-07-27 14:25:39.723,327,1598.24
2026-07-27 14:25:39.724,323,1578.69
2026-07-27 14:25:39.724,324,1583.578
2026-07-27 14:25:39.724,324,1583.578
2026-07-27 14:25:39.724,323,1578.69
2026-07-27 14:25:39.724,321,1568.915
2026-07-27 14:25:39.728,321,1568.915
2026-07-27 14:25:39.754,323,1578.69
2026-07-27 14:25:39.754,325,1588.465
2026-07-27 14:25:39.754,327,1598.24
2026-07-27 14:25:39.754,333,1627.566
2026-07-27 14:25:39.755,346,1691.105
2026-07-27 14:25:39.759,359,1754.643
2026-07-27 14:25:39.785,390,1906.158
2026-07-27 14:25:39.785,446,2179.863
2026-07-27 14:25:39.786,498,2434.018
2026-07-27 14:25:39.786,448,2189.638
2026-07-27 14:25:39.787,301,1471.163
2026-07-27 14:25:39.790,198,967.742
2026-07-27 14:25:39.833,175,855.327
2026-07-27 14:25:39.833,238,1163.245
2026-07-27 14:25:39.834,294,1436.95
2026-07-27 14:25:39.834,319,1559.14
2026-07-27 14:25:39.834,323,1578.69
2026-07-27 14:25:39.834,328,1603.128
2026-07-27 14:25:39.834,331,1617.791
2026-07-27 14:25:39.835,332,1622.678
2026-07-27 14:25:39.865,325,1588.465
2026-07-27 14:25:39.865,322,1573.803
2026-07-27 14:25:39.865,324,1583.578
2026-07-27 14:25:39.865,331,1617.791
2026-07-27 14:25:39.865,327,1598.24
2026-07-27 14:25:39.865,326,1593.353
2026-07-27 14:25:39.868,328,1603.128
2026-07-27 14:25:39.895,329,1608.016
2026-07-27 14:25:39.895,326,1593.353
2026-07-27 14:25:39.896,326,1593.353
2026-07-27 14:25:39.896,329,1608.016
2026-07-27 14:25:39.896,334,1632.454
2026-07-27 14:25:39.901,332,1622.678
2026-07-27 14:25:39.906,331,1617.791
2026-07-27 14:25:39.941,332,1622.678
2026-07-27 14:25:39.942,336,1642.229
2026-07-27 14:25:39.942,336,1642.229
2026-07-27 14:25:39.942,338,1652.004
2026-07-27 14:25:39.942,343,1676.442
2026-07-27 14:25:39.942,345,1686.217
2026-07-27 14:25:39.942,348,1700.88
2026-07-27 14:25:39.947,351,1715.543
2026-07-27 14:25:39.973,360,1759.531
2026-07-27 14:25:39.973,368,1798.631
2026-07-27 14:25:39.976,376,1837.732
2026-07-27 14:25:39.977,382,1867.058
2026-07-27 14:25:39.977,393,1920.821
2026-07-27 14:25:39.978,402,1964.809
2026-07-27 14:25:40.004,407,1989.247
2026-07-27 14:25:40.005,411,2008.798
2026-07-27 14:25:40.005,416,2033.236
2026-07-27 14:25:40.006,416,2033.236
2026-07-27 14:25:40.012,411,2008.798
2026-07-27 14:25:40.012,401,1959.922
2026-07-27 14:25:40.014,389,1901.271
2026-07-27 14:25:40.050,373,1823.069
2026-07-27 14:25:40.050,354,1730.205
2026-07-27 14:25:40.050,336,1642.229
2026-07-27 14:25:40.050,320,1564.027
2026-07-27 14:25:40.050,308,1505.376
2026-07-27 14:25:40.050,298,1456.5
2026-07-27 14:25:40.051,289,1412.512
2026-07-27 14:25:40.081,283,1383.187
2026-07-27 14:25:40.081,280,1368.524
2026-07-27 14:25:40.082,278,1358.749
2026-07-27 14:25:40.082,275,1344.086
2026-07-27 14:25:40.082,279,1363.636
2026-07-27 14:25:40.082,278,1358.749
2026-07-27 14:25:40.113,277,1353.861
2026-07-27 14:25:40.113,276,1348.974
2026-07-27 14:25:40.113,279,1363.636
2026-07-27 14:25:40.113,280,1368.524
2026-07-27 14:25:40.113,282,1378.299
2026-07-27 14:25:40.119,282,1378.299
2026-07-27 14:25:40.119,286,1397.849
2026-07-27 14:25:40.123,285,1392.962
2026-07-27 14:25:40.159,285,1392.962
2026-07-27 14:25:40.159,287,1402.737
2026-07-27 14:25:40.159,290,1417.4
2026-07-27 14:25:40.160,290,1417.4
2026-07-27 14:25:40.160,289,1412.512
2026-07-27 14:25:40.160,290,1417.4
2026-07-27 14:25:40.160,293,1432.063
2026-07-27 14:25:40.189,292,1427.175
2026-07-27 14:25:40.190,291,1422.287
2026-07-27 14:25:40.190,292,1427.175
2026-07-27 14:25:40.190,294,1436.95
2026-07-27 14:25:40.190,294,1436.95
2026-07-27 14:25:40.191,293,1432.063
2026-07-27 14:25:40.235,296,1446.725
2026-07-27 14:25:40.235,297,1451.613
2026-07-27 14:25:40.235,296,1446.725
2026-07-27 14:25:40.236,294,1436.95
2026-07-27 14:25:40.236,297,1451.613
2026-07-27 14:25:40.236,297,1451.613
2026-07-27 14:25:40.236,298,1456.5
2026-07-27 14:25:40.236,298,1456.5
2026-07-27 14:25:40.238,300,1466.276
2026-07-27 14:25:40.282,298,1456.5
2026-07-27 14:25:40.283,298,1456.5
2026-07-27 14:25:40.283,298,1456.5
2026-07-27 14:25:40.283,299,1461.388
2026-07-27 14:25:40.283,299,1461.388
2026-07-27 14:25:40.283,298,1456.5
2026-07-27 14:25:40.283,297,1451.613
2026-07-27 14:25:40.283,298,1456.5
2026-07-27 14:25:40.284,298,1456.5
2026-07-27 14:25:40.329,301,1471.163
2026-07-27 14:25:40.329,300,1466.276
2026-07-27 14:25:40.329,299,1461.388
2026-07-27 14:25:40.329,300,1466.276
2026-07-27 14:25:40.329,301,1471.163
2026-07-27 14:25:40.330,301,1471.163
2026-07-27 14:25:40.330,301,1471.163
2026-07-27 14:25:40.330,300,1466.276
2026-07-27 14:25:40.331,302,1476.051
2026-07-27 14:25:40.376,302,1476.051
2026-07-27 14:25:40.376,306,1495.601
2026-07-27 14:25:40.376,305,1490.714
2026-07-27 14:25:40.376,304,1485.826
2026-07-27 14:25:40.377,304,1485.826
2026-07-27 14:25:40.377,307,1500.489
2026-07-27 14:25:40.377,306,1495.601
2026-07-27 14:25:40.377,305,1490.714
2026-07-27 14:25:40.378,306,1495.601
2026-07-27 14:25:40.423,310,1515.152
2026-07-27 14:25:40.423,309,1510.264
2026-07-27 14:25:40.423,306,1495.601
2026-07-27 14:25:40.423,308,1505.376
2026-07-27 14:25:40.423,310,1515.152
2026-07-27 14:25:40.423,311,1520.039
2026-07-27 14:25:40.424,311,1520.039
2026-07-27 14:25:40.424,312,1524.927
2026-07-27 14:25:40.425,315,1539.589
2026-07-27 14:25:40.470,315,1539.589
2026-07-27 14:25:40.471,312,1524.927
2026-07-27 14:25:40.471,313,1529.814
2026-07-27 14:25:40.471,316,1544.477
2026-07-27 14:25:40.472,316,1544.477
2026-07-27 14:25:40.472,316,1544.477
2026-07-27 14:25:40.472,319,1559.14
2026-07-27 14:25:40.472,321,1568.915
2026-07-27 14:25:40.473,320,1564.027
2026-07-27 14:25:40.517,318,1554.252
2026-07-27 14:25:40.524,319,1559.14
2026-07-27 14:25:40.524,320,1564.027
2026-07-27 14:25:40.525,318,1554.252
2026-07-27 14:25:40.525,318,1554.252
2026-07-27 14:25:40.525,318,1554.252
2026-07-27 14:25:40.525,318,1554.252
2026-07-27 14:25:40.525,318,1554.252
2026-07-27 14:25:40.525,317,1549.365
2026-07-27 14:25:40.526,317,1549.365
2026-07-27 14:25:40.529,318,1554.252
2026-07-27 14:25:40.578,317,1549.365
2026-07-27 14:25:40.579,315,1539.589
2026-07-27 14:25:40.579,317,1549.365
2026-07-27 14:25:40.579,317,1549.365
2026-07-27 14:25:40.579,318,1554.252
2026-07-27 14:25:40.579,318,1554.252
2026-07-27 14:25:40.580,320,1564.027
2026-07-27 14:25:40.580,320,1564.027
2026-07-27 14:25:40.580,318,1554.252
2026-07-27 14:25:40.581,318,1554.252
2026-07-27 14:25:40.625,323,1578.69
2026-07-27 14:25:40.625,320,1564.027
2026-07-27 14:25:40.625,320,1564.027
2026-07-27 14:25:40.625,322,1573.803
2026-07-27 14:25:40.625,325,1588.465
2026-07-27 14:25:40.626,325,1588.465
2026-07-27 14:25:40.626,328,1603.128
2026-07-27 14:25:40.626,330,1612.903
2026-07-27 14:25:40.630,334,1632.454
2026-07-27 14:25:40.633,334,1632.454
2026-07-27 14:25:40.672,330,1612.903
2026-07-27 14:25:40.672,328,1603.128
2026-07-27 14:25:40.672,328,1603.128
2026-07-27 14:25:40.672,325,1588.465
2026-07-27 14:25:40.672,322,1573.803
2026-07-27 14:25:40.672,324,1583.578
2026-07-27 14:25:40.672,328,1603.128
2026-07-27 14:25:40.675,325,1588.465
2026-07-27 14:25:40.718,323,1578.69
2026-07-27 14:25:40.719,325,1588.465
2026-07-27 14:25:40.719,332,1622.678
2026-07-27 14:25:40.719,335,1637.341
2026-07-27 14:25:40.719,342,1671.554
2026-07-27 14:25:40.719,356,1739.98
2026-07-27 14:25:40.720,380,1857.283
2026-07-27 14:25:40.720,426,2082.111
2026-07-27 14:25:40.764,486,2375.367
2026-07-27 14:25:40.765,510,2492.669
2026-07-27 14:25:40.765,392,1915.934
2026-07-27 14:25:40.765,243,1187.683
2026-07-27 14:25:40.765,174,850.44
2026-07-27 14:25:40.765,221,1080.156
2026-07-27 14:25:40.766,293,1432.063
2026-07-27 14:25:40.766,324,1583.578
2026-07-27 14:25:40.766,333,1627.566
2026-07-27 14:25:40.811,343,1676.442
2026-07-27 14:25:40.811,353,1725.318
2026-07-27 14:25:40.812,349,1705.767
2026-07-27 14:25:40.812,343,1676.442
2026-07-27 14:25:40.812,342,1671.554
2026-07-27 14:25:40.812,345,1686.217
2026-07-27 14:25:40.813,346,1691.105
2026-07-27 14:25:40.813,346,1691.105
2026-07-27 14:25:40.813,347,1695.992
2026-07-27 14:25:40.815,349,1705.767
2026-07-27 14:25:40.859,350,1710.655
2026-07-27 14:25:40.859,350,1710.655
2026-07-27 14:25:40.860,351,1715.543
2026-07-27 14:25:40.860,353,1725.318
2026-07-27 14:25:40.860,354,1730.205
2026-07-27 14:25:40.860,356,1739.98
2026-07-27 14:25:40.860,358,1749.756
2026-07-27 14:25:40.860,358,1749.756
2026-07-27 14:25:40.862,358,1749.756
2026-07-27 14:25:40.904,358,1749.756
2026-07-27 14:25:40.904,364,1779.081
2026-07-27 14:25:40.904,364,1779.081
2026-07-27 14:25:40.905,364,1779.081
2026-07-27 14:25:40.905,367,1793.744
2026-07-27 14:25:40.905,374,1827.957
2026-07-27 14:25:40.905,378,1847.507
2026-07-27 14:25:40.905,384,1876.833
2026-07-27 14:25:40.909,392,1915.934
2026-07-27 14:25:40.950,400,1955.034
2026-07-27 14:25:40.950,406,1984.36
2026-07-27 14:25:40.950,410,2003.91
2026-07-27 14:25:40.950,422,2062.561
2026-07-27 14:25:40.951,429,2096.774
2026-07-27 14:25:40.951,432,2111.437
2026-07-27 14:25:40.951,430,2101.662
2026-07-27 14:25:40.951,431,2106.549
2026-07-27 14:25:40.996,428,2091.887
2026-07-27 14:25:40.997,414,2023.46
2026-07-27 14:25:40.997,396,1935.484
2026-07-27 14:25:40.997,380,1857.283
2026-07-27 14:25:40.998,364,1779.081
2026-07-27 14:25:40.998,347,1695.992
2026-07-27 14:25:40.998,332,1622.678
2026-07-27 14:25:40.998,322,1573.803
2026-07-27 14:25:40.999,312,1524.927
2026-07-27 14:25:41.004,305,1490.714
2026-07-27 14:25:41.007,299,1461.388
2026-07-27 14:25:41.043,298,1456.5
2026-07-27 14:25:41.043,294,1436.95
2026-07-27 14:25:41.043,292,1427.175
2026-07-27 14:25:41.044,290,1417.4
2026-07-27 14:25:41.044,289,1412.512
2026-07-27 14:25:41.044,288,1407.625
2026-07-27 14:25:41.044,288,1407.625
2026-07-27 14:25:41.090,288,1407.625
2026-07-27 14:25:41.090,290,1417.4
2026-07-27 14:25:41.090,290,1417.4
2026-07-27 14:25:41.090,289,1412.512
2026-07-27 14:25:41.090,286,1397.849
2026-07-27 14:25:41.091,289,1412.512
2026-07-27 14:25:41.091,290,1417.4
2026-07-27 14:25:41.091,291,1422.287
2026-07-27 14:25:41.091,291,1422.287
2026-07-27 14:25:41.137,291,1422.287
2026-07-27 14:25:41.137,292,1427.175
2026-07-27 14:25:41.137,293,1432.063
2026-07-27 14:25:41.137,293,1432.063
2026-07-27 14:25:41.137,295,1441.838
2026-07-27 14:25:41.137,297,1451.613
2026-07-27 14:25:41.138,297,1451.613
2026-07-27 14:25:41.138,298,1456.5
2026-07-27 14:25:41.184,300,1466.276
2026-07-27 14:25:41.184,301,1471.163
2026-07-27 14:25:41.184,298,1456.5
2026-07-27 14:25:41.184,298,1456.5
2026-07-27 14:25:41.184,302,1476.051
2026-07-27 14:25:41.184,302,1476.051
2026-07-27 14:25:41.184,303,1480.938
2026-07-27 14:25:41.184,303,1480.938
2026-07-27 14:25:41.184,304,1485.826
2026-07-27 14:25:41.186,305,1490.714
2026-07-27 14:25:41.190,304,1485.826
2026-07-27 14:25:41.230,305,1490.714
2026-07-27 14:25:41.232,309,1510.264
2026-07-27 14:25:41.232,309,1510.264
2026-07-27 14:25:41.232,308,1505.376
2026-07-27 14:25:41.232,310,1515.152
2026-07-27 14:25:41.232,308,1505.376
2026-07-27 14:25:41.233,308,1505.376
2026-07-27 14:25:41.236,308,1505.376
2026-07-27 14:25:41.236,310,1515.152
2026-07-27 14:25:41.277,310,1515.152
2026-07-27 14:25:41.277,309,1510.264
2026-07-27 14:25:41.278,308,1505.376
2026-07-27 14:25:41.278,310,1515.152
2026-07-27 14:25:41.278,310,1515.152
2026-07-27 14:25:41.278,311,1520.039
2026-07-27 14:25:41.278,310,1515.152
2026-07-27 14:25:41.278,311,1520.039
2026-07-27 14:25:41.324,312,1524.927
2026-07-27 14:25:41.324,312,1524.927
2026-07-27 14:25:41.324,312,1524.927
2026-07-27 14:25:41.324,312,1524.927
2026-07-27 14:25:41.324,311,1520.039
2026-07-27 14:25:41.324,312,1524.927
2026-07-27 14:25:41.325,312,1524.927
2026-07-27 14:25:41.325,313,1529.814
2026-07-27 14:25:41.325,313,1529.814
2026-07-27 14:25:41.369,314,1534.702
2026-07-27 14:25:41.370,315,1539.589
2026-07-27 14:25:41.370,313,1529.814
2026-07-27 14:25:41.370,313,1529.814
2026-07-27 14:25:41.370,314,1534.702
2026-07-27 14:25:41.370,316,1544.477
2026-07-27 14:25:41.370,317,1549.365
2026-07-27 14:25:41.370,318,1554.252
2026-07-27 14:25:41.371,317,1549.365
2026-07-27 14:25:41.416,316,1544.477
2026-07-27 14:25:41.417,319,1559.14
2026-07-27 14:25:41.417,318,1554.252
2026-07-27 14:25:41.417,317,1549.365
2026-07-27 14:25:41.417,320,1564.027
2026-07-27 14:25:41.417,322,1573.803
2026-07-27 14:25:41.417,321,1568.915
2026-07-27 14:25:41.417,320,1564.027
2026-07-27 14:25:41.418,324,1583.578
2026-07-27 14:25:41.463,326,1593.353
2026-07-27 14:25:41.463,324,1583.578
2026-07-27 14:25:41.463,323,1578.69
2026-07-27 14:25:41.464,326,1593.353
2026-07-27 14:25:41.464,329,1608.016
2026-07-27 14:25:41.464,329,1608.016
2026-07-27 14:25:41.464,327,1598.24
2026-07-27 14:25:41.464,329,1608.016
2026-07-27 14:25:41.465,330,1612.903
2026-07-27 14:25:41.510,330,1612.903
2026-07-27 14:25:41.511,330,1612.903
2026-07-27 14:25:41.511,334,1632.454
2026-07-27 14:25:41.511,335,1637.341
2026-07-27 14:25:41.511,335,1637.341
2026-07-27 14:25:41.511,336,1642.229
2026-07-27 14:25:41.511,339,1656.891
2026-07-27 14:25:41.511,338,1652.004
2026-07-27 14:25:41.512,337,1647.116
2026-07-27 14:25:41.557,337,1647.116
2026-07-27 14:25:41.560,337,1647.116
2026-07-27 14:25:41.560,332,1622.678
2026-07-27 14:25:41.560,329,1608.016
2026-07-27 14:25:41.561,328,1603.128
2026-07-27 14:25:41.561,329,1608.016
2026-07-27 14:25:41.561,329,1608.016
2026-07-27 14:25:41.561,329,1608.016
2026-07-27 14:25:41.561,326,1593.353
2026-07-27 14:25:41.564,329,1608.016
2026-07-27 14:25:41.604,331,1617.791
2026-07-27 14:25:41.604,334,1632.454
2026-07-27 14:25:41.604,337,1647.116
2026-07-27 14:25:41.604,346,1691.105
2026-07-27 14:25:41.605,357,1744.868
2026-07-27 14:25:41.605,377,1842.62
2026-07-27 14:25:41.605,414,2023.46
2026-07-27 14:25:41.605,464,2267.84
2026-07-27 14:25:41.652,502,2453.568
2026-07-27 14:25:41.652,417,2038.123
2026-07-27 14:25:41.652,263,1285.435
2026-07-27 14:25:41.652,179,874.878
2026-07-27 14:25:41.652,213,1041.056
2026-07-27 14:25:41.652,284,1388.074
2026-07-27 14:25:41.652,314,1534.702
2026-07-27 14:25:41.653,326,1593.353
2026-07-27 14:25:41.658,334,1632.454
2026-07-27 14:25:41.658,342,1671.554
2026-07-27 14:25:41.696,346,1691.105
2026-07-27 14:25:41.696,347,1695.992
2026-07-27 14:25:41.696,342,1671.554
2026-07-27 14:25:41.696,340,1661.779
2026-07-27 14:25:41.697,344,1681.329
2026-07-27 14:25:41.697,346,1691.105
2026-07-27 14:25:41.697,342,1671.554
2026-07-27 14:25:41.699,340,1661.779
2026-07-27 14:25:41.744,343,1676.442
2026-07-27 14:25:41.745,347,1695.992
2026-07-27 14:25:41.745,344,1681.329
2026-07-27 14:25:41.746,343,1676.442
2026-07-27 14:25:41.746,344,1681.329
2026-07-27 14:25:41.746,343,1676.442
2026-07-27 14:25:41.746,343,1676.442
2026-07-27 14:25:41.747,343,1676.442
2026-07-27 14:25:41.750,346,1691.105
2026-07-27 14:25:41.752,349,1705.767
2026-07-27 14:25:41.756,349,1705.767
2026-07-27 14:25:41.789,347,1695.992
2026-07-27 14:25:41.789,351,1715.543
2026-07-27 14:25:41.790,353,1725.318
2026-07-27 14:25:41.790,356,1739.98
2026-07-27 14:25:41.790,359,1754.643
2026-07-27 14:25:41.790,365,1783.969
2026-07-27 14:25:41.793,372,1818.182
2026-07-27 14:25:41.836,379,1852.395
2026-07-27 14:25:41.837,384,1876.833
2026-07-27 14:25:41.837,393,1920.821
2026-07-27 14:25:41.837,400,1955.034
2026-07-27 14:25:41.837,404,1974.585
2026-07-27 14:25:41.837,405,1979.472
2026-07-27 14:25:41.837,409,1999.022
2026-07-27 14:25:41.838,408,1994.135
2026-07-27 14:25:41.839,404,1974.585
2026-07-27 14:25:41.884,392,1915.934
2026-07-27 14:25:41.884,379,1852.395
2026-07-27 14:25:41.884,363,1774.194
2026-07-27 14:25:41.885,347,1695.992
2026-07-27 14:25:41.885,333,1627.566
2026-07-27 14:25:41.885,321,1568.915
2026-07-27 14:25:41.885,309,1510.264
2026-07-27 14:25:41.885,300,1466.276
2026-07-27 14:25:41.886,294,1436.95
2026-07-27 14:25:41.930,291,1422.287
2026-07-27 14:25:41.931,289,1412.512
2026-07-27 14:25:41.931,286,1397.849
2026-07-27 14:25:41.931,285,1392.962
2026-07-27 14:25:41.931,287,1402.737
2026-07-27 14:25:41.931,286,1397.849
2026-07-27 14:25:41.931,288,1407.625
2026-07-27 14:25:41.931,288,1407.625
2026-07-27 14:25:41.933,290,1417.4
2026-07-27 14:25:41.977,290,1417.4
2026-07-27 14:25:41.977,289,1412.512
2026-07-27 14:25:41.977,290,1417.4
2026-07-27 14:25:41.977,294,1436.95
2026-07-27 14:25:41.977,293,1432.063
2026-07-27 14:25:41.977,292,1427.175
2026-07-27 14:25:41.978,295,1441.838
2026-07-27 14:25:41.978,298,1456.5
2026-07-27 14:25:41.980,295,1441.838
2026-07-27 14:25:42.025,295,1441.838
2026-07-27 14:25:42.025,296,1446.725
2026-07-27 14:25:42.025,298,1456.5
2026-07-27 14:25:42.025,299,1461.388
2026-07-27 14:25:42.026,298,1456.5
2026-07-27 14:25:42.026,299,1461.388
2026-07-27 14:25:42.026,301,1471.163
2026-07-27 14:25:42.026,303,1480.938
2026-07-27 14:25:42.027,303,1480.938
2026-07-27 14:25:42.071,303,1480.938
2026-07-27 14:25:42.071,304,1485.826
2026-07-27 14:25:42.075,305,1490.714
2026-07-27 14:25:42.075,306,1495.601
2026-07-27 14:25:42.075,307,1500.489
2026-07-27 14:25:42.075,307,1500.489
2026-07-27 14:25:42.075,307,1500.489
2026-07-27 14:25:42.075,307,1500.489
2026-07-27 14:25:42.075,309,1510.264
2026-07-27 14:25:42.118,310,1515.152
2026-07-27 14:25:42.118,311,1520.039
2026-07-27 14:25:42.118,309,1510.264
2026-07-27 14:25:42.119,310,1515.152
2026-07-27 14:25:42.119,311,1520.039
2026-07-27 14:25:42.119,311,1520.039
2026-07-27 14:25:42.119,311,1520.039
2026-07-27 14:25:42.119,311,1520.039
2026-07-27 14:25:42.120,312,1524.927
2026-07-27 14:25:42.165,312,1524.927
2026-07-27 14:25:42.165,311,1520.039
2026-07-27 14:25:42.165,313,1529.814
2026-07-27 14:25:42.165,315,1539.589
2026-07-27 14:25:42.165,316,1544.477
2026-07-27 14:25:42.166,315,1539.589
2026-07-27 14:25:42.166,317,1549.365
2026-07-27 14:25:42.166,316,1544.477
2026-07-27 14:25:42.196,316,1544.477
2026-07-27 14:25:42.196,316,1544.477
2026-07-27 14:25:42.196,319,1559.14
2026-07-27 14:25:42.197,318,1554.252
2026-07-27 14:25:42.197,320,1564.027
2026-07-27 14:25:42.197,320,1564.027
2026-07-27 14:25:42.198,323,1578.69
2026-07-27 14:25:42.243,322,1573.803
2026-07-27 14:25:42.243,320,1564.027
2026-07-27 14:25:42.243,321,1568.915
2026-07-27 14:25:42.244,326,1593.353
2026-07-27 14:25:42.244,323,1578.69
2026-07-27 14:25:42.244,320,1564.027
2026-07-27 14:25:42.244,322,1573.803
2026-07-27 14:25:42.244,323,1578.69
2026-07-27 14:25:42.245,322,1573.803
2026-07-27 14:25:42.290,323,1578.69
2026-07-27 14:25:42.290,324,1583.578
2026-07-27 14:25:42.290,324,1583.578
2026-07-27 14:25:42.291,324,1583.578
2026-07-27 14:25:42.291,324,1583.578
2026-07-27 14:25:42.291,326,1593.353
2026-07-27 14:25:42.291,328,1603.128
2026-07-27 14:25:42.291,328,1603.128
2026-07-27 14:25:42.292,326,1593.353
2026-07-27 14:25:42.336,327,1598.24
2026-07-27 14:25:42.336,330,1612.903
2026-07-27 14:25:42.337,329,1608.016
2026-07-27 14:25:42.337,328,1603.128
2026-07-27 14:25:42.337,331,1617.791
2026-07-27 14:25:42.337,333,1627.566
2026-07-27 14:25:42.337,333,1627.566
2026-07-27 14:25:42.337,334,1632.454
2026-07-27 14:25:42.339,338,1652.004
2026-07-27 14:25:42.382,339,1656.891
2026-07-27 14:25:42.382,338,1652.004
2026-07-27 14:25:42.383,335,1637.341
2026-07-27 14:25:42.383,332,1622.678
2026-07-27 14:25:42.383,331,1617.791
2026-07-27 14:25:42.383,330,1612.903
2026-07-27 14:25:42.383,328,1603.128
2026-07-27 14:25:42.383,327,1598.24
2026-07-27 14:25:42.385,326,1593.353
2026-07-27 14:25:42.429,327,1598.24
2026-07-27 14:25:42.429,327,1598.24
2026-07-27 14:25:42.429,329,1608.016
2026-07-27 14:25:42.430,332,1622.678
2026-07-27 14:25:42.430,335,1637.341
2026-07-27 14:25:42.430,341,1666.667
2026-07-27 14:25:42.430,355,1735.093
2026-07-27 14:25:42.430,365,1783.969
2026-07-27 14:25:42.433,396,1935.484
2026-07-27 14:25:42.475,443,2165.2
2026-07-27 14:25:42.475,482,2355.816
2026-07-27 14:25:42.475,425,2077.224
2026-07-27 14:25:42.475,298,1456.5
2026-07-27 14:25:42.475,216,1055.718
2026-07-27 14:25:42.476,207,1011.73
2026-07-27 14:25:42.476,264,1290.323
2026-07-27 14:25:42.476,312,1524.927
2026-07-27 14:25:42.479,334,1632.454
2026-07-27 14:25:42.521,344,1681.329
2026-07-27 14:25:42.521,348,1700.88
2026-07-27 14:25:42.521,347,1695.992
2026-07-27 14:25:42.521,345,1686.217
2026-07-27 14:25:42.522,344,1681.329
2026-07-27 14:25:42.522,344,1681.329
2026-07-27 14:25:42.522,345,1686.217
2026-07-27 14:25:42.522,348,1700.88
2026-07-27 14:25:42.527,350,1710.655
2026-07-27 14:25:42.568,350,1710.655
2026-07-27 14:25:42.568,349,1705.767
2026-07-27 14:25:42.568,349,1705.767
2026-07-27 14:25:42.568,351,1715.543
2026-07-27 14:25:42.569,351,1715.543
2026-07-27 14:25:42.569,351,1715.543
2026-07-27 14:25:42.574,353,1725.318
2026-07-27 14:25:42.576,353,1725.318
2026-07-27 14:25:42.576,353,1725.318
2026-07-27 14:25:42.578,351,1715.543
2026-07-27 14:25:42.614,353,1725.318
2026-07-27 14:25:42.614,354,1730.205
2026-07-27 14:25:42.614,356,1739.98
2026-07-27 14:25:42.614,357,1744.868
2026-07-27 14:25:42.614,360,1759.531
2026-07-27 14:25:42.615,362,1769.306
2026-07-27 14:25:42.615,366,1788.856
2026-07-27 14:25:42.645,368,1798.631
2026-07-27 14:25:42.645,377,1842.62
2026-07-27 14:25:42.646,386,1886.608
2026-07-27 14:25:42.646,391,1911.046
2026-07-27 14:25:42.646,397,1940.371
2026-07-27 14:25:42.646,407,1989.247
2026-07-27 14:25:42.676,412,2013.685
2026-07-27 14:25:42.676,418,2043.011
2026-07-27 14:25:42.676,421,2057.674
2026-07-27 14:25:42.676,421,2057.674
2026-07-27 14:25:42.676,417,2038.123
2026-07-27 14:25:42.678,410,2003.91
2026-07-27 14:25:42.682,397,1940.371
2026-07-27 14:25:42.705,382,1867.058
2026-07-27 14:25:42.706,363,1774.194
2026-07-27 14:25:42.706,347,1695.992
2026-07-27 14:25:42.706,333,1627.566
2026-07-27 14:25:42.708,327,1598.24
2026-07-27 14:25:42.737,317,1549.365
2026-07-27 14:25:42.737,308,1505.376
2026-07-27 14:25:42.737,305,1490.714
2026-07-27 14:25:42.737,305,1490.714
2026-07-27 14:25:42.738,301,1471.163
2026-07-27 14:25:42.739,297,1451.613
2026-07-27 14:25:42.769,297,1451.613
2026-07-27 14:25:42.769,299,1461.388
2026-07-27 14:25:42.769,299,1461.388
2026-07-27 14:25:42.769,298,1456.5
2026-07-27 14:25:42.769,301,1471.163
2026-07-27 14:25:42.773,303,1480.938
2026-07-27 14:25:42.776,302,1476.051
2026-07-27 14:25:42.816,301,1471.163
2026-07-27 14:25:42.817,304,1485.826
2026-07-27 14:25:42.817,307,1500.489
2026-07-27 14:25:42.817,305,1490.714
2026-07-27 14:25:42.817,303,1480.938
2026-07-27 14:25:42.817,305,1490.714
2026-07-27 14:25:42.817,306,1495.601
2026-07-27 14:25:42.817,305,1490.714
2026-07-27 14:25:42.848,303,1480.938
2026-07-27 14:25:42.848,306,1495.601
2026-07-27 14:25:42.848,308,1505.376
2026-07-27 14:25:42.848,307,1500.489
2026-07-27 14:25:42.848,306,1495.601
2026-07-27 14:25:42.849,307,1500.489
2026-07-27 14:25:42.879,308,1505.376
2026-07-27 14:25:42.879,309,1510.264
2026-07-27 14:25:42.879,309,1510.264
2026-07-27 14:25:42.879,309,1510.264
2026-07-27 14:25:42.879,311,1520.039
2026-07-27 14:25:42.880,311,1520.039
2026-07-27 14:25:42.909,311,1520.039
2026-07-27 14:25:42.909,312,1524.927
2026-07-27 14:25:42.910,311,1520.039
2026-07-27 14:25:42.910,312,1524.927
2026-07-27 14:25:42.910,314,1534.702
2026-07-27 14:25:42.911,315,1539.589
2026-07-27 14:25:42.940,316,1544.477
2026-07-27 14:25:42.940,316,1544.477
2026-07-27 14:25:42.941,317,1549.365
2026-07-27 14:25:42.941,317,1549.365
2026-07-27 14:25:42.941,317,1549.365
2026-07-27 14:25:42.942,316,1544.477
2026-07-27 14:25:42.971,316,1544.477
2026-07-27 14:25:42.973,318,1554.252
2026-07-27 14:25:42.973,317,1549.365
2026-07-27 14:25:42.973,316,1544.477
2026-07-27 14:25:42.973,317,1549.365
2026-07-27 14:25:42.977,318,1554.252
2026-07-27 14:25:42.980,316,1544.477
2026-07-27 14:25:42.984,315,1539.589
2026-07-27 14:25:43.033,318,1554.252
2026-07-27 14:25:43.033,320,1564.027
2026-07-27 14:25:43.033,317,1549.365
2026-07-27 14:25:43.033,315,1539.589
2026-07-27 14:25:43.033,316,1544.477
2026-07-27 14:25:43.034,316,1544.477
2026-07-27 14:25:43.034,314,1534.702
2026-07-27 14:25:43.034,313,1529.814
2026-07-27 14:25:43.034,316,1544.477
2026-07-27 14:25:43.036,317,1549.365
2026-07-27 14:25:43.080,315,1539.589
2026-07-27 14:25:43.081,313,1529.814
2026-07-27 14:25:43.081,316,1544.477
2026-07-27 14:25:43.081,318,1554.252
2026-07-27 14:25:43.081,316,1544.477
2026-07-27 14:25:43.081,316,1544.477
2026-07-27 14:25:43.081,319,1559.14
2026-07-27 14:25:43.082,319,1559.14
2026-07-27 14:25:43.085,319,1559.14
2026-07-27 14:25:43.088,319,1559.14
2026-07-27 14:25:43.141,321,1568.915
2026-07-27 14:25:43.141,323,1578.69
2026-07-27 14:25:43.141,324,1583.578
2026-07-27 14:25:43.141,322,1573.803
2026-07-27 14:25:43.141,324,1583.578
2026-07-27 14:25:43.141,325,1588.465
2026-07-27 14:25:43.141,325,1588.465
2026-07-27 14:25:43.141,323,1578.69
2026-07-27 14:25:43.142,326,1593.353
2026-07-27 14:25:43.142,328,1603.128
2026-07-27 14:25:43.219,325,1588.465
2026-07-27 14:25:43.219,325,1588.465
2026-07-27 14:25:43.219,326,1593.353
2026-07-27 14:25:43.219,326,1593.353
2026-07-27 14:25:43.219,326,1593.353
2026-07-27 14:25:43.220,327,1598.24
2026-07-27 14:25:43.220,330,1612.903
2026-07-27 14:25:43.220,329,1608.016
2026-07-27 14:25:43.220,330,1612.903
2026-07-27 14:25:43.220,332,1622.678
2026-07-27 14:25:43.220,335,1637.341
2026-07-27 14:25:43.220,334,1632.454
2026-07-27 14:25:43.220,333,1627.566
2026-07-27 14:25:43.220,331,1617.791
2026-07-27 14:25:43.221,329,1608.016
2026-07-27 14:25:43.223,326,1593.353
2026-07-27 14:25:43.267,323,1578.69
2026-07-27 14:25:43.267,321,1568.915
2026-07-27 14:25:43.267,323,1578.69
2026-07-27 14:25:43.267,321,1568.915
2026-07-27 14:25:43.267,320,1564.027
2026-07-27 14:25:43.267,322,1573.803
2026-07-27 14:25:43.267,324,1583.578
2026-07-27 14:25:43.268,326,1593.353
2026-07-27 14:25:43.270,328,1603.128
2026-07-27 14:25:43.314,336,1642.229
2026-07-27 14:25:43.314,347,1695.992
2026-07-27 14:25:43.315,361,1764.418
2026-07-27 14:25:43.315,395,1930.596
2026-07-27 14:25:43.315,452,2209.189
2026-07-27 14:25:43.315,486,2375.367
2026-07-27 14:25:43.315,411,2008.798
2026-07-27 14:25:43.316,281,1373.412
2026-07-27 14:25:43.317,200,977.517
2026-07-27 14:25:43.360,202,987.292
2026-07-27 14:25:43.360,266,1300.098
2026-07-27 14:25:43.360,311,1520.039
2026-07-27 14:25:43.361,331,1617.791
2026-07-27 14:25:43.361,338,1652.004
2026-07-27 14:25:43.361,341,1666.667
2026-07-27 14:25:43.361,341,1666.667
2026-07-27 14:25:43.361,340,1661.779
2026-07-27 14:25:43.364,336,1642.229
2026-07-27 14:25:43.407,337,1647.116
2026-07-27 14:25:43.407,339,1656.891
2026-07-27 14:25:43.407,339,1656.891
2026-07-27 14:25:43.408,340,1661.779
2026-07-27 14:25:43.408,341,1666.667
2026-07-27 14:25:43.408,342,1671.554
2026-07-27 14:25:43.408,342,1671.554
2026-07-27 14:25:43.408,342,1671.554
2026-07-27 14:25:43.410,344,1681.329
2026-07-27 14:25:43.454,345,1686.217
2026-07-27 14:25:43.455,347,1695.992
2026-07-27 14:25:43.455,347,1695.992
2026-07-27 14:25:43.455,348,1700.88
2026-07-27 14:25:43.455,351,1715.543
2026-07-27 14:25:43.455,355,1735.093
2026-07-27 14:25:43.455,354,1730.205
2026-07-27 14:25:43.455,356,1739.98
2026-07-27 14:25:43.457,358,1749.756
2026-07-27 14:25:43.486,362,1769.306
2026-07-27 14:25:43.487,364,1779.081
2026-07-27 14:25:43.487,366,1788.856
2026-07-27 14:25:43.487,373,1823.069
2026-07-27 14:25:43.487,382,1867.058
2026-07-27 14:25:43.490,387,1891.496
2026-07-27 14:25:43.494,392,1915.934
2026-07-27 14:25:43.519,401,1959.922
2026-07-27 14:25:43.519,410,2003.91
2026-07-27 14:25:43.519,416,2033.236
2026-07-27 14:25:43.519,417,2038.123
2026-07-27 14:25:43.519,420,2052.786
2026-07-27 14:25:43.563,420,2052.786
2026-07-27 14:25:43.563,412,2013.685
2026-07-27 14:25:43.563,401,1959.922
2026-07-27 14:25:43.563,389,1901.271
2026-07-27 14:25:43.564,372,1818.182
2026-07-27 14:25:43.564,353,1725.318
2026-07-27 14:25:43.564,337,1647.116
2026-07-27 14:25:43.564,326,1593.353
2026-07-27 14:25:43.567,317,1549.365
2026-07-27 14:25:43.610,309,1510.264
2026-07-27 14:25:43.610,301,1471.163
2026-07-27 14:25:43.610,299,1461.388
2026-07-27 14:25:43.610,298,1456.5
2026-07-27 14:25:43.610,297,1451.613
2026-07-27 14:25:43.610,296,1446.725
2026-07-27 14:25:43.614,296,1446.725
2026-07-27 14:25:43.621,295,1441.838
2026-07-27 14:25:43.621,294,1436.95
2026-07-27 14:25:43.621,294,1436.95
2026-07-27 14:25:43.628,298,1456.5
2026-07-27 14:25:43.631,299,1461.388
2026-07-27 14:25:43.635,300,1466.276
2026-07-27 14:25:43.672,300,1466.276
2026-07-27 14:25:43.672,303,1480.938
2026-07-27 14:25:43.672,304,1485.826
2026-07-27 14:25:43.672,305,1490.714
2026-07-27 14:25:43.672,306,1495.601
2026-07-27 14:25:43.673,308,1505.376
2026-07-27 14:25:43.673,309,1510.264
2026-07-27 14:25:43.717,310,1515.152
2026-07-27 14:25:43.718,311,1520.039
2026-07-27 14:25:43.718,313,1529.814
2026-07-27 14:25:43.718,312,1524.927
2026-07-27 14:25:43.718,312,1524.927
2026-07-27 14:25:43.718,315,1539.589
2026-07-27 14:25:43.718,319,1559.14
2026-07-27 14:25:43.718,318,1554.252
2026-07-27 14:25:43.729,318,1554.252
2026-07-27 14:25:43.729,321,1568.915
2026-07-27 14:25:43.729,325,1588.465
2026-07-27 14:25:43.737,324,1583.578
2026-07-27 14:25:43.738,322,1573.803
2026-07-27 14:25:43.780,324,1583.578
2026-07-27 14:25:43.780,324,1583.578
2026-07-27 14:25:43.780,323,1578.69
2026-07-27 14:25:43.780,323,1578.69
2026-07-27 14:25:43.780,325,1588.465
2026-07-27 14:25:43.780,325,1588.465
2026-07-27 14:25:43.780,324,1583.578
2026-07-27 14:25:43.784,323,1578.69
2026-07-27 14:25:43.785,325,1588.465
2026-07-27 14:25:43.827,327,1598.24
2026-07-27 14:25:43.827,327,1598.24
2026-07-27 14:25:43.827,327,1598.24
2026-07-27 14:25:43.827,329,1608.016
2026-07-27 14:25:43.828,328,1603.128
2026-07-27 14:25:43.828,326,1593.353
2026-07-27 14:25:43.828,325,1588.465
2026-07-27 14:25:43.831,328,1603.128
2026-07-27 14:25:43.833,328,1603.128
2026-07-27 14:25:43.838,327,1598.24
2026-07-27 14:25:43.873,327,1598.24
2026-07-27 14:25:43.873,328,1603.128
2026-07-27 14:25:43.873,329,1608.016
2026-07-27 14:25:43.873,329,1608.016
2026-07-27 14:25:43.874,329,1608.016
2026-07-27 14:25:43.874,331,1617.791
2026-07-27 14:25:43.876,331,1617.791
2026-07-27 14:25:43.878,330,1612.903
2026-07-27 14:25:43.921,328,1603.128
2026-07-27 14:25:43.921,330,1612.903
2026-07-27 14:25:43.921,329,1608.016
2026-07-27 14:25:43.922,327,1598.24
2026-07-27 14:25:43.922,326,1593.353
2026-07-27 14:25:43.922,327,1598.24
2026-07-27 14:25:43.922,327,1598.24
2026-07-27 14:25:43.925,328,1603.128
2026-07-27 14:25:43.925,328,1603.128
2026-07-27 14:25:43.968,329,1608.016
2026-07-27 14:25:43.968,329,1608.016
2026-07-27 14:25:43.968,329,1608.016
2026-07-27 14:25:43.968,327,1598.24
2026-07-27 14:25:43.968,329,1608.016
2026-07-27 14:25:43.968,326,1593.353
2026-07-27 14:25:43.968,324,1583.578
2026-07-27 14:25:43.968,325,1588.465
2026-07-27 14:25:44.014,327,1598.24
2026-07-27 14:25:44.014,327,1598.24
2026-07-27 14:25:44.014,326,1593.353
2026-07-27 14:25:44.014,327,1598.24
2026-07-27 14:25:44.014,329,1608.016
2026-07-27 14:25:44.024,327,1598.24
2026-07-27 14:25:44.025,326,1593.353
2026-07-27 14:25:44.025,329,1608.016
2026-07-27 14:25:44.025,330,1612.903
2026-07-27 14:25:44.025,329,1608.016
2026-07-27 14:25:44.025,328,1603.128
2026-07-27 14:25:44.076,330,1612.903
2026-07-27 14:25:44.076,331,1617.791
2026-07-27 14:25:44.076,330,1612.903
2026-07-27 14:25:44.076,328,1603.128
2026-07-27 14:25:44.077,330,1612.903
2026-07-27 14:25:44.077,332,1622.678
2026-07-27 14:25:44.077,330,1612.903
2026-07-27 14:25:44.077,329,1608.016
2026-07-27 14:25:44.077,331,1617.791
2026-07-27 14:25:44.077,335,1637.341
2026-07-27 14:25:44.081,334,1632.454
2026-07-27 14:25:44.123,333,1627.566
2026-07-27 14:25:44.123,335,1637.341
2026-07-27 14:25:44.123,335,1637.341
2026-07-27 14:25:44.123,335,1637.341
2026-07-27 14:25:44.123,336,1642.229
2026-07-27 14:25:44.123,341,1666.667
2026-07-27 14:25:44.123,342,1671.554
2026-07-27 14:25:44.127,340,1661.779
2026-07-27 14:25:44.129,337,1647.116
2026-07-27 14:25:44.135,334,1632.454
2026-07-27 14:25:44.185,332,1622.678
2026-07-27 14:25:44.185,331,1617.791
2026-07-27 14:25:44.185,328,1603.128
2026-07-27 14:25:44.185,326,1593.353
2026-07-27 14:25:44.186,325,1588.465
2026-07-27 14:25:44.186,325,1588.465
2026-07-27 14:25:44.186,326,1593.353
2026-07-27 14:25:44.186,326,1593.353
2026-07-27 14:25:44.186,328,1603.128
2026-07-27 14:25:44.187,330,1612.903
2026-07-27 14:25:44.190,333,1627.566
2026-07-27 14:25:44.231,343,1676.442
2026-07-27 14:25:44.231,351,1715.543
2026-07-27 14:25:44.231,372,1818.182
2026-07-27 14:25:44.231,416,2033.236
2026-07-27 14:25:44.231,474,2316.716
2026-07-27 14:25:44.231,475,2321.603
2026-07-27 14:25:44.231,366,1788.856
2026-07-27 14:25:44.232,252,1231.672
2026-07-27 14:25:44.278,194,948.192
2026-07-27 14:25:44.278,225,1099.707
2026-07-27 14:25:44.278,286,1397.849
2026-07-27 14:25:44.278,323,1578.69
2026-07-27 14:25:44.278,337,1647.116
2026-07-27 14:25:44.279,341,1666.667
2026-07-27 14:25:44.279,344,1681.329
2026-07-27 14:25:44.279,344,1681.329
2026-07-27 14:25:44.279,343,1676.442
2026-07-27 14:25:44.324,340,1661.779
2026-07-27 14:25:44.324,341,1666.667
2026-07-27 14:25:44.324,345,1686.217
2026-07-27 14:25:44.324,346,1691.105
2026-07-27 14:25:44.324,345,1686.217
2026-07-27 14:25:44.325,345,1686.217
2026-07-27 14:25:44.325,348,1700.88
2026-07-27 14:25:44.325,350,1710.655
2026-07-27 14:25:44.325,350,1710.655
2026-07-27 14:25:44.370,347,1695.992
2026-07-27 14:25:44.370,349,1705.767
2026-07-27 14:25:44.370,350,1710.655
2026-07-27 14:25:44.370,350,1710.655
2026-07-27 14:25:44.370,350,1710.655
2026-07-27 14:25:44.370,353,1725.318
2026-07-27 14:25:44.371,355,1735.093
2026-07-27 14:25:44.371,356,1739.98
2026-07-27 14:25:44.372,357,1744.868
2026-07-27 14:25:44.417,360,1759.531
2026-07-27 14:25:44.417,363,1774.194
2026-07-27 14:25:44.417,366,1788.856
2026-07-27 14:25:44.417,370,1808.407
2026-07-27 14:25:44.418,377,1842.62
2026-07-27 14:25:44.418,382,1867.058
2026-07-27 14:25:44.418,391,1911.046
2026-07-27 14:25:44.418,398,1945.259
2026-07-27 14:25:44.419,406,1984.36
2026-07-27 14:25:44.463,413,2018.573
2026-07-27 14:25:44.464,419,2047.898
2026-07-27 14:25:44.464,422,2062.561
2026-07-27 14:25:44.464,423,2067.449
2026-07-27 14:25:44.464,422,2062.561
2026-07-27 14:25:44.464,416,2033.236
2026-07-27 14:25:44.464,405,1979.472
2026-07-27 14:25:44.465,391,1911.046
2026-07-27 14:25:44.466,370,1808.407
2026-07-27 14:25:44.511,354,1730.205
2026-07-27 14:25:44.512,341,1666.667
2026-07-27 14:25:44.512,331,1617.791
2026-07-27 14:25:44.512,319,1559.14
2026-07-27 14:25:44.512,310,1515.152
2026-07-27 14:25:44.513,305,1490.714
2026-07-27 14:25:44.513,302,1476.051
2026-07-27 14:25:44.514,298,1456.5
2026-07-27 14:25:44.516,296,1446.725
2026-07-27 14:25:44.518,296,1446.725
2026-07-27 14:25:44.557,297,1451.613
2026-07-27 14:25:44.557,295,1441.838
2026-07-27 14:25:44.557,293,1432.063
2026-07-27 14:25:44.557,296,1446.725
2026-07-27 14:25:44.558,297,1451.613
2026-07-27 14:25:44.558,298,1456.5
2026-07-27 14:25:44.558,297,1451.613
2026-07-27 14:25:44.561,299,1461.388
2026-07-27 14:25:44.565,302,1476.051
2026-07-27 14:25:44.604,300,1466.276
2026-07-27 14:25:44.604,300,1466.276
2026-07-27 14:25:44.604,303,1480.938
2026-07-27 14:25:44.604,304,1485.826
2026-07-27 14:25:44.605,303,1480.938
2026-07-27 14:25:44.605,303,1480.938
2026-07-27 14:25:44.605,306,1495.601
2026-07-27 14:25:44.607,306,1495.601
2026-07-27 14:25:44.648,305,1490.714
2026-07-27 14:25:44.649,305,1490.714
2026-07-27 14:25:44.649,306,1495.601
2026-07-27 14:25:44.649,308,1505.376
2026-07-27 14:25:44.649,308,1505.376
2026-07-27 14:25:44.649,307,1500.489
2026-07-27 14:25:44.652,309,1510.264
2026-07-27 14:25:44.652,311,1520.039
2026-07-27 14:25:44.653,311,1520.039
2026-07-27 14:25:44.696,309,1510.264
2026-07-27 14:25:44.697,310,1515.152
2026-07-27 14:25:44.697,313,1529.814
2026-07-27 14:25:44.697,313,1529.814
2026-07-27 14:25:44.697,313,1529.814
2026-07-27 14:25:44.697,314,1534.702
2026-07-27 14:25:44.697,315,1539.589
2026-07-27 14:25:44.697,315,1539.589
2026-07-27 14:25:44.729,314,1534.702
2026-07-27 14:25:44.729,315,1539.589
2026-07-27 14:25:44.751,315,1539.589
2026-07-27 14:25:44.751,316,1544.477
2026-07-27 14:25:44.751,315,1539.589
2026-07-27 14:25:44.751,317,1549.365
2026-07-27 14:25:44.751,314,1534.702
2026-07-27 14:25:44.751,314,1534.702
2026-07-27 14:25:44.751,314,1534.702
2026-07-27 14:25:44.751,317,1549.365
2026-07-27 14:25:44.752,314,1534.702
2026-07-27 14:25:44.788,313,1529.814
2026-07-27 14:25:44.788,315,1539.589
2026-07-27 14:25:44.788,319,1559.14
2026-07-27 14:25:44.789,317,1549.365
2026-07-27 14:25:44.789,316,1544.477
2026-07-27 14:25:44.789,316,1544.477
2026-07-27 14:25:44.789,320,1564.027
2026-07-27 14:25:44.820,318,1554.252
2026-07-27 14:25:44.820,317,1549.365
2026-07-27 14:25:44.820,317,1549.365
2026-07-27 14:25:44.820,320,1564.027
2026-07-27 14:25:44.821,318,1554.252
2026-07-27 14:25:44.821,317,1549.365
2026-07-27 14:25:44.828,319,1559.14
2026-07-27 14:25:44.830,317,1549.365
2026-07-27 14:25:44.866,317,1549.365
2026-07-27 14:25:44.866,317,1549.365
2026-07-27 14:25:44.866,319,1559.14
2026-07-27 14:25:44.866,320,1564.027
2026-07-27 14:25:44.867,320,1564.027
2026-07-27 14:25:44.867,319,1559.14
2026-07-27 14:25:44.868,320,1564.027
2026-07-27 14:25:44.872,320,1564.027
2026-07-27 14:25:44.913,318,1554.252
2026-07-27 14:25:44.913,318,1554.252
2026-07-27 14:25:44.913,320,1564.027
2026-07-27 14:25:44.913,320,1564.027
2026-07-27 14:25:44.913,320,1564.027
2026-07-27 14:25:44.913,318,1554.252
2026-07-27 14:25:44.913,318,1554.252
2026-07-27 14:25:44.913,318,1554.252
2026-07-27 14:25:44.958,320,1564.027
2026-07-27 14:25:44.958,320,1564.027
2026-07-27 14:25:44.958,321,1568.915
2026-07-27 14:25:44.959,320,1564.027
2026-07-27 14:25:44.959,318,1554.252
2026-07-27 14:25:44.959,318,1554.252
2026-07-27 14:25:44.959,318,1554.252
2026-07-27 14:25:44.959,318,1554.252
2026-07-27 14:25:44.962,318,1554.252
2026-07-27 14:25:44.966,318,1554.252
2026-07-27 14:25:45.007,319,1559.14
2026-07-27 14:25:45.007,318,1554.252
2026-07-27 14:25:45.008,318,1554.252
2026-07-27 14:25:45.008,319,1559.14
2026-07-27 14:25:45.008,322,1573.803
2026-07-27 14:25:45.008,321,1568.915
2026-07-27 14:25:45.008,320,1564.027
2026-07-27 14:25:45.009,318,1554.252
2026-07-27 14:25:45.013,322,1573.803
2026-07-27 14:25:45.056,321,1568.915
2026-07-27 14:25:45.056,320,1564.027
2026-07-27 14:25:45.056,320,1564.027
2026-07-27 14:25:45.056,323,1578.69
2026-07-27 14:25:45.056,320,1564.027
2026-07-27 14:25:45.056,316,1544.477
2026-07-27 14:25:45.056,318,1554.252
2026-07-27 14:25:45.056,322,1573.803
2026-07-27 14:25:45.059,319,1559.14
2026-07-27 14:25:45.102,317,1549.365
2026-07-27 14:25:45.103,321,1568.915
2026-07-27 14:25:45.103,323,1578.69
2026-07-27 14:25:45.103,321,1568.915
2026-07-27 14:25:45.103,319,1559.14
2026-07-27 14:25:45.103,324,1583.578
2026-07-27 14:25:45.103,326,1593.353
2026-07-27 14:25:45.103,327,1598.24
2026-07-27 14:25:45.106,329,1608.016
2026-07-27 14:25:45.149,333,1627.566
2026-07-27 14:25:45.149,333,1627.566
2026-07-27 14:25:45.149,333,1627.566
2026-07-27 14:25:45.149,330,1612.903
2026-07-27 14:25:45.149,326,1593.353
2026-07-27 14:25:45.149,325,1588.465
2026-07-27 14:25:45.149,324,1583.578
2026-07-27 14:25:45.149,319,1559.14
2026-07-27 14:25:45.153,321,1568.915
2026-07-27 14:25:45.196,322,1573.803
2026-07-27 14:25:45.199,323,1578.69
2026-07-27 14:25:45.199,325,1588.465
2026-07-27 14:25:45.199,326,1593.353
2026-07-27 14:25:45.199,325,1588.465
2026-07-27 14:25:45.199,329,1608.016
2026-07-27 14:25:45.199,333,1627.566
2026-07-27 14:25:45.199,345,1686.217
2026-07-27 14:25:45.200,357,1744.868
2026-07-27 14:25:45.242,387,1891.496
2026-07-27 14:25:45.242,438,2140.762
2026-07-27 14:25:45.242,491,2399.804
2026-07-27 14:25:45.242,457,2233.627
2026-07-27 14:25:45.242,320,1564.027
2026-07-27 14:25:45.243,216,1055.718
2026-07-27 14:25:45.243,194,948.192
2026-07-27 14:25:45.243,253,1236.559
2026-07-27 14:25:45.246,304,1485.826
2026-07-27 14:25:45.289,323,1578.69
2026-07-27 14:25:45.289,335,1637.341
2026-07-27 14:25:45.289,342,1671.554
2026-07-27 14:25:45.289,344,1681.329
2026-07-27 14:25:45.289,342,1671.554
2026-07-27 14:25:45.289,340,1661.779
2026-07-27 14:25:45.289,339,1656.891
2026-07-27 14:25:45.289,340,1661.779
2026-07-27 14:25:45.293,343,1676.442
2026-07-27 14:25:45.336,344,1681.329
2026-07-27 14:25:45.336,343,1676.442
2026-07-27 14:25:45.336,342,1671.554
2026-07-27 14:25:45.336,345,1686.217
2026-07-27 14:25:45.336,346,1691.105
2026-07-27 14:25:45.336,345,1686.217
2026-07-27 14:25:45.336,344,1681.329
2026-07-27 14:25:45.337,347,1695.992
2026-07-27 14:25:45.367,348,1700.88
2026-07-27 14:25:45.367,348,1700.88
2026-07-27 14:25:45.367,349,1705.767
2026-07-27 14:25:45.367,352,1720.43
2026-07-27 14:25:45.367,354,1730.205
2026-07-27 14:25:45.368,356,1739.98
2026-07-27 14:25:45.371,358,1749.756
2026-07-27 14:25:45.413,362,1769.306
2026-07-27 14:25:45.414,367,1793.744
2026-07-27 14:25:45.414,368,1798.631
2026-07-27 14:25:45.414,371,1813.294
2026-07-27 14:25:45.414,379,1852.395
2026-07-27 14:25:45.414,387,1891.496
2026-07-27 14:25:45.414,393,1920.821
2026-07-27 14:25:45.415,400,1955.034
2026-07-27 14:25:45.418,407,1989.247
2026-07-27 14:25:45.460,412,2013.685
2026-07-27 14:25:45.460,417,2038.123
2026-07-27 14:25:45.460,418,2043.011
2026-07-27 14:25:45.460,420,2052.786
2026-07-27 14:25:45.460,419,2047.898
2026-07-27 14:25:45.460,411,2008.798
2026-07-27 14:25:45.461,398,1945.259
2026-07-27 14:25:45.461,382,1867.058
2026-07-27 14:25:45.464,366,1788.856
2026-07-27 14:25:45.506,351,1715.543
2026-07-27 14:25:45.506,338,1652.004
2026-07-27 14:25:45.506,328,1603.128
2026-07-27 14:25:45.506,318,1554.252
2026-07-27 14:25:45.507,310,1515.152
2026-07-27 14:25:45.507,304,1485.826
2026-07-27 14:25:45.507,303,1480.938
2026-07-27 14:25:45.509,298,1456.5
2026-07-27 14:25:45.512,296,1446.725
2026-07-27 14:25:45.552,296,1446.725
2026-07-27 14:25:45.553,297,1451.613
2026-07-27 14:25:45.553,296,1446.725
2026-07-27 14:25:45.553,296,1446.725
2026-07-27 14:25:45.553,298,1456.5
2026-07-27 14:25:45.553,301,1471.163
2026-07-27 14:25:45.553,301,1471.163
2026-07-27 14:25:45.554,300,1466.276
2026-07-27 14:25:45.559,303,1480.938
2026-07-27 14:25:45.600,306,1495.601
2026-07-27 14:25:45.600,306,1495.601
2026-07-27 14:25:45.601,304,1485.826
2026-07-27 14:25:45.601,307,1500.489
2026-07-27 14:25:45.601,307,1500.489
2026-07-27 14:25:45.601,305,1490.714
2026-07-27 14:25:45.601,304,1485.826
2026-07-27 14:25:45.602,307,1500.489
2026-07-27 14:25:45.605,308,1505.376
2026-07-27 14:25:45.647,308,1505.376
2026-07-27 14:25:45.648,308,1505.376
2026-07-27 14:25:45.648,311,1520.039
2026-07-27 14:25:45.648,312,1524.927
2026-07-27 14:25:45.648,313,1529.814
2026-07-27 14:25:45.648,312,1524.927
2026-07-27 14:25:45.648,313,1529.814
2026-07-27 14:25:45.651,313,1529.814
2026-07-27 14:25:45.652,313,1529.814
2026-07-27 14:25:45.678,312,1524.927
2026-07-27 14:25:45.678,316,1544.477
2026-07-27 14:25:45.678,318,1554.252
2026-07-27 14:25:45.678,319,1559.14
2026-07-27 14:25:45.680,318,1554.252
2026-07-27 14:25:45.685,318,1554.252
2026-07-27 14:25:45.688,320,1564.027
2026-07-27 14:25:45.725,320,1564.027
2026-07-27 14:25:45.725,319,1559.14
2026-07-27 14:25:45.725,321,1568.915
2026-07-27 14:25:45.725,322,1573.803
2026-07-27 14:25:45.725,321,1568.915
2026-07-27 14:25:45.725,321,1568.915
2026-07-27 14:25:45.726,322,1573.803
2026-07-27 14:25:45.730,321,1568.915
2026-07-27 14:25:45.803,321,1568.915
2026-07-27 14:25:45.803,320,1564.027
2026-07-27 14:25:45.803,321,1568.915
2026-07-27 14:25:45.804,321,1568.915
2026-07-27 14:25:45.804,322,1573.803
2026-07-27 14:25:45.804,321,1568.915
2026-07-27 14:25:45.804,322,1573.803
2026-07-27 14:25:45.804,320,1564.027
2026-07-27 14:25:45.804,320,1564.027
2026-07-27 14:25:45.804,319,1559.14
2026-07-27 14:25:45.804,324,1583.578
2026-07-27 14:25:45.804,322,1573.803
2026-07-27 14:25:45.804,321,1568.915
2026-07-27 14:25:45.805,322,1573.803
2026-07-27 14:25:45.808,323,1578.69
2026-07-27 14:25:45.850,323,1578.69
2026-07-27 14:25:45.850,322,1573.803
2026-07-27 14:25:45.850,323,1578.69
2026-07-27 14:25:45.850,327,1598.24
2026-07-27 14:25:45.851,324,1583.578
2026-07-27 14:25:45.851,322,1573.803
2026-07-27 14:25:45.851,324,1583.578
2026-07-27 14:25:45.851,324,1583.578
2026-07-27 14:25:45.854,324,1583.578
2026-07-27 14:25:45.897,325,1588.465
2026-07-27 14:25:45.897,327,1598.24
2026-07-27 14:25:45.897,328,1603.128
2026-07-27 14:25:45.897,328,1603.128
2026-07-27 14:25:45.897,325,1588.465
2026-07-27 14:25:45.897,327,1598.24
2026-07-27 14:25:45.898,326,1593.353
2026-07-27 14:25:45.901,325,1588.465
2026-07-27 14:25:45.902,323,1578.69
2026-07-27 14:25:45.944,326,1593.353
2026-07-27 14:25:45.963,326,1593.353
2026-07-27 14:25:45.964,326,1593.353
2026-07-27 14:25:45.964,325,1588.465
2026-07-27 14:25:45.964,327,1598.24
2026-07-27 14:25:45.964,326,1593.353
2026-07-27 14:25:45.964,327,1598.24
2026-07-27 14:25:45.964,326,1593.353
2026-07-27 14:25:45.964,327,1598.24
2026-07-27 14:25:45.964,326,1593.353
2026-07-27 14:25:45.965,326,1593.353
2026-07-27 14:25:45.965,326,1593.353
2026-07-27 14:25:45.969,327,1598.24
2026-07-27 14:25:46.006,326,1593.353
2026-07-27 14:25:46.006,324,1583.578
2026-07-27 14:25:46.006,323,1578.69
2026-07-27 14:25:46.007,324,1583.578
2026-07-27 14:25:46.007,325,1588.465
2026-07-27 14:25:46.007,325,1588.465
2026-07-27 14:25:46.007,326,1593.353
2026-07-27 14:25:46.010,327,1598.24
2026-07-27 14:25:46.054,327,1598.24
2026-07-27 14:25:46.054,328,1603.128
2026-07-27 14:25:46.055,327,1598.24
2026-07-27 14:25:46.055,327,1598.24
2026-07-27 14:25:46.055,328,1603.128
2026-07-27 14:25:46.055,328,1603.128
2026-07-27 14:25:46.055,330,1612.903
2026-07-27 14:25:46.055,331,1617.791
2026-07-27 14:25:46.057,329,1608.016
2026-07-27 14:25:46.099,329,1608.016
2026-07-27 14:25:46.099,331,1617.791
2026-07-27 14:25:46.099,333,1627.566
2026-07-27 14:25:46.099,331,1617.791
2026-07-27 14:25:46.099,332,1622.678
2026-07-27 14:25:46.099,335,1637.341
2026-07-27 14:25:46.099,337,1647.116
2026-07-27 14:25:46.100,338,1652.004
2026-07-27 14:25:46.131,339,1656.891
2026-07-27 14:25:46.131,341,1666.667
2026-07-27 14:25:46.131,341,1666.667
2026-07-27 14:25:46.131,339,1656.891
2026-07-27 14:25:46.131,335,1637.341
2026-07-27 14:25:46.131,335,1637.341
2026-07-27 14:25:46.135,336,1642.229
2026-07-27 14:25:46.176,332,1622.678
2026-07-27 14:25:46.176,329,1608.016
2026-07-27 14:25:46.176,329,1608.016
2026-07-27 14:25:46.176,329,1608.016
2026-07-27 14:25:46.176,329,1608.016
2026-07-27 14:25:46.176,330,1612.903
2026-07-27 14:25:46.176,333,1627.566
2026-07-27 14:25:46.177,336,1642.229
2026-07-27 14:25:46.208,339,1656.891
2026-07-27 14:25:46.208,347,1695.992
2026-07-27 14:25:46.208,357,1744.868
2026-07-27 14:25:46.208,384,1876.833
2026-07-27 14:25:46.210,432,2111.437
2026-07-27 14:25:46.210,483,2360.704
2026-07-27 14:25:46.213,465,2272.727
2026-07-27 14:25:46.238,349,1705.767
2026-07-27 14:25:46.238,252,1231.672
2026-07-27 14:25:46.238,209,1021.505
2026-07-27 14:25:46.238,251,1226.784
2026-07-27 14:25:46.239,308,1505.376
2026-07-27 14:25:46.268,337,1647.116
2026-07-27 14:25:46.268,345,1686.217
2026-07-27 14:25:46.268,350,1710.655
2026-07-27 14:25:46.269,353,1725.318
2026-07-27 14:25:46.269,351,1715.543
2026-07-27 14:25:46.272,347,1695.992
2026-07-27 14:25:46.276,347,1695.992
2026-07-27 14:25:46.313,347,1695.992
2026-07-27 14:25:46.313,346,1691.105
2026-07-27 14:25:46.313,346,1691.105
2026-07-27 14:25:46.313,350,1710.655
2026-07-27 14:25:46.313,348,1700.88
2026-07-27 14:25:46.314,347,1695.992
2026-07-27 14:25:46.314,348,1700.88
2026-07-27 14:25:46.317,350,1710.655
2026-07-27 14:25:46.360,348,1700.88
2026-07-27 14:25:46.360,348,1700.88
2026-07-27 14:25:46.361,351,1715.543
2026-07-27 14:25:46.361,353,1725.318
2026-07-27 14:25:46.361,352,1720.43
2026-07-27 14:25:46.361,350,1710.655
2026-07-27 14:25:46.362,353,1725.318
2026-07-27 14:25:46.362,356,1739.98
2026-07-27 14:25:46.365,356,1739.98
2026-07-27 14:25:46.405,355,1735.093
2026-07-27 14:25:46.405,361,1764.418
2026-07-27 14:25:46.405,366,1788.856
2026-07-27 14:25:46.405,370,1808.407
2026-07-27 14:25:46.406,374,1827.957
2026-07-27 14:25:46.406,384,1876.833
2026-07-27 14:25:46.406,392,1915.934
2026-07-27 14:25:46.406,397,1940.371
2026-07-27 14:25:46.452,403,1969.697
2026-07-27 14:25:46.452,413,2018.573
2026-07-27 14:25:46.453,419,2047.898
2026-07-27 14:25:46.454,423,2067.449
2026-07-27 14:25:46.454,423,2067.449
2026-07-27 14:25:46.454,424,2072.336
2026-07-27 14:25:46.454,418,2043.011
2026-07-27 14:25:46.455,407,1989.247
2026-07-27 14:25:46.457,391,1911.046
2026-07-27 14:25:46.458,374,1827.957
2026-07-27 14:25:46.498,358,1749.756
2026-07-27 14:25:46.498,342,1671.554
2026-07-27 14:25:46.498,329,1608.016
2026-07-27 14:25:46.498,320,1564.027
2026-07-27 14:25:46.498,312,1524.927
2026-07-27 14:25:46.499,308,1505.376
2026-07-27 14:25:46.499,305,1490.714
2026-07-27 14:25:46.499,304,1485.826
2026-07-27 14:25:46.545,302,1476.051
2026-07-27 14:25:46.545,301,1471.163
2026-07-27 14:25:46.545,300,1466.276
2026-07-27 14:25:46.545,299,1461.388
2026-07-27 14:25:46.545,299,1461.388
2026-07-27 14:25:46.545,301,1471.163
2026-07-27 14:25:46.545,301,1471.163
2026-07-27 14:25:46.545,302,1476.051
2026-07-27 14:25:46.546,300,1466.276
2026-07-27 14:25:46.593,300,1466.276
2026-07-27 14:25:46.593,300,1466.276
2026-07-27 14:25:46.593,302,1476.051
2026-07-27 14:25:46.593,300,1466.276
2026-07-27 14:25:46.594,300,1466.276
2026-07-27 14:25:46.594,302,1476.051
2026-07-27 14:25:46.594,302,1476.051
2026-07-27 14:25:46.594,299,1461.388
2026-07-27 14:25:46.594,299,1461.388
2026-07-27 14:25:46.598,301,1471.163
2026-07-27 14:25:46.638,303,1480.938
2026-07-27 14:25:46.639,302,1476.051
2026-07-27 14:25:46.639,299,1461.388
2026-07-27 14:25:46.639,302,1476.051
2026-07-27 14:25:46.639,304,1485.826
2026-07-27 14:25:46.639,302,1476.051
2026-07-27 14:25:46.639,301,1471.163
2026-07-27 14:25:46.640,304,1485.826
2026-07-27 14:25:46.686,306,1495.601
2026-07-27 14:25:46.686,305,1490.714
2026-07-27 14:25:46.686,304,1485.826
2026-07-27 14:25:46.686,306,1495.601
2026-07-27 14:25:46.687,306,1495.601
2026-07-27 14:25:46.687,306,1495.601
2026-07-27 14:25:46.687,305,1490.714
2026-07-27 14:25:46.687,307,1500.489
2026-07-27 14:25:46.687,307,1500.489
2026-07-27 14:25:46.733,308,1505.376
2026-07-27 14:25:46.733,307,1500.489
2026-07-27 14:25:46.734,308,1505.376
2026-07-27 14:25:46.734,308,1505.376
2026-07-27 14:25:46.734,309,1510.264
2026-07-27 14:25:46.734,309,1510.264
2026-07-27 14:25:46.737,310,1515.152
2026-07-27 14:25:46.738,309,1510.264
2026-07-27 14:25:46.738,309,1510.264
2026-07-27 14:25:46.739,311,1520.039
2026-07-27 14:25:46.782,311,1520.039
2026-07-27 14:25:46.782,310,1515.152
2026-07-27 14:25:46.782,311,1520.039
2026-07-27 14:25:46.782,312,1524.927
2026-07-27 14:25:46.783,314,1534.702
2026-07-27 14:25:46.783,314,1534.702
2026-07-27 14:25:46.783,315,1539.589
2026-07-27 14:25:46.783,315,1539.589
2026-07-27 14:25:46.789,315,1539.589
2026-07-27 14:25:46.792,315,1539.589
2026-07-27 14:25:46.842,316,1544.477
2026-07-27 14:25:46.842,316,1544.477
2026-07-27 14:25:46.842,319,1559.14
2026-07-27 14:25:46.842,318,1554.252
2026-07-27 14:25:46.842,320,1564.027
2026-07-27 14:25:46.843,321,1568.915
2026-07-27 14:25:46.843,323,1578.69
2026-07-27 14:25:46.843,321,1568.915
2026-07-27 14:25:46.843,320,1564.027
2026-07-27 14:25:46.843,321,1568.915
2026-07-27 14:25:46.889,323,1578.69
2026-07-27 14:25:46.890,323,1578.69
2026-07-27 14:25:46.890,322,1573.803
2026-07-27 14:25:46.890,324,1583.578
2026-07-27 14:25:46.890,326,1593.353
2026-07-27 14:25:46.890,324,1583.578
2026-07-27 14:25:46.890,322,1573.803
2026-07-27 14:25:46.890,325,1588.465
2026-07-27 14:25:46.890,325,1588.465
2026-07-27 14:25:46.936,325,1588.465
2026-07-27 14:25:46.936,324,1583.578
2026-07-27 14:25:46.936,328,1603.128
2026-07-27 14:25:46.936,328,1603.128
2026-07-27 14:25:46.937,326,1593.353
2026-07-27 14:25:46.937,325,1588.465
2026-07-27 14:25:46.937,326,1593.353
2026-07-27 14:25:46.937,326,1593.353
2026-07-27 14:25:46.937,325,1588.465
2026-07-27 14:25:46.941,324,1583.578
2026-07-27 14:25:46.982,325,1588.465
2026-07-27 14:25:46.982,325,1588.465
2026-07-27 14:25:46.982,326,1593.353
2026-07-27 14:25:46.982,326,1593.353
2026-07-27 14:25:46.983,326,1593.353
2026-07-27 14:25:46.983,326,1593.353
2026-07-27 14:25:46.983,327,1598.24
2026-07-27 14:25:46.983,326,1593.353
2026-07-27 14:25:47.029,327,1598.24
2026-07-27 14:25:47.029,328,1603.128
2026-07-27 14:25:47.029,328,1603.128
2026-07-27 14:25:47.029,326,1593.353
2026-07-27 14:25:47.029,325,1588.465
2026-07-27 14:25:47.029,324,1583.578
2026-07-27 14:25:47.029,325,1588.465
2026-07-27 14:25:47.029,324,1583.578
2026-07-27 14:25:47.030,325,1588.465
2026-07-27 14:25:47.076,325,1588.465
2026-07-27 14:25:47.077,326,1593.353
2026-07-27 14:25:47.077,328,1603.128
2026-07-27 14:25:47.077,331,1617.791
2026-07-27 14:25:47.077,330,1612.903
2026-07-27 14:25:47.077,329,1608.016
2026-07-27 14:25:47.077,330,1612.903
2026-07-27 14:25:47.077,332,1622.678
2026-07-27 14:25:47.078,330,1612.903
2026-07-27 14:25:47.122,329,1608.016
2026-07-27 14:25:47.122,331,1617.791
2026-07-27 14:25:47.122,332,1622.678
2026-07-27 14:25:47.122,331,1617.791
2026-07-27 14:25:47.122,332,1622.678
2026-07-27 14:25:47.122,333,1627.566
2026-07-27 14:25:47.122,334,1632.454
2026-07-27 14:25:47.123,334,1632.454
2026-07-27 14:25:47.124,334,1632.454
2026-07-27 14:25:47.170,337,1647.116
2026-07-27 14:25:47.170,340,1661.779
2026-07-27 14:25:47.170,342,1671.554
2026-07-27 14:25:47.170,343,1676.442
2026-07-27 14:25:47.170,345,1686.217
2026-07-27 14:25:47.170,344,1681.329
2026-07-27 14:25:47.171,340,1661.779
2026-07-27 14:25:47.171,336,1642.229
2026-07-27 14:25:47.176,336,1642.229
2026-07-27 14:25:47.176,335,1637.341
2026-07-27 14:25:47.215,331,1617.791
2026-07-27 14:25:47.215,329,1608.016
2026-07-27 14:25:47.215,330,1612.903
2026-07-27 14:25:47.215,331,1617.791
2026-07-27 14:25:47.215,332,1622.678
2026-07-27 14:25:47.216,332,1622.678
2026-07-27 14:25:47.216,336,1642.229
2026-07-27 14:25:47.217,342,1671.554
2026-07-27 14:25:47.261,351,1715.543
2026-07-27 14:25:47.262,358,1749.756
2026-07-27 14:25:47.262,378,1847.507
2026-07-27 14:25:47.262,423,2067.449
2026-07-27 14:25:47.267,478,2336.266
2026-07-27 14:25:47.267,477,2331.378
2026-07-27 14:25:47.267,370,1808.407
2026-07-27 14:25:47.267,263,1285.435
2026-07-27 14:25:47.267,208,1016.618
2026-07-27 14:25:47.269,238,1163.245
2026-07-27 14:25:47.308,300,1466.276
2026-07-27 14:25:47.308,333,1627.566
2026-07-27 14:25:47.309,345,1686.217
2026-07-27 14:25:47.309,350,1710.655
2026-07-27 14:25:47.309,353,1725.318
2026-07-27 14:25:47.309,351,1715.543
2026-07-27 14:25:47.309,348,1700.88
2026-07-27 14:25:47.355,347,1695.992
2026-07-27 14:25:47.356,351,1715.543
2026-07-27 14:25:47.356,352,1720.43
2026-07-27 14:25:47.356,352,1720.43
2026-07-27 14:25:47.356,351,1715.543
2026-07-27 14:25:47.356,355,1735.093
2026-07-27 14:25:47.356,354,1730.205
2026-07-27 14:25:47.356,352,1720.43
2026-07-27 14:25:47.356,354,1730.205
2026-07-27 14:25:47.357,357,1744.868
2026-07-27 14:25:47.402,355,1735.093
2026-07-27 14:25:47.402,353,1725.318
2026-07-27 14:25:47.402,356,1739.98
2026-07-27 14:25:47.403,357,1744.868
2026-07-27 14:25:47.403,356,1739.98
2026-07-27 14:25:47.418,355,1735.093
2026-07-27 14:25:47.419,359,1754.643
2026-07-27 14:25:47.419,361,1764.418
2026-07-27 14:25:47.419,362,1769.306
2026-07-27 14:25:47.422,363,1774.194
2026-07-27 14:25:47.422,369,1803.519
2026-07-27 14:25:47.422,373,1823.069
2026-07-27 14:25:47.464,377,1842.62
2026-07-27 14:25:47.464,383,1871.945
2026-07-27 14:25:47.464,393,1920.821
2026-07-27 14:25:47.464,400,1955.034
2026-07-27 14:25:47.464,407,1989.247
2026-07-27 14:25:47.465,412,2013.685
2026-07-27 14:25:47.465,420,2052.786
2026-07-27 14:25:47.465,423,2067.449
2026-07-27 14:25:47.467,424,2072.336
2026-07-27 14:25:47.510,421,2057.674
2026-07-27 14:25:47.510,421,2057.674
2026-07-27 14:25:47.510,412,2013.685
2026-07-27 14:25:47.510,397,1940.371
2026-07-27 14:25:47.511,378,1847.507
2026-07-27 14:25:47.511,362,1769.306
2026-07-27 14:25:47.511,347,1695.992
2026-07-27 14:25:47.511,332,1622.678
2026-07-27 14:25:47.514,321,1568.915
2026-07-27 14:25:47.557,314,1534.702
2026-07-27 14:25:47.557,308,1505.376
2026-07-27 14:25:47.557,303,1480.938
2026-07-27 14:25:47.557,299,1461.388
2026-07-27 14:25:47.557,297,1451.613
2026-07-27 14:25:47.557,297,1451.613
2026-07-27 14:25:47.557,296,1446.725
2026-07-27 14:25:47.557,296,1446.725
2026-07-27 14:25:47.561,297,1451.613
2026-07-27 14:25:47.602,296,1446.725
2026-07-27 14:25:47.603,296,1446.725
2026-07-27 14:25:47.603,297,1451.613
2026-07-27 14:25:47.603,299,1461.388
2026-07-27 14:25:47.603,297,1451.613
2026-07-27 14:25:47.603,297,1451.613
2026-07-27 14:25:47.603,300,1466.276
2026-07-27 14:25:47.603,304,1485.826
2026-07-27 14:25:47.634,302,1476.051
2026-07-27 14:25:47.634,300,1466.276
2026-07-27 14:25:47.634,303,1480.938
2026-07-27 14:25:47.634,305,1490.714
2026-07-27 14:25:47.634,305,1490.714
2026-07-27 14:25:47.634,302,1476.051
2026-07-27 14:25:47.666,305,1490.714
2026-07-27 14:25:47.666,308,1505.376
2026-07-27 14:25:47.666,307,1500.489
2026-07-27 14:25:47.666,307,1500.489
2026-07-27 14:25:47.666,310,1515.152
2026-07-27 14:25:47.666,311,1520.039
2026-07-27 14:25:47.670,310,1515.152
2026-07-27 14:25:47.713,311,1520.039
2026-07-27 14:25:47.713,314,1534.702
2026-07-27 14:25:47.713,313,1529.814
2026-07-27 14:25:47.713,312,1524.927
2026-07-27 14:25:47.714,311,1520.039
2026-07-27 14:25:47.714,313,1529.814
2026-07-27 14:25:47.714,313,1529.814
2026-07-27 14:25:47.714,313,1529.814
2026-07-27 14:25:47.717,314,1534.702
2026-07-27 14:25:47.759,317,1549.365
2026-07-27 14:25:47.759,317,1549.365
2026-07-27 14:25:47.759,317,1549.365
2026-07-27 14:25:47.760,315,1539.589
2026-07-27 14:25:47.760,315,1539.589
2026-07-27 14:25:47.760,314,1534.702
2026-07-27 14:25:47.760,314,1534.702
2026-07-27 14:25:47.760,313,1529.814
2026-07-27 14:25:47.764,313,1529.814
2026-07-27 14:25:47.806,314,1534.702
2026-07-27 14:25:47.806,314,1534.702
2026-07-27 14:25:47.807,313,1529.814
2026-07-27 14:25:47.807,314,1534.702
2026-07-27 14:25:47.807,312,1524.927
2026-07-27 14:25:47.807,312,1524.927
2026-07-27 14:25:47.807,312,1524.927
2026-07-27 14:25:47.807,313,1529.814
2026-07-27 14:25:47.810,314,1534.702
2026-07-27 14:25:47.853,314,1534.702
2026-07-27 14:25:47.853,313,1529.814
2026-07-27 14:25:47.853,315,1539.589
2026-07-27 14:25:47.853,314,1534.702
2026-07-27 14:25:47.853,314,1534.702
2026-07-27 14:25:47.854,314,1534.702
2026-07-27 14:25:47.854,316,1544.477
2026-07-27 14:25:47.854,314,1534.702
2026-07-27 14:25:47.857,314,1534.702
2026-07-27 14:25:47.897,316,1544.477
2026-07-27 14:25:47.898,318,1554.252
2026-07-27 14:25:47.898,318,1554.252
2026-07-27 14:25:47.898,316,1544.477
2026-07-27 14:25:47.898,318,1554.252
2026-07-27 14:25:47.898,322,1573.803
2026-07-27 14:25:47.898,321,1568.915
2026-07-27 14:25:47.902,317,1549.365
2026-07-27 14:25:47.903,321,1568.915
2026-07-27 14:25:47.945,326,1593.353
2026-07-27 14:25:47.946,323,1578.69
2026-07-27 14:25:47.946,320,1564.027
2026-07-27 14:25:47.946,321,1568.915
2026-07-27 14:25:47.946,322,1573.803
2026-07-27 14:25:47.946,323,1578.69
2026-07-27 14:25:47.946,323,1578.69
2026-07-27 14:25:47.946,323,1578.69
2026-07-27 14:25:47.950,325,1588.465
2026-07-27 14:25:47.994,322,1573.803
2026-07-27 14:25:47.994,321,1568.915
2026-07-27 14:25:47.994,323,1578.69
2026-07-27 14:25:47.994,324,1583.578
2026-07-27 14:25:47.994,324,1583.578
2026-07-27 14:25:47.994,323,1578.69
2026-07-27 14:25:47.995,323,1578.69
2026-07-27 14:25:47.998,323,1578.69
2026-07-27 14:25:47.998,323,1578.69
2026-07-27 14:25:48.039,321,1568.915
2026-07-27 14:25:48.040,322,1573.803
2026-07-27 14:25:48.040,322,1573.803
2026-07-27 14:25:48.040,322,1573.803
2026-07-27 14:25:48.040,321,1568.915
2026-07-27 14:25:48.040,322,1573.803
2026-07-27 14:25:48.040,324,1583.578
2026-07-27 14:25:48.040,324,1583.578
2026-07-27 14:25:48.044,323,1578.69
2026-07-27 14:25:48.085,323,1578.69
2026-07-27 14:25:48.085,323,1578.69
2026-07-27 14:25:48.086,325,1588.465
2026-07-27 14:25:48.086,326,1593.353
2026-07-27 14:25:48.086,326,1593.353
2026-07-27 14:25:48.086,325,1588.465
2026-07-27 14:25:48.086,325,1588.465
2026-07-27 14:25:48.086,326,1593.353
2026-07-27 14:25:48.116,327,1598.24
2026-07-27 14:25:48.116,326,1593.353
2026-07-27 14:25:48.117,324,1583.578
2026-07-27 14:25:48.117,324,1583.578
2026-07-27 14:25:48.117,325,1588.465
2026-07-27 14:25:48.117,324,1583.578
2026-07-27 14:25:48.148,326,1593.353
2026-07-27 14:25:48.148,328,1603.128
2026-07-27 14:25:48.148,328,1603.128
2026-07-27 14:25:48.148,326,1593.353
2026-07-27 14:25:48.148,326,1593.353
2026-07-27 14:25:48.149,328,1603.128
2026-07-27 14:25:48.179,329,1608.016
2026-07-27 14:25:48.179,327,1598.24
2026-07-27 14:25:48.179,330,1612.903
2026-07-27 14:25:48.179,336,1642.229
2026-07-27 14:25:48.180,337,1647.116
2026-07-27 14:25:48.180,335,1637.341
2026-07-27 14:25:48.208,331,1617.791
2026-07-27 14:25:48.209,329,1608.016
2026-07-27 14:25:48.209,327,1598.24
2026-07-27 14:25:48.209,326,1593.353
2026-07-27 14:25:48.209,322,1573.803
2026-07-27 14:25:48.210,321,1568.915
2026-07-27 14:25:48.239,321,1568.915
2026-07-27 14:25:48.239,321,1568.915
2026-07-27 14:25:48.240,321,1568.915
2026-07-27 14:25:48.240,322,1573.803
2026-07-27 14:25:48.240,325,1588.465
2026-07-27 14:25:48.242,327,1598.24
2026-07-27 14:25:48.270,331,1617.791
2026-07-27 14:25:48.271,344,1681.329
2026-07-27 14:25:48.271,359,1754.643
2026-07-27 14:25:48.271,397,1940.371
2026-07-27 14:25:48.271,452,2209.189
2026-07-27 14:25:48.273,490,2394.917
2026-07-27 14:25:48.302,417,2038.123
2026-07-27 14:25:48.306,282,1378.299
2026-07-27 14:25:48.306,197,962.854
2026-07-27 14:25:48.306,200,977.517
2026-07-27 14:25:48.306,265,1295.21
2026-07-27 14:25:48.306,309,1510.264
2026-07-27 14:25:48.309,321,1568.915
2026-07-27 14:25:48.348,330,1612.903
2026-07-27 14:25:48.348,336,1642.229
2026-07-27 14:25:48.348,337,1647.116
2026-07-27 14:25:48.349,333,1627.566
2026-07-27 14:25:48.349,331,1617.791
2026-07-27 14:25:48.349,333,1627.566
2026-07-27 14:25:48.349,336,1642.229
2026-07-27 14:25:48.351,337,1647.116
2026-07-27 14:25:48.380,339,1656.891
2026-07-27 14:25:48.380,336,1642.229
2026-07-27 14:25:48.380,336,1642.229
2026-07-27 14:25:48.380,338,1652.004
2026-07-27 14:25:48.381,341,1666.667
2026-07-27 14:25:48.382,342,1671.554
2026-07-27 14:25:48.411,342,1671.554
2026-07-27 14:25:48.411,342,1671.554
2026-07-27 14:25:48.411,343,1676.442
2026-07-27 14:25:48.412,344,1681.329
2026-07-27 14:25:48.412,344,1681.329
2026-07-27 14:25:48.413,347,1695.992
2026-07-27 14:25:48.442,350,1710.655
2026-07-27 14:25:48.442,349,1705.767
2026-07-27 14:25:48.442,351,1715.543
2026-07-27 14:25:48.442,356,1739.98
2026-07-27 14:25:48.442,361,1764.418
2026-07-27 14:25:48.449,363,1774.194
2026-07-27 14:25:48.450,367,1793.744
2026-07-27 14:25:48.489,376,1837.732
2026-07-27 14:25:48.489,384,1876.833
2026-07-27 14:25:48.490,390,1906.158
2026-07-27 14:25:48.490,396,1935.484
2026-07-27 14:25:48.490,405,1979.472
2026-07-27 14:25:48.490,411,2008.798
2026-07-27 14:25:48.490,416,2033.236
2026-07-27 14:25:48.491,415,2028.348
2026-07-27 14:25:48.521,416,2033.236
2026-07-27 14:25:48.521,416,2033.236
2026-07-27 14:25:48.521,408,1994.135
2026-07-27 14:25:48.521,394,1925.709
2026-07-27 14:25:48.521,380,1857.283
2026-07-27 14:25:48.522,363,1774.194
2026-07-27 14:25:48.552,347,1695.992
2026-07-27 14:25:48.552,332,1622.678
2026-07-27 14:25:48.553,322,1573.803
2026-07-27 14:25:48.553,315,1539.589
2026-07-27 14:25:48.553,307,1500.489
2026-07-27 14:25:48.554,301,1471.163
2026-07-27 14:25:48.584,296,1446.725
2026-07-27 14:25:48.584,293,1432.063
2026-07-27 14:25:48.584,292,1427.175
2026-07-27 14:25:48.585,292,1427.175
2026-07-27 14:25:48.585,292,1427.175
2026-07-27 14:25:48.585,291,1422.287
2026-07-27 14:25:48.615,290,1417.4
2026-07-27 14:25:48.615,290,1417.4
2026-07-27 14:25:48.615,293,1432.063
2026-07-27 14:25:48.615,294,1436.95
2026-07-27 14:25:48.618,294,1436.95
2026-07-27 14:25:48.618,293,1432.063
2026-07-27 14:25:48.621,295,1441.838
2026-07-27 14:25:48.662,295,1441.838
2026-07-27 14:25:48.662,296,1446.725
2026-07-27 14:25:48.663,298,1456.5
2026-07-27 14:25:48.663,301,1471.163
2026-07-27 14:25:48.663,300,1466.276
2026-07-27 14:25:48.663,300,1466.276
2026-07-27 14:25:48.663,300,1466.276
2026-07-27 14:25:48.663,304,1485.826
2026-07-27 14:25:48.693,303,1480.938
2026-07-27 14:25:48.693,302,1476.051
2026-07-27 14:25:48.694,304,1485.826
2026-07-27 14:25:48.694,308,1505.376
2026-07-27 14:25:48.694,308,1505.376
2026-07-27 14:25:48.694,307,1500.489
2026-07-27 14:25:48.725,310,1515.152
2026-07-27 14:25:48.725,311,1520.039
2026-07-27 14:25:48.725,311,1520.039
2026-07-27 14:25:48.725,310,1515.152
2026-07-27 14:25:48.725,310,1515.152
2026-07-27 14:25:48.726,313,1529.814
2026-07-27 14:25:48.756,313,1529.814
2026-07-27 14:25:48.757,313,1529.814
2026-07-27 14:25:48.757,313,1529.814
2026-07-27 14:25:48.757,313,1529.814
2026-07-27 14:25:48.757,314,1534.702
2026-07-27 14:25:48.757,314,1534.702
2026-07-27 14:25:48.789,314,1534.702
2026-07-27 14:25:48.789,313,1529.814
2026-07-27 14:25:48.789,312,1524.927
2026-07-27 14:25:48.789,312,1524.927
2026-07-27 14:25:48.789,315,1539.589
2026-07-27 14:25:48.790,315,1539.589
2026-07-27 14:25:48.793,314,1534.702
2026-07-27 14:25:48.835,311,1520.039
2026-07-27 14:25:48.838,313,1529.814
2026-07-27 14:25:48.838,315,1539.589
2026-07-27 14:25:48.838,316,1544.477
2026-07-27 14:25:48.839,316,1544.477
2026-07-27 14:25:48.839,319,1559.14
2026-07-27 14:25:48.839,320,1564.027
2026-07-27 14:25:48.839,318,1554.252
2026-07-27 14:25:48.840,317,1549.365
2026-07-27 14:25:48.880,318,1554.252
2026-07-27 14:25:48.881,320,1564.027
2026-07-27 14:25:48.881,321,1568.915
2026-07-27 14:25:48.881,321,1568.915
2026-07-27 14:25:48.881,321,1568.915
2026-07-27 14:25:48.881,321,1568.915
2026-07-27 14:25:48.882,323,1578.69
2026-07-27 14:25:48.882,323,1578.69
2026-07-27 14:25:48.913,325,1588.465
2026-07-27 14:25:48.913,324,1583.578
2026-07-27 14:25:48.913,324,1583.578
2026-07-27 14:25:48.913,326,1593.353
2026-07-27 14:25:48.913,328,1603.128
2026-07-27 14:25:48.917,326,1593.353
2026-07-27 14:25:48.919,325,1588.465
2026-07-27 14:25:48.960,326,1593.353
2026-07-27 14:25:48.960,328,1603.128
2026-07-27 14:25:48.960,326,1593.353
2026-07-27 14:25:48.960,325,1588.465
2026-07-27 14:25:48.960,328,1603.128
2026-07-27 14:25:48.960,331,1617.791
2026-07-27 14:25:48.960,328,1603.128
2026-07-27 14:25:48.960,327,1598.24
2026-07-27 14:25:48.965,329,1608.016
2026-07-27 14:25:49.005,329,1608.016
2026-07-27 14:25:49.005,329,1608.016
2026-07-27 14:25:49.005,327,1598.24
2026-07-27 14:25:49.005,329,1608.016
2026-07-27 14:25:49.006,330,1612.903
2026-07-27 14:25:49.006,328,1603.128
2026-07-27 14:25:49.006,327,1598.24
2026-07-27 14:25:49.007,330,1612.903
2026-07-27 14:25:49.051,330,1612.903
2026-07-27 14:25:49.052,330,1612.903
2026-07-27 14:25:49.052,329,1608.016
2026-07-27 14:25:49.052,332,1622.678
2026-07-27 14:25:49.052,333,1627.566
2026-07-27 14:25:49.052,333,1627.566
2026-07-27 14:25:49.052,332,1622.678
2026-07-27 14:25:49.052,330,1612.903
2026-07-27 14:25:49.053,331,1617.791
2026-07-27 14:25:49.083,333,1627.566
2026-07-27 14:25:49.083,332,1622.678
2026-07-27 14:25:49.083,332,1622.678
2026-07-27 14:25:49.083,332,1622.678
2026-07-27 14:25:49.083,333,1627.566
2026-07-27 14:25:49.084,334,1632.454
2026-07-27 14:25:49.113,337,1647.116
2026-07-27 14:25:49.113,336,1642.229
2026-07-27 14:25:49.113,336,1642.229
2026-07-27 14:25:49.114,335,1637.341
2026-07-27 14:25:49.114,335,1637.341
2026-07-27 14:25:49.118,335,1637.341
2026-07-27 14:25:49.122,332,1622.678
2026-07-27 14:25:49.126,333,1627.566
2026-07-27 14:25:49.161,339,1656.891
2026-07-27 14:25:49.161,342,1671.554
2026-07-27 14:25:49.161,341,1666.667
2026-07-27 14:25:49.161,337,1647.116
2026-07-27 14:25:49.161,335,1637.341
2026-07-27 14:25:49.162,333,1627.566
2026-07-27 14:25:49.162,332,1622.678
2026-07-27 14:25:49.192,332,1622.678
2026-07-27 14:25:49.192,330,1612.903
2026-07-27 14:25:49.192,328,1603.128
2026-07-27 14:25:49.192,328,1603.128
2026-07-27 14:25:49.193,330,1612.903
2026-07-27 14:25:49.193,332,1622.678
2026-07-27 14:25:49.224,333,1627.566
2026-07-27 14:25:49.224,335,1637.341
2026-07-27 14:25:49.225,344,1681.329
2026-07-27 14:25:49.225,358,1749.756
2026-07-27 14:25:49.225,369,1803.519
2026-07-27 14:25:49.226,391,1911.046
2026-07-27 14:25:49.230,434,2121.212
2026-07-27 14:25:49.269,480,2346.041
2026-07-27 14:25:49.269,464,2267.84
2026-07-27 14:25:49.270,333,1627.566
2026-07-27 14:25:49.270,219,1070.381
2026-07-27 14:25:49.270,200,977.517
2026-07-27 14:25:49.270,259,1265.885
2026-07-27 14:25:49.270,306,1495.601
2026-07-27 14:25:49.271,325,1588.465
2026-07-27 14:25:49.301,336,1642.229
2026-07-27 14:25:49.301,344,1681.329
2026-07-27 14:25:49.301,347,1695.992
2026-07-27 14:25:49.301,349,1705.767
2026-07-27 14:25:49.301,347,1695.992
2026-07-27 14:25:49.303,346,1691.105
2026-07-27 14:25:49.331,345,1686.217
2026-07-27 14:25:49.332,346,1691.105
2026-07-27 14:25:49.332,346,1691.105
2026-07-27 14:25:49.335,346,1691.105
2026-07-27 14:25:49.335,344,1681.329
2026-07-27 14:25:49.337,345,1686.217
2026-07-27 14:25:49.339,345,1686.217
2026-07-27 14:25:49.378,346,1691.105
2026-07-27 14:25:49.378,346,1691.105
2026-07-27 14:25:49.378,348,1700.88
2026-07-27 14:25:49.379,350,1710.655
2026-07-27 14:25:49.379,350,1710.655
2026-07-27 14:25:49.379,350,1710.655
2026-07-27 14:25:49.379,352,1720.43
2026-07-27 14:25:49.381,352,1720.43
2026-07-27 14:25:49.409,353,1725.318
2026-07-27 14:25:49.409,355,1735.093
2026-07-27 14:25:49.409,358,1749.756
2026-07-27 14:25:49.410,361,1764.418
2026-07-27 14:25:49.410,363,1774.194
2026-07-27 14:25:49.412,366,1788.856
2026-07-27 14:25:49.440,373,1823.069
2026-07-27 14:25:49.440,377,1842.62
2026-07-27 14:25:49.440,384,1876.833
2026-07-27 14:25:49.440,390,1906.158
2026-07-27 14:25:49.440,399,1950.147
2026-07-27 14:25:49.443,404,1974.585
2026-07-27 14:25:49.471,406,1984.36
2026-07-27 14:25:49.471,410,2003.91
2026-07-27 14:25:49.472,412,2013.685
2026-07-27 14:25:49.472,408,1994.135
2026-07-27 14:25:49.472,402,1964.809
2026-07-27 14:25:49.474,395,1930.596
2026-07-27 14:25:49.503,381,1862.17
2026-07-27 14:25:49.503,366,1788.856
2026-07-27 14:25:49.503,348,1700.88
2026-07-27 14:25:49.504,337,1647.116
2026-07-27 14:25:49.504,328,1603.128
2026-07-27 14:25:49.506,318,1554.252
2026-07-27 14:25:49.534,309,1510.264
2026-07-27 14:25:49.534,306,1495.601
2026-07-27 14:25:49.534,303,1480.938
2026-07-27 14:25:49.535,299,1461.388
2026-07-27 14:25:49.536,297,1451.613
2026-07-27 14:25:49.566,296,1446.725
2026-07-27 14:25:49.566,295,1441.838
2026-07-27 14:25:49.566,295,1441.838
2026-07-27 14:25:49.566,295,1441.838
2026-07-27 14:25:49.566,296,1446.725
2026-07-27 14:25:49.566,296,1446.725
2026-07-27 14:25:49.568,295,1441.838
2026-07-27 14:25:49.596,295,1441.838
2026-07-27 14:25:49.597,297,1451.613
2026-07-27 14:25:49.597,297,1451.613
2026-07-27 14:25:49.597,297,1451.613
2026-07-27 14:25:49.597,295,1441.838
2026-07-27 14:25:49.599,296,1446.725
2026-07-27 14:25:49.628,296,1446.725
2026-07-27 14:25:49.628,297,1451.613
2026-07-27 14:25:49.629,297,1451.613
2026-07-27 14:25:49.629,298,1456.5
2026-07-27 14:25:49.629,299,1461.388
2026-07-27 14:25:49.631,299,1461.388
2026-07-27 14:25:49.659,298,1456.5
2026-07-27 14:25:49.659,298,1456.5
2026-07-27 14:25:49.659,301,1471.163
2026-07-27 14:25:49.659,301,1471.163
2026-07-27 14:25:49.660,301,1471.163
2026-07-27 14:25:49.661,303,1480.938
2026-07-27 14:25:49.690,303,1480.938
2026-07-27 14:25:49.690,304,1485.826
2026-07-27 14:25:49.690,305,1490.714
2026-07-27 14:25:49.690,307,1500.489
2026-07-27 14:25:49.691,306,1495.601
2026-07-27 14:25:49.693,306,1495.601
2026-07-27 14:25:49.721,305,1490.714
2026-07-27 14:25:49.721,309,1510.264
2026-07-27 14:25:49.721,307,1500.489
2026-07-27 14:25:49.721,305,1490.714
2026-07-27 14:25:49.721,308,1505.376
2026-07-27 14:25:49.724,311,1520.039
2026-07-27 14:25:49.767,309,1510.264
2026-07-27 14:25:49.767,307,1500.489
2026-07-27 14:25:49.767,310,1515.152
2026-07-27 14:25:49.767,312,1524.927
2026-07-27 14:25:49.767,311,1520.039
2026-07-27 14:25:49.767,309,1510.264
2026-07-27 14:25:49.767,310,1515.152
2026-07-27 14:25:49.767,309,1510.264
2026-07-27 14:25:49.771,310,1515.152
2026-07-27 14:25:49.813,308,1505.376
2026-07-27 14:25:49.813,308,1505.376
2026-07-27 14:25:49.813,309,1510.264
2026-07-27 14:25:49.813,309,1510.264
2026-07-27 14:25:49.813,306,1495.601
2026-07-27 14:25:49.813,308,1505.376
2026-07-27 14:25:49.813,308,1505.376
2026-07-27 14:25:49.813,310,1515.152
2026-07-27 14:25:49.860,308,1505.376
2026-07-27 14:25:49.860,308,1505.376
2026-07-27 14:25:49.860,307,1500.489
2026-07-27 14:25:49.860,307,1500.489
2026-07-27 14:25:49.860,307,1500.489
2026-07-27 14:25:49.863,309,1510.264
2026-07-27 14:25:49.863,310,1515.152
2026-07-27 14:25:49.863,310,1515.152
2026-07-27 14:25:49.863,310,1515.152
2026-07-27 14:25:49.865,311,1520.039
2026-07-27 14:25:49.905,311,1520.039
2026-07-27 14:25:49.906,311,1520.039
2026-07-27 14:25:49.906,312,1524.927
2026-07-27 14:25:49.906,312,1524.927
2026-07-27 14:25:49.906,312,1524.927
2026-07-27 14:25:49.906,313,1529.814
2026-07-27 14:25:49.906,313,1529.814
2026-07-27 14:25:49.906,315,1539.589
2026-07-27 14:25:49.951,315,1539.589
2026-07-27 14:25:49.952,315,1539.589
2026-07-27 14:25:49.952,315,1539.589
2026-07-27 14:25:49.952,317,1549.365
2026-07-27 14:25:49.952,317,1549.365
2026-07-27 14:25:49.952,317,1549.365
2026-07-27 14:25:49.952,317,1549.365
2026-07-27 14:25:49.952,319,1559.14
2026-07-27 14:25:49.954,318,1554.252
2026-07-27 14:25:49.958,318,1554.252
2026-07-27 14:25:49.997,319,1559.14
2026-07-27 14:25:49.998,322,1573.803
2026-07-27 14:25:49.998,321,1568.915
2026-07-27 14:25:49.998,320,1564.027
2026-07-27 14:25:49.998,322,1573.803
2026-07-27 14:25:49.998,324,1583.578
2026-07-27 14:25:49.998,322,1573.803
2026-07-27 14:25:50.001,321,1568.915
2026-07-27 14:25:50.005,323,1578.69
2026-07-27 14:25:50.046,324,1583.578
2026-07-27 14:25:50.046,324,1583.578
2026-07-27 14:25:50.046,322,1573.803
2026-07-27 14:25:50.047,323,1578.69
2026-07-27 14:25:50.047,323,1578.69
2026-07-27 14:25:50.048,324,1583.578
2026-07-27 14:25:50.048,325,1588.465
2026-07-27 14:25:50.048,329,1608.016
2026-07-27 14:25:50.051,330,1612.903
2026-07-27 14:25:50.091,331,1617.791
2026-07-27 14:25:50.092,335,1637.341
2026-07-27 14:25:50.092,339,1656.891
2026-07-27 14:25:50.092,338,1652.004
2026-07-27 14:25:50.092,336,1642.229
2026-07-27 14:25:50.092,335,1637.341
2026-07-27 14:25:50.092,335,1637.341
2026-07-27 14:25:50.093,334,1632.454
2026-07-27 14:25:50.139,331,1617.791
2026-07-27 14:25:50.139,327,1598.24
2026-07-27 14:25:50.141,326,1593.353
2026-07-27 14:25:50.141,326,1593.353
2026-07-27 14:25:50.141,327,1598.24
2026-07-27 14:25:50.141,327,1598.24
2026-07-27 14:25:50.141,329,1608.016
2026-07-27 14:25:50.143,331,1617.791
2026-07-27 14:25:50.143,335,1637.341
2026-07-27 14:25:50.145,344,1681.329
2026-07-27 14:25:50.184,354,1730.205
2026-07-27 14:25:50.184,373,1823.069
2026-07-27 14:25:50.184,416,2033.236
2026-07-27 14:25:50.184,462,2258.065
2026-07-27 14:25:50.184,442,2160.313
2026-07-27 14:25:50.185,345,1686.217
2026-07-27 14:25:50.185,257,1256.109
2026-07-27 14:25:50.187,209,1021.505
2026-07-27 14:25:50.230,238,1163.245
2026-07-27 14:25:50.231,294,1436.95
2026-07-27 14:25:50.231,328,1603.128
2026-07-27 14:25:50.231,338,1652.004
2026-07-27 14:25:50.231,343,1676.442
2026-07-27 14:25:50.231,346,1691.105
2026-07-27 14:25:50.231,344,1681.329
2026-07-27 14:25:50.231,340,1661.779
2026-07-27 14:25:50.233,341,1666.667
2026-07-27 14:25:50.276,340,1661.779
2026-07-27 14:25:50.276,340,1661.779
2026-07-27 14:25:50.277,342,1671.554
2026-07-27 14:25:50.277,344,1681.329
2026-07-27 14:25:50.277,345,1686.217
2026-07-27 14:25:50.277,344,1681.329
2026-07-27 14:25:50.277,345,1686.217
2026-07-27 14:25:50.277,345,1686.217
2026-07-27 14:25:50.280,345,1686.217
2026-07-27 14:25:50.323,345,1686.217
2026-07-27 14:25:50.323,347,1695.992
2026-07-27 14:25:50.323,348,1700.88
2026-07-27 14:25:50.323,348,1700.88
2026-07-27 14:25:50.323,347,1695.992
2026-07-27 14:25:50.324,351,1715.543
2026-07-27 14:25:50.324,353,1725.318
2026-07-27 14:25:50.324,354,1730.205
2026-07-27 14:25:50.327,355,1735.093
2026-07-27 14:25:50.370,358,1749.756
2026-07-27 14:25:50.370,362,1769.306
2026-07-27 14:25:50.370,366,1788.856
2026-07-27 14:25:50.370,371,1813.294
2026-07-27 14:25:50.370,379,1852.395
2026-07-27 14:25:50.371,386,1886.608
2026-07-27 14:25:50.373,394,1925.709
2026-07-27 14:25:50.374,400,1955.034
2026-07-27 14:25:50.374,410,2003.91
2026-07-27 14:25:50.418,417,2038.123
2026-07-27 14:25:50.418,422,2062.561
2026-07-27 14:25:50.418,423,2067.449
2026-07-27 14:25:50.418,425,2077.224
2026-07-27 14:25:50.418,422,2062.561
2026-07-27 14:25:50.418,413,2018.573
2026-07-27 14:25:50.418,399,1950.147
2026-07-27 14:25:50.418,384,1876.833
2026-07-27 14:25:50.421,367,1793.744
2026-07-27 14:25:50.464,352,1720.43
2026-07-27 14:25:50.464,339,1656.891
2026-07-27 14:25:50.464,328,1603.128
2026-07-27 14:25:50.464,320,1564.027
2026-07-27 14:25:50.465,314,1534.702
2026-07-27 14:25:50.465,309,1510.264
2026-07-27 14:25:50.465,307,1500.489
2026-07-27 14:25:50.465,303,1480.938
2026-07-27 14:25:50.468,302,1476.051
2026-07-27 14:25:50.511,301,1471.163
2026-07-27 14:25:50.511,303,1480.938
2026-07-27 14:25:50.511,302,1476.051
2026-07-27 14:25:50.511,303,1480.938
2026-07-27 14:25:50.511,305,1490.714
2026-07-27 14:25:50.511,306,1495.601
2026-07-27 14:25:50.511,306,1495.601
2026-07-27 14:25:50.511,306,1495.601
2026-07-27 14:25:50.557,309,1510.264
2026-07-27 14:25:50.557,310,1515.152
2026-07-27 14:25:50.559,309,1510.264
2026-07-27 14:25:50.559,309,1510.264
2026-07-27 14:25:50.559,311,1520.039
2026-07-27 14:25:50.559,313,1529.814
2026-07-27 14:25:50.559,311,1520.039
2026-07-27 14:25:50.559,309,1510.264
2026-07-27 14:25:50.560,310,1515.152
2026-07-27 14:25:50.561,312,1524.927
2026-07-27 14:25:50.603,313,1529.814
2026-07-27 14:25:50.603,313,1529.814
2026-07-27 14:25:50.603,315,1539.589
2026-07-27 14:25:50.603,314,1534.702
2026-07-27 14:25:50.603,314,1534.702
2026-07-27 14:25:50.603,313,1529.814
2026-07-27 14:25:50.603,315,1539.589
2026-07-27 14:25:50.604,315,1539.589
2026-07-27 14:25:50.634,316,1544.477
2026-07-27 14:25:50.634,316,1544.477
2026-07-27 14:25:50.634,318,1554.252
2026-07-27 14:25:50.634,318,1554.252
2026-07-27 14:25:50.635,317,1549.365
2026-07-27 14:25:50.635,317,1549.365
2026-07-27 14:25:50.664,320,1564.027
2026-07-27 14:25:50.665,320,1564.027
2026-07-27 14:25:50.665,318,1554.252
2026-07-27 14:25:50.665,318,1554.252
2026-07-27 14:25:50.665,321,1568.915
2026-07-27 14:25:50.665,320,1564.027
2026-07-27 14:25:50.695,318,1554.252
2026-07-27 14:25:50.695,316,1544.477
2026-07-27 14:25:50.695,318,1554.252
2026-07-27 14:25:50.695,318,1554.252
2026-07-27 14:25:50.696,316,1544.477
2026-07-27 14:25:50.696,314,1534.702
2026-07-27 14:25:50.727,316,1544.477
2026-07-27 14:25:50.727,315,1539.589
2026-07-27 14:25:50.727,316,1544.477
2026-07-27 14:25:50.727,317,1549.365
2026-07-27 14:25:50.727,320,1564.027
2026-07-27 14:25:50.728,320,1564.027
2026-07-27 14:25:50.758,320,1564.027
2026-07-27 14:25:50.758,318,1554.252
2026-07-27 14:25:50.758,318,1554.252
2026-07-27 14:25:50.758,317,1549.365
2026-07-27 14:25:50.758,318,1554.252
2026-07-27 14:25:50.760,319,1559.14
2026-07-27 14:25:50.764,322,1573.803
2026-07-27 14:25:50.804,320,1564.027
2026-07-27 14:25:50.804,320,1564.027
2026-07-27 14:25:50.804,318,1554.252
2026-07-27 14:25:50.804,320,1564.027
2026-07-27 14:25:50.804,318,1554.252
2026-07-27 14:25:50.804,316,1544.477
2026-07-27 14:25:50.804,319,1559.14
2026-07-27 14:25:50.806,321,1568.915
2026-07-27 14:25:50.835,322,1573.803
2026-07-27 14:25:50.835,321,1568.915
2026-07-27 14:25:50.835,322,1573.803
2026-07-27 14:25:50.835,323,1578.69
2026-07-27 14:25:50.835,322,1573.803
2026-07-27 14:25:50.837,321,1568.915
2026-07-27 14:25:50.866,323,1578.69
2026-07-27 14:25:50.866,324,1583.578
2026-07-27 14:25:50.866,325,1588.465
2026-07-27 14:25:50.866,324,1583.578
2026-07-27 14:25:50.866,326,1593.353
2026-07-27 14:25:50.873,328,1603.128
2026-07-27 14:25:50.873,328,1603.128
2026-07-27 14:25:50.913,326,1593.353
2026-07-27 14:25:50.916,326,1593.353
2026-07-27 14:25:50.916,325,1588.465
2026-07-27 14:25:50.916,324,1583.578
2026-07-27 14:25:50.916,324,1583.578
2026-07-27 14:25:50.916,324,1583.578
2026-07-27 14:25:50.916,324,1583.578
2026-07-27 14:25:50.918,324,1583.578
2026-07-27 14:25:50.920,325,1588.465
2026-07-27 14:25:50.961,327,1598.24
2026-07-27 14:25:50.961,327,1598.24
2026-07-27 14:25:50.961,326,1593.353
2026-07-27 14:25:50.961,324,1583.578
2026-07-27 14:25:50.961,325,1588.465
2026-07-27 14:25:50.961,325,1588.465
2026-07-27 14:25:50.962,325,1588.465
2026-07-27 14:25:50.968,325,1588.465
2026-07-27 14:25:50.968,325,1588.465
2026-07-27 14:25:51.006,326,1593.353
2026-07-27 14:25:51.007,327,1598.24
2026-07-27 14:25:51.007,328,1603.128
2026-07-27 14:25:51.007,329,1608.016
2026-07-27 14:25:51.007,327,1598.24
2026-07-27 14:25:51.007,328,1603.128
2026-07-27 14:25:51.007,329,1608.016
2026-07-27 14:25:51.009,331,1617.791
2026-07-27 14:25:51.038,329,1608.016
2026-07-27 14:25:51.038,330,1612.903
2026-07-27 14:25:51.038,335,1637.341
2026-07-27 14:25:51.039,341,1666.667
2026-07-27 14:25:51.039,340,1661.779
2026-07-27 14:25:51.040,338,1652.004
2026-07-27 14:25:51.070,336,1642.229
2026-07-27 14:25:51.070,336,1642.229
2026-07-27 14:25:51.070,334,1632.454
2026-07-27 14:25:51.070,332,1622.678
2026-07-27 14:25:51.070,331,1617.791
2026-07-27 14:25:51.071,331,1617.791
2026-07-27 14:25:51.100,330,1612.903
2026-07-27 14:25:51.100,329,1608.016
2026-07-27 14:25:51.100,332,1622.678
2026-07-27 14:25:51.101,334,1632.454
2026-07-27 14:25:51.101,337,1647.116
2026-07-27 14:25:51.102,338,1652.004
2026-07-27 14:25:51.132,351,1715.543
2026-07-27 14:25:51.132,366,1788.856
2026-07-27 14:25:51.132,398,1945.259
2026-07-27 14:25:51.132,446,2179.863
2026-07-27 14:25:51.132,496,2424.242
2026-07-27 14:25:51.135,453,2214.076
2026-07-27 14:25:51.138,320,1564.027
2026-07-27 14:25:51.177,224,1094.819
2026-07-27 14:25:51.177,203,992.18
2026-07-27 14:25:51.177,260,1270.772
2026-07-27 14:25:51.177,312,1524.927
2026-07-27 14:25:51.177,331,1617.791
2026-07-27 14:25:51.178,337,1647.116
2026-07-27 14:25:51.178,344,1681.329
2026-07-27 14:25:51.180,345,1686.217
2026-07-27 14:25:51.207,343,1676.442
2026-07-27 14:25:51.208,341,1666.667
2026-07-27 14:25:51.208,340,1661.779
2026-07-27 14:25:51.208,344,1681.329
2026-07-27 14:25:51.208,344,1681.329
2026-07-27 14:25:51.238,345,1686.217
2026-07-27 14:25:51.239,345,1686.217
2026-07-27 14:25:51.239,345,1686.217
2026-07-27 14:25:51.239,343,1676.442
2026-07-27 14:25:51.239,344,1681.329
2026-07-27 14:25:51.239,344,1681.329
2026-07-27 14:25:51.242,344,1681.329
2026-07-27 14:25:51.270,344,1681.329
2026-07-27 14:25:51.272,347,1695.992
2026-07-27 14:25:51.272,348,1700.88
2026-07-27 14:25:51.273,348,1700.88
2026-07-27 14:25:51.273,350,1710.655
2026-07-27 14:25:51.302,351,1715.543
2026-07-27 14:25:51.302,352,1720.43
2026-07-27 14:25:51.302,355,1735.093
2026-07-27 14:25:51.302,360,1759.531
2026-07-27 14:25:51.302,364,1779.081
2026-07-27 14:25:51.302,366,1788.856
2026-07-27 14:25:51.305,370,1808.407
2026-07-27 14:25:51.333,379,1852.395
2026-07-27 14:25:51.333,388,1896.383
2026-07-27 14:25:51.333,394,1925.709
2026-07-27 14:25:51.333,400,1955.034
2026-07-27 14:25:51.333,409,1999.022
2026-07-27 14:25:51.336,416,2033.236
2026-07-27 14:25:51.364,419,2047.898
2026-07-27 14:25:51.364,421,2057.674
2026-07-27 14:25:51.364,426,2082.111
2026-07-27 14:25:51.364,424,2072.336
2026-07-27 14:25:51.364,414,2023.46
2026-07-27 14:25:51.367,399,1950.147
2026-07-27 14:25:51.395,386,1886.608
2026-07-27 14:25:51.395,368,1798.631
2026-07-27 14:25:51.395,350,1710.655
2026-07-27 14:25:51.395,336,1642.229
2026-07-27 14:25:51.395,323,1578.69
2026-07-27 14:25:51.426,312,1524.927
2026-07-27 14:25:51.429,305,1490.714
2026-07-27 14:25:51.429,301,1471.163
2026-07-27 14:25:51.429,299,1461.388
2026-07-27 14:25:51.430,296,1446.725
2026-07-27 14:25:51.430,293,1432.063
2026-07-27 14:25:51.430,292,1427.175
2026-07-27 14:25:51.458,294,1436.95
2026-07-27 14:25:51.458,294,1436.95
2026-07-27 14:25:51.458,293,1432.063
2026-07-27 14:25:51.458,294,1436.95
2026-07-27 14:25:51.458,298,1456.5
2026-07-27 14:25:51.461,299,1461.388
2026-07-27 14:25:51.489,298,1456.5
2026-07-27 14:25:51.489,300,1466.276
2026-07-27 14:25:51.489,302,1476.051
2026-07-27 14:25:51.489,301,1471.163
2026-07-27 14:25:51.489,301,1471.163
2026-07-27 14:25:51.519,303,1480.938
2026-07-27 14:25:51.520,303,1480.938
2026-07-27 14:25:51.520,302,1476.051
2026-07-27 14:25:51.520,304,1485.826
2026-07-27 14:25:51.520,305,1490.714
2026-07-27 14:25:51.520,307,1500.489
2026-07-27 14:25:51.523,306,1495.601
2026-07-27 14:25:51.551,304,1485.826
2026-07-27 14:25:51.551,305,1490.714
2026-07-27 14:25:51.551,310,1515.152
2026-07-27 14:25:51.551,312,1524.927
2026-07-27 14:25:51.551,310,1515.152
2026-07-27 14:25:51.581,311,1520.039
2026-07-27 14:25:51.582,313,1529.814
2026-07-27 14:25:51.582,312,1524.927
2026-07-27 14:25:51.582,312,1524.927
2026-07-27 14:25:51.582,315,1539.589
2026-07-27 14:25:51.589,317,1549.365
2026-07-27 14:25:51.589,315,1539.589
2026-07-27 14:25:51.591,314,1534.702
2026-07-27 14:25:51.628,317,1549.365
2026-07-27 14:25:51.628,320,1564.027
2026-07-27 14:25:51.628,317,1549.365
2026-07-27 14:25:51.628,315,1539.589
2026-07-27 14:25:51.628,319,1559.14
2026-07-27 14:25:51.628,320,1564.027
2026-07-27 14:25:51.628,318,1554.252
2026-07-27 14:25:51.633,316,1544.477
2026-07-27 14:25:51.660,316,1544.477
2026-07-27 14:25:51.660,318,1554.252
2026-07-27 14:25:51.660,318,1554.252
2026-07-27 14:25:51.660,317,1549.365
2026-07-27 14:25:51.660,320,1564.027
2026-07-27 14:25:51.690,318,1554.252
2026-07-27 14:25:51.690,317,1549.365
2026-07-27 14:25:51.690,318,1554.252
2026-07-27 14:25:51.691,318,1554.252
2026-07-27 14:25:51.691,317,1549.365
2026-07-27 14:25:51.692,315,1539.589
2026-07-27 14:25:51.695,315,1539.589
2026-07-27 14:25:51.721,317,1549.365
2026-07-27 14:25:51.721,316,1544.477
2026-07-27 14:25:51.721,315,1539.589
2026-07-27 14:25:51.721,315,1539.589
2026-07-27 14:25:51.721,317,1549.365
2026-07-27 14:25:51.752,317,1549.365
2026-07-27 14:25:51.752,318,1554.252
2026-07-27 14:25:51.752,319,1559.14
2026-07-27 14:25:51.753,319,1559.14
2026-07-27 14:25:51.753,318,1554.252
2026-07-27 14:25:51.753,320,1564.027
2026-07-27 14:25:51.785,321,1568.915
2026-07-27 14:25:51.785,323,1578.69
2026-07-27 14:25:51.785,322,1573.803
2026-07-27 14:25:51.785,320,1564.027
2026-07-27 14:25:51.786,321,1568.915
2026-07-27 14:25:51.787,324,1583.578
2026-07-27 14:25:51.789,324,1583.578
2026-07-27 14:25:51.815,324,1583.578
2026-07-27 14:25:51.815,325,1588.465
2026-07-27 14:25:51.815,326,1593.353
2026-07-27 14:25:51.815,326,1593.353
2026-07-27 14:25:51.815,323,1578.69
2026-07-27 14:25:51.846,324,1583.578
2026-07-27 14:25:51.846,324,1583.578
2026-07-27 14:25:51.846,324,1583.578
2026-07-27 14:25:51.846,324,1583.578
2026-07-27 14:25:51.847,325,1588.465
2026-07-27 14:25:51.847,326,1593.353
2026-07-27 14:25:51.851,325,1588.465
2026-07-27 14:25:51.878,323,1578.69
2026-07-27 14:25:51.878,325,1588.465
2026-07-27 14:25:51.878,326,1593.353
2026-07-27 14:25:51.878,326,1593.353
2026-07-27 14:25:51.880,325,1588.465
2026-07-27 14:25:51.924,327,1598.24
2026-07-27 14:25:51.925,329,1608.016
2026-07-27 14:25:51.925,329,1608.016
2026-07-27 14:25:51.925,329,1608.016
2026-07-27 14:25:51.925,331,1617.791
2026-07-27 14:25:51.925,328,1603.128
2026-07-27 14:25:51.925,327,1598.24
2026-07-27 14:25:51.925,327,1598.24
2026-07-27 14:25:51.928,328,1603.128
2026-07-27 14:25:51.929,327,1598.24
2026-07-27 14:25:51.956,329,1608.016
2026-07-27 14:25:51.956,333,1627.566
2026-07-27 14:25:51.956,336,1642.229
2026-07-27 14:25:51.957,337,1647.116
2026-07-27 14:25:51.957,335,1637.341
2026-07-27 14:25:51.989,331,1617.791
2026-07-27 14:25:51.989,328,1603.128
2026-07-27 14:25:51.989,327,1598.24
2026-07-27 14:25:51.989,325,1588.465
2026-07-27 14:25:51.989,323,1578.69
2026-07-27 14:25:51.989,323,1578.69
2026-07-27 14:25:52.019,324,1583.578
2026-07-27 14:25:52.019,325,1588.465
2026-07-27 14:25:52.019,325,1588.465
2026-07-27 14:25:52.019,327,1598.24
2026-07-27 14:25:52.019,330,1612.903
2026-07-27 14:25:52.019,340,1661.779
2026-07-27 14:25:52.023,353,1725.318
2026-07-27 14:25:52.050,366,1788.856
2026-07-27 14:25:52.050,393,1920.821
2026-07-27 14:25:52.051,436,2130.987
2026-07-27 14:25:52.051,478,2336.266
2026-07-27 14:25:52.051,431,2106.549
2026-07-27 14:25:52.054,296,1446.725
2026-07-27 14:25:52.082,200,977.517
2026-07-27 14:25:52.082,202,987.292
2026-07-27 14:25:52.082,268,1309.873
2026-07-27 14:25:52.082,306,1495.601
2026-07-27 14:25:52.082,318,1554.252
2026-07-27 14:25:52.112,329,1608.016
2026-07-27 14:25:52.112,339,1656.891
2026-07-27 14:25:52.112,341,1666.667
2026-07-27 14:25:52.112,337,1647.116
2026-07-27 14:25:52.113,336,1642.229
2026-07-27 14:25:52.113,336,1642.229
2026-07-27 14:25:52.116,337,1647.116
2026-07-27 14:25:52.143,335,1637.341
2026-07-27 14:25:52.144,337,1647.116
2026-07-27 14:25:52.144,337,1647.116
2026-07-27 14:25:52.144,336,1642.229
2026-07-27 14:25:52.144,335,1637.341
2026-07-27 14:25:52.147,337,1647.116
2026-07-27 14:25:52.174,338,1652.004
2026-07-27 14:25:52.175,338,1652.004
2026-07-27 14:25:52.175,337,1647.116
2026-07-27 14:25:52.175,339,1656.891
2026-07-27 14:25:52.175,341,1666.667
2026-07-27 14:25:52.206,343,1676.442
2026-07-27 14:25:52.206,344,1681.329
2026-07-27 14:25:52.206,347,1695.992
2026-07-27 14:25:52.206,349,1705.767
2026-07-27 14:25:52.206,350,1710.655
2026-07-27 14:25:52.206,351,1715.543
2026-07-27 14:25:52.236,354,1730.205
2026-07-27 14:25:52.237,357,1744.868
2026-07-27 14:25:52.237,361,1764.418
2026-07-27 14:25:52.237,366,1788.856
2026-07-27 14:25:52.237,371,1813.294
2026-07-27 14:25:52.237,377,1842.62
2026-07-27 14:25:52.241,384,1876.833
2026-07-27 14:25:52.268,390,1906.158
2026-07-27 14:25:52.268,395,1930.596
2026-07-27 14:25:52.268,400,1955.034
2026-07-27 14:25:52.268,402,1964.809
2026-07-27 14:25:52.268,403,1969.697
2026-07-27 14:25:52.272,401,1959.922
2026-07-27 14:25:52.313,394,1925.709
2026-07-27 14:25:52.314,384,1876.833
2026-07-27 14:25:52.314,369,1803.519
2026-07-27 14:25:52.314,356,1739.98
2026-07-27 14:25:52.314,340,1661.779
2026-07-27 14:25:52.314,328,1603.128
2026-07-27 14:25:52.314,317,1549.365
2026-07-27 14:25:52.314,312,1524.927
2026-07-27 14:25:52.361,305,1490.714
2026-07-27 14:25:52.361,298,1456.5
2026-07-27 14:25:52.361,297,1451.613
2026-07-27 14:25:52.361,297,1451.613
2026-07-27 14:25:52.361,296,1446.725
2026-07-27 14:25:52.362,294,1436.95
2026-07-27 14:25:52.362,294,1436.95
2026-07-27 14:25:52.362,295,1441.838
2026-07-27 14:25:52.362,295,1441.838
2026-07-27 14:25:52.366,295,1441.838
2026-07-27 14:25:52.407,297,1451.613
2026-07-27 14:25:52.407,296,1446.725
2026-07-27 14:25:52.407,296,1446.725
2026-07-27 14:25:52.407,295,1441.838
2026-07-27 14:25:52.407,299,1461.388
2026-07-27 14:25:52.407,299,1461.388
2026-07-27 14:25:52.407,298,1456.5
2026-07-27 14:25:52.408,298,1456.5
2026-07-27 14:25:52.454,300,1466.276
2026-07-27 14:25:52.454,300,1466.276
2026-07-27 14:25:52.454,302,1476.051
2026-07-27 14:25:52.454,303,1480.938
2026-07-27 14:25:52.454,305,1490.714
2026-07-27 14:25:52.455,306,1495.601
2026-07-27 14:25:52.458,307,1500.489
2026-07-27 14:25:52.458,308,1505.376
2026-07-27 14:25:52.458,309,1510.264
2026-07-27 14:25:52.459,310,1515.152
2026-07-27 14:25:52.501,312,1524.927
2026-07-27 14:25:52.502,313,1529.814
2026-07-27 14:25:52.502,315,1539.589
2026-07-27 14:25:52.502,315,1539.589
2026-07-27 14:25:52.503,315,1539.589
2026-07-27 14:25:52.503,314,1534.702
2026-07-27 14:25:52.503,315,1539.589
2026-07-27 14:25:52.503,317,1549.365
2026-07-27 14:25:52.546,318,1554.252
2026-07-27 14:25:52.546,318,1554.252
2026-07-27 14:25:52.546,319,1559.14
2026-07-27 14:25:52.547,320,1564.027
2026-07-27 14:25:52.547,320,1564.027
2026-07-27 14:25:52.547,320,1564.027
2026-07-27 14:25:52.547,323,1578.69
2026-07-27 14:25:52.547,324,1583.578
2026-07-27 14:25:52.548,324,1583.578
2026-07-27 14:25:52.593,325,1588.465
2026-07-27 14:25:52.594,329,1608.016
2026-07-27 14:25:52.594,327,1598.24
2026-07-27 14:25:52.594,325,1588.465
2026-07-27 14:25:52.594,327,1598.24
2026-07-27 14:25:52.594,331,1617.791
2026-07-27 14:25:52.594,331,1617.791
2026-07-27 14:25:52.594,328,1603.128
2026-07-27 14:25:52.601,330,1612.903
2026-07-27 14:25:52.605,330,1612.903
2026-07-27 14:25:52.606,329,1608.016
2026-07-27 14:25:52.655,329,1608.016
2026-07-27 14:25:52.656,331,1617.791
2026-07-27 14:25:52.656,331,1617.791
2026-07-27 14:25:52.656,331,1617.791
2026-07-27 14:25:52.656,331,1617.791
2026-07-27 14:25:52.656,333,1627.566
2026-07-27 14:25:52.656,334,1632.454
2026-07-27 14:25:52.656,334,1632.454
2026-07-27 14:25:52.656,335,1637.341
2026-07-27 14:25:52.657,336,1642.229
2026-07-27 14:25:52.701,336,1642.229
2026-07-27 14:25:52.702,335,1637.341
2026-07-27 14:25:52.702,334,1632.454
2026-07-27 14:25:52.702,338,1652.004
2026-07-27 14:25:52.702,337,1647.116
2026-07-27 14:25:52.702,337,1647.116
2026-07-27 14:25:52.702,335,1637.341
2026-07-27 14:25:52.702,337,1647.116
2026-07-27 14:25:52.748,337,1647.116
2026-07-27 14:25:52.749,337,1647.116
2026-07-27 14:25:52.749,337,1647.116
2026-07-27 14:25:52.749,338,1652.004
2026-07-27 14:25:52.749,338,1652.004
2026-07-27 14:25:52.749,337,1647.116
2026-07-27 14:25:52.749,336,1642.229
2026-07-27 14:25:52.749,338,1652.004
2026-07-27 14:25:52.750,339,1656.891
2026-07-27 14:25:52.751,339,1656.891
2026-07-27 14:25:52.794,338,1652.004
2026-07-27 14:25:52.794,340,1661.779
2026-07-27 14:25:52.794,339,1656.891
2026-07-27 14:25:52.794,339,1656.891
2026-07-27 14:25:52.795,339,1656.891
2026-07-27 14:25:52.795,339,1656.891
2026-07-27 14:25:52.795,339,1656.891
2026-07-27 14:25:52.795,338,1652.004
2026-07-27 14:25:52.797,338,1652.004
2026-07-27 14:25:52.840,339,1656.891
2026-07-27 14:25:52.840,337,1647.116
2026-07-27 14:25:52.840,336,1642.229
2026-07-27 14:25:52.840,337,1647.116
2026-07-27 14:25:52.841,339,1656.891
2026-07-27 14:25:52.841,338,1652.004
2026-07-27 14:25:52.841,336,1642.229
2026-07-27 14:25:52.841,336,1642.229
2026-07-27 14:25:52.844,337,1647.116
2026-07-27 14:25:52.886,337,1647.116
2026-07-27 14:25:52.887,337,1647.116
2026-07-27 14:25:52.887,338,1652.004
2026-07-27 14:25:52.887,341,1666.667
2026-07-27 14:25:52.887,343,1676.442
2026-07-27 14:25:52.887,344,1681.329
2026-07-27 14:25:52.887,348,1700.88
2026-07-27 14:25:52.888,348,1700.88
2026-07-27 14:25:52.891,345,1686.217
2026-07-27 14:25:52.933,340,1661.779
2026-07-27 14:25:52.933,340,1661.779
2026-07-27 14:25:52.933,341,1666.667
2026-07-27 14:25:52.934,338,1652.004
2026-07-27 14:25:52.934,333,1627.566
2026-07-27 14:25:52.934,334,1632.454
2026-07-27 14:25:52.934,334,1632.454
2026-07-27 14:25:52.935,335,1637.341
2026-07-27 14:25:52.938,335,1637.341
2026-07-27 14:25:52.980,338,1652.004
2026-07-27 14:25:52.980,342,1671.554
2026-07-27 14:25:52.980,348,1700.88
2026-07-27 14:25:52.980,356,1739.98
2026-07-27 14:25:52.983,372,1818.182
2026-07-27 14:25:52.983,410,2003.91
2026-07-27 14:25:52.983,464,2267.84
2026-07-27 14:25:52.984,487,2380.254
2026-07-27 14:25:52.985,414,2023.46
2026-07-27 14:25:53.027,294,1436.95
2026-07-27 14:25:53.027,219,1070.381
2026-07-27 14:25:53.027,218,1065.494
2026-07-27 14:25:53.027,280,1368.524
2026-07-27 14:25:53.027,325,1588.465
2026-07-27 14:25:53.028,341,1666.667
2026-07-27 14:25:53.028,347,1695.992
2026-07-27 14:25:53.028,352,1720.43
2026-07-27 14:25:53.032,350,1710.655
2026-07-27 14:25:53.073,345,1686.217
2026-07-27 14:25:53.074,342,1671.554
2026-07-27 14:25:53.074,345,1686.217
2026-07-27 14:25:53.074,346,1691.105
2026-07-27 14:25:53.074,347,1695.992
2026-07-27 14:25:53.074,346,1691.105
2026-07-27 14:25:53.074,347,1695.992
2026-07-27 14:25:53.074,346,1691.105
2026-07-27 14:25:53.078,348,1700.88
2026-07-27 14:25:53.120,350,1710.655
2026-07-27 14:25:53.121,351,1715.543
2026-07-27 14:25:53.121,350,1710.655
2026-07-27 14:25:53.121,348,1700.88
2026-07-27 14:25:53.121,350,1710.655
2026-07-27 14:25:53.121,352,1720.43
2026-07-27 14:25:53.121,352,1720.43
2026-07-27 14:25:53.124,352,1720.43
2026-07-27 14:25:53.125,352,1720.43
2026-07-27 14:25:53.168,354,1730.205
2026-07-27 14:25:53.168,357,1744.868
2026-07-27 14:25:53.168,359,1754.643
2026-07-27 14:25:53.168,363,1774.194
2026-07-27 14:25:53.168,366,1788.856
2026-07-27 14:25:53.168,370,1808.407
2026-07-27 14:25:53.168,375,1832.845
2026-07-27 14:25:53.170,385,1881.72
2026-07-27 14:25:53.172,392,1915.934
2026-07-27 14:25:53.216,401,1959.922
2026-07-27 14:25:53.216,407,1989.247
2026-07-27 14:25:53.216,415,2028.348
2026-07-27 14:25:53.216,419,2047.898
2026-07-27 14:25:53.216,423,2067.449
2026-07-27 14:25:53.216,424,2072.336
2026-07-27 14:25:53.216,422,2062.561
2026-07-27 14:25:53.219,414,2023.46
2026-07-27 14:25:53.220,401,1959.922
2026-07-27 14:25:53.261,383,1871.945
2026-07-27 14:25:53.261,368,1798.631
2026-07-27 14:25:53.261,352,1720.43
2026-07-27 14:25:53.261,338,1652.004
2026-07-27 14:25:53.261,326,1593.353
2026-07-27 14:25:53.261,316,1544.477
2026-07-27 14:25:53.262,311,1520.039
2026-07-27 14:25:53.262,306,1495.601
2026-07-27 14:25:53.266,302,1476.051
2026-07-27 14:25:53.309,300,1466.276
2026-07-27 14:25:53.310,298,1456.5
2026-07-27 14:25:53.310,296,1446.725
2026-07-27 14:25:53.310,295,1441.838
2026-07-27 14:25:53.310,295,1441.838
2026-07-27 14:25:53.310,296,1446.725
2026-07-27 14:25:53.310,297,1451.613
2026-07-27 14:25:53.310,296,1446.725
2026-07-27 14:25:53.355,298,1456.5
2026-07-27 14:25:53.356,298,1456.5
2026-07-27 14:25:53.356,298,1456.5
2026-07-27 14:25:53.356,298,1456.5
2026-07-27 14:25:53.356,299,1461.388
2026-07-27 14:25:53.356,300,1466.276
2026-07-27 14:25:53.356,300,1466.276
2026-07-27 14:25:53.356,303,1480.938
2026-07-27 14:25:53.356,304,1485.826
2026-07-27 14:25:53.359,303,1480.938
2026-07-27 14:25:53.402,301,1471.163
2026-07-27 14:25:53.402,303,1480.938
2026-07-27 14:25:53.402,306,1495.601
2026-07-27 14:25:53.402,306,1495.601
2026-07-27 14:25:53.402,303,1480.938
2026-07-27 14:25:53.402,304,1485.826
2026-07-27 14:25:53.402,306,1495.601
2026-07-27 14:25:53.403,307,1500.489
2026-07-27 14:25:53.448,307,1500.489
2026-07-27 14:25:53.448,308,1505.376
2026-07-27 14:25:53.448,309,1510.264
2026-07-27 14:25:53.448,310,1515.152
2026-07-27 14:25:53.448,308,1505.376
2026-07-27 14:25:53.448,307,1500.489
2026-07-27 14:25:53.448,308,1505.376
2026-07-27 14:25:53.449,308,1505.376
2026-07-27 14:25:53.449,308,1505.376
2026-07-27 14:25:53.453,309,1510.264
2026-07-27 14:25:53.493,309,1510.264
2026-07-27 14:25:53.494,310,1515.152
2026-07-27 14:25:53.494,309,1510.264
2026-07-27 14:25:53.494,309,1510.264
2026-07-27 14:25:53.494,308,1505.376
2026-07-27 14:25:53.497,309,1510.264
2026-07-27 14:25:53.497,308,1505.376
2026-07-27 14:25:53.497,309,1510.264
2026-07-27 14:25:53.500,307,1500.489
2026-07-27 14:25:53.540,307,1500.489
2026-07-27 14:25:53.540,310,1515.152
2026-07-27 14:25:53.540,311,1520.039
2026-07-27 14:25:53.540,308,1505.376
2026-07-27 14:25:53.541,307,1500.489
2026-07-27 14:25:53.541,308,1505.376
2026-07-27 14:25:53.541,311,1520.039
2026-07-27 14:25:53.541,312,1524.927
2026-07-27 14:25:53.587,312,1524.927
2026-07-27 14:25:53.587,312,1524.927
2026-07-27 14:25:53.587,313,1529.814
2026-07-27 14:25:53.587,313,1529.814
2026-07-27 14:25:53.587,313,1529.814
2026-07-27 14:25:53.587,315,1539.589
2026-07-27 14:25:53.587,318,1554.252
2026-07-27 14:25:53.587,314,1534.702
2026-07-27 14:25:53.588,312,1524.927
2026-07-27 14:25:53.618,314,1534.702
2026-07-27 14:25:53.618,317,1549.365
2026-07-27 14:25:53.618,314,1534.702
2026-07-27 14:25:53.618,312,1524.927
2026-07-27 14:25:53.618,316,1544.477
2026-07-27 14:25:53.620,318,1554.252
2026-07-27 14:25:53.626,316,1544.477
2026-07-27 14:25:53.665,313,1529.814
2026-07-27 14:25:53.665,315,1539.589
2026-07-27 14:25:53.665,320,1564.027
2026-07-27 14:25:53.665,320,1564.027
2026-07-27 14:25:53.665,318,1554.252
2026-07-27 14:25:53.665,320,1564.027
2026-07-27 14:25:53.665,322,1573.803
2026-07-27 14:25:53.666,323,1578.69
2026-07-27 14:25:53.710,320,1564.027
2026-07-27 14:25:53.711,322,1573.803
2026-07-27 14:25:53.711,323,1578.69
2026-07-27 14:25:53.711,324,1583.578
2026-07-27 14:25:53.711,323,1578.69
2026-07-27 14:25:53.711,324,1583.578
2026-07-27 14:25:53.711,325,1588.465
2026-07-27 14:25:53.711,325,1588.465
2026-07-27 14:25:53.713,325,1588.465
2026-07-27 14:25:53.757,326,1593.353
2026-07-27 14:25:53.757,327,1598.24
2026-07-27 14:25:53.757,326,1593.353
2026-07-27 14:25:53.757,322,1573.803
2026-07-27 14:25:53.757,324,1583.578
2026-07-27 14:25:53.757,327,1598.24
2026-07-27 14:25:53.757,328,1603.128
2026-07-27 14:25:53.757,326,1593.353
2026-07-27 14:25:53.760,325,1588.465
2026-07-27 14:25:53.803,323,1578.69
2026-07-27 14:25:53.803,324,1583.578
2026-07-27 14:25:53.803,325,1588.465
2026-07-27 14:25:53.803,328,1603.128
2026-07-27 14:25:53.803,329,1608.016
2026-07-27 14:25:53.804,329,1608.016
2026-07-27 14:25:53.804,327,1598.24
2026-07-27 14:25:53.804,329,1608.016
2026-07-27 14:25:53.806,332,1622.678
2026-07-27 14:25:53.835,332,1622.678
2026-07-27 14:25:53.835,331,1617.791
2026-07-27 14:25:53.835,331,1617.791
2026-07-27 14:25:53.835,331,1617.791
2026-07-27 14:25:53.836,332,1622.678
2026-07-27 14:25:53.865,332,1622.678
2026-07-27 14:25:53.866,332,1622.678
2026-07-27 14:25:53.866,331,1617.791
2026-07-27 14:25:53.866,336,1642.229
2026-07-27 14:25:53.866,342,1671.554
2026-07-27 14:25:53.866,343,1676.442
2026-07-27 14:25:53.869,338,1652.004
2026-07-27 14:25:53.897,336,1642.229
2026-07-27 14:25:53.897,335,1637.341
2026-07-27 14:25:53.897,334,1632.454
2026-07-27 14:25:53.898,331,1617.791
2026-07-27 14:25:53.898,326,1593.353
2026-07-27 14:25:53.900,328,1603.128
2026-07-27 14:25:53.930,329,1608.016
2026-07-27 14:25:53.930,329,1608.016
2026-07-27 14:25:53.930,328,1603.128
2026-07-27 14:25:53.931,331,1617.791
2026-07-27 14:25:53.931,335,1637.341
2026-07-27 14:25:53.934,340,1661.779
2026-07-27 14:25:53.936,351,1715.543
2026-07-27 14:25:53.974,365,1783.969
2026-07-27 14:25:53.974,388,1896.383
2026-07-27 14:25:53.974,430,2101.662
2026-07-27 14:25:53.974,472,2306.94
2026-07-27 14:25:53.974,459,2243.402
2026-07-27 14:25:53.974,334,1632.454
2026-07-27 14:25:53.975,227,1109.482
2026-07-27 14:25:53.978,202,987.292
2026-07-27 14:25:54.005,254,1241.447
2026-07-27 14:25:54.005,302,1476.051
2026-07-27 14:25:54.005,322,1573.803
2026-07-27 14:25:54.005,330,1612.903
2026-07-27 14:25:54.010,340,1661.779
2026-07-27 14:25:54.010,345,1686.217
2026-07-27 14:25:54.051,345,1686.217
2026-07-27 14:25:54.051,342,1671.554
2026-07-27 14:25:54.051,340,1661.779
2026-07-27 14:25:54.051,340,1661.779
2026-07-27 14:25:54.051,342,1671.554
2026-07-27 14:25:54.051,341,1666.667
2026-07-27 14:25:54.051,342,1671.554
2026-07-27 14:25:54.051,341,1666.667
2026-07-27 14:25:54.081,342,1671.554
2026-07-27 14:25:54.082,341,1666.667
2026-07-27 14:25:54.082,343,1676.442
2026-07-27 14:25:54.082,342,1671.554
2026-07-27 14:25:54.082,344,1681.329
2026-07-27 14:25:54.082,345,1686.217
2026-07-27 14:25:54.112,347,1695.992
2026-07-27 14:25:54.112,345,1686.217
2026-07-27 14:25:54.112,344,1681.329
2026-07-27 14:25:54.112,346,1691.105
2026-07-27 14:25:54.112,348,1700.88
2026-07-27 14:25:54.113,349,1705.767
2026-07-27 14:25:54.144,349,1705.767
2026-07-27 14:25:54.144,352,1720.43
2026-07-27 14:25:54.144,357,1744.868
2026-07-27 14:25:54.144,359,1754.643
2026-07-27 14:25:54.144,362,1769.306
2026-07-27 14:25:54.148,369,1803.519
2026-07-27 14:25:54.150,376,1837.732
2026-07-27 14:25:54.174,379,1852.395
2026-07-27 14:25:54.174,384,1876.833
2026-07-27 14:25:54.174,392,1915.934
2026-07-27 14:25:54.175,397,1940.371
2026-07-27 14:25:54.176,400,1955.034
2026-07-27 14:25:54.206,398,1945.259
2026-07-27 14:25:54.206,397,1940.371
2026-07-27 14:25:54.206,393,1920.821
2026-07-27 14:25:54.206,384,1876.833
2026-07-27 14:25:54.206,370,1808.407
2026-07-27 14:25:54.207,357,1744.868
2026-07-27 14:25:54.238,342,1671.554
2026-07-27 14:25:54.238,329,1608.016
2026-07-27 14:25:54.238,317,1549.365
2026-07-27 14:25:54.238,310,1515.152
2026-07-27 14:25:54.238,302,1476.051
2026-07-27 14:25:54.238,297,1451.613
2026-07-27 14:25:54.269,292,1427.175
2026-07-27 14:25:54.269,292,1427.175
2026-07-27 14:25:54.269,289,1412.512
2026-07-27 14:25:54.269,288,1407.625
2026-07-27 14:25:54.269,286,1397.849
2026-07-27 14:25:54.270,286,1397.849
2026-07-27 14:25:54.301,287,1402.737
2026-07-27 14:25:54.301,288,1407.625
2026-07-27 14:25:54.301,288,1407.625
2026-07-27 14:25:54.301,289,1412.512
2026-07-27 14:25:54.301,289,1412.512
2026-07-27 14:25:54.302,289,1412.512
2026-07-27 14:25:54.332,289,1412.512
2026-07-27 14:25:54.332,291,1422.287
2026-07-27 14:25:54.332,293,1432.063
2026-07-27 14:25:54.332,292,1427.175
2026-07-27 14:25:54.333,292,1427.175
2026-07-27 14:25:54.333,295,1441.838
2026-07-27 14:25:54.363,295,1441.838
2026-07-27 14:25:54.363,296,1446.725
2026-07-27 14:25:54.363,296,1446.725
2026-07-27 14:25:54.363,299,1461.388
2026-07-27 14:25:54.364,298,1456.5
2026-07-27 14:25:54.364,297,1451.613
2026-07-27 14:25:54.394,298,1456.5
2026-07-27 14:25:54.394,301,1471.163
2026-07-27 14:25:54.394,300,1466.276
2026-07-27 14:25:54.395,300,1466.276
2026-07-27 14:25:54.395,302,1476.051
2026-07-27 14:25:54.396,304,1485.826
2026-07-27 14:25:54.401,304,1485.826
2026-07-27 14:25:54.405,302,1476.051
2026-07-27 14:25:54.440,304,1485.826
2026-07-27 14:25:54.440,305,1490.714
2026-07-27 14:25:54.440,305,1490.714
2026-07-27 14:25:54.441,304,1485.826
2026-07-27 14:25:54.441,307,1500.489
2026-07-27 14:25:54.441,308,1505.376
2026-07-27 14:25:54.445,309,1510.264
2026-07-27 14:25:54.447,309,1510.264
2026-07-27 14:25:54.471,311,1520.039
2026-07-27 14:25:54.471,310,1515.152
2026-07-27 14:25:54.471,310,1515.152
2026-07-27 14:25:54.471,308,1505.376
2026-07-27 14:25:54.472,311,1520.039
2026-07-27 14:25:54.502,312,1524.927
2026-07-27 14:25:54.502,312,1524.927
2026-07-27 14:25:54.502,311,1520.039
2026-07-27 14:25:54.503,312,1524.927
2026-07-27 14:25:54.503,309,1510.264
2026-07-27 14:25:54.504,309,1510.264
2026-07-27 14:25:54.533,308,1505.376
2026-07-27 14:25:54.534,310,1515.152
2026-07-27 14:25:54.534,310,1515.152
2026-07-27 14:25:54.537,310,1515.152
2026-07-27 14:25:54.537,310,1515.152
2026-07-27 14:25:54.537,310,1515.152
2026-07-27 14:25:54.540,311,1520.039
2026-07-27 14:25:54.580,310,1515.152
2026-07-27 14:25:54.580,310,1515.152
2026-07-27 14:25:54.580,312,1524.927
2026-07-27 14:25:54.580,312,1524.927
2026-07-27 14:25:54.581,312,1524.927
2026-07-27 14:25:54.581,312,1524.927
2026-07-27 14:25:54.581,313,1529.814
2026-07-27 14:25:54.581,314,1534.702
2026-07-27 14:25:54.625,314,1534.702
2026-07-27 14:25:54.626,315,1539.589
2026-07-27 14:25:54.626,317,1549.365
2026-07-27 14:25:54.626,316,1544.477
2026-07-27 14:25:54.626,316,1544.477
2026-07-27 14:25:54.626,318,1554.252
2026-07-27 14:25:54.626,319,1559.14
2026-07-27 14:25:54.626,317,1549.365
2026-07-27 14:25:54.629,316,1544.477
2026-07-27 14:25:54.672,317,1549.365
2026-07-27 14:25:54.672,322,1573.803
2026-07-27 14:25:54.672,321,1568.915
2026-07-27 14:25:54.672,320,1564.027
2026-07-27 14:25:54.672,321,1568.915
2026-07-27 14:25:54.672,324,1583.578
2026-07-27 14:25:54.672,322,1573.803
2026-07-27 14:25:54.672,321,1568.915
2026-07-27 14:25:54.752,324,1583.578
2026-07-27 14:25:54.752,325,1588.465
2026-07-27 14:25:54.753,325,1588.465
2026-07-27 14:25:54.753,324,1583.578
2026-07-27 14:25:54.753,326,1593.353
2026-07-27 14:25:54.753,328,1603.128
2026-07-27 14:25:54.753,329,1608.016
2026-07-27 14:25:54.753,327,1598.24
2026-07-27 14:25:54.753,330,1612.903
2026-07-27 14:25:54.753,330,1612.903
2026-07-27 14:25:54.754,331,1617.791
2026-07-27 14:25:54.754,332,1622.678
2026-07-27 14:25:54.754,333,1627.566
2026-07-27 14:25:54.754,333,1627.566
2026-07-27 14:25:54.754,331,1617.791
2026-07-27 14:25:54.754,330,1612.903
2026-07-27 14:25:54.758,335,1637.341
2026-07-27 14:25:54.783,337,1647.116
2026-07-27 14:25:54.784,336,1642.229
2026-07-27 14:25:54.784,337,1647.116
2026-07-27 14:25:54.784,344,1681.329
2026-07-27 14:25:54.784,346,1691.105
2026-07-27 14:25:54.830,344,1681.329
2026-07-27 14:25:54.830,343,1676.442
2026-07-27 14:25:54.830,341,1666.667
2026-07-27 14:25:54.831,340,1661.779
2026-07-27 14:25:54.831,339,1656.891
2026-07-27 14:25:54.831,337,1647.116
2026-07-27 14:25:54.831,334,1632.454
2026-07-27 14:25:54.831,332,1622.678
2026-07-27 14:25:54.831,332,1622.678
2026-07-27 14:25:54.876,334,1632.454
2026-07-27 14:25:54.876,335,1637.341
2026-07-27 14:25:54.877,336,1642.229
2026-07-27 14:25:54.877,340,1661.779
2026-07-27 14:25:54.877,345,1686.217
2026-07-27 14:25:54.877,357,1744.868
2026-07-27 14:25:54.877,366,1788.856
2026-07-27 14:25:54.877,390,1906.158
2026-07-27 14:25:54.879,436,2130.987
2026-07-27 14:25:54.908,485,2370.479
2026-07-27 14:25:54.908,455,2223.851
2026-07-27 14:25:54.908,344,1681.329
2026-07-27 14:25:54.908,256,1251.222
2026-07-27 14:25:54.909,216,1055.718
2026-07-27 14:25:54.910,254,1241.447
2026-07-27 14:25:54.955,308,1505.376
2026-07-27 14:25:54.955,342,1671.554
2026-07-27 14:25:54.955,352,1720.43
2026-07-27 14:25:54.955,356,1739.98
2026-07-27 14:25:54.955,355,1735.093
2026-07-27 14:25:54.955,353,1725.318
2026-07-27 14:25:54.955,352,1720.43
2026-07-27 14:25:54.956,350,1710.655
2026-07-27 14:25:54.957,349,1705.767
2026-07-27 14:25:55.001,352,1720.43
2026-07-27 14:25:55.001,353,1725.318
2026-07-27 14:25:55.001,352,1720.43
2026-07-27 14:25:55.001,351,1715.543
2026-07-27 14:25:55.001,354,1730.205
2026-07-27 14:25:55.001,355,1735.093
2026-07-27 14:25:55.002,357,1744.868
2026-07-27 14:25:55.002,357,1744.868
2026-07-27 14:25:55.006,358,1749.756
2026-07-27 14:25:55.008,358,1749.756
2026-07-27 14:25:55.047,360,1759.531
2026-07-27 14:25:55.048,360,1759.531
2026-07-27 14:25:55.048,362,1769.306
2026-07-27 14:25:55.048,362,1769.306
2026-07-27 14:25:55.048,362,1769.306
2026-07-27 14:25:55.048,363,1774.194
2026-07-27 14:25:55.051,367,1793.744
2026-07-27 14:25:55.051,369,1803.519
2026-07-27 14:25:55.095,373,1823.069
2026-07-27 14:25:55.095,378,1847.507
2026-07-27 14:25:55.095,384,1876.833
2026-07-27 14:25:55.095,388,1896.383
2026-07-27 14:25:55.095,395,1930.596
2026-07-27 14:25:55.095,401,1959.922
2026-07-27 14:25:55.096,411,2008.798
2026-07-27 14:25:55.096,418,2043.011
2026-07-27 14:25:55.096,424,2072.336
2026-07-27 14:25:55.141,428,2091.887
2026-07-27 14:25:55.141,431,2106.549
2026-07-27 14:25:55.141,430,2101.662
2026-07-27 14:25:55.141,424,2072.336
2026-07-27 14:25:55.142,413,2018.573
2026-07-27 14:25:55.142,400,1955.034
2026-07-27 14:25:55.142,380,1857.283
2026-07-27 14:25:55.142,361,1764.418
2026-07-27 14:25:55.143,348,1700.88
2026-07-27 14:25:55.177,338,1652.004
2026-07-27 14:25:55.177,326,1593.353
2026-07-27 14:25:55.177,316,1544.477
2026-07-27 14:25:55.177,312,1524.927
2026-07-27 14:25:55.177,307,1500.489
2026-07-27 14:25:55.177,303,1480.938
2026-07-27 14:25:55.179,301,1471.163
2026-07-27 14:25:55.219,301,1471.163
2026-07-27 14:25:55.219,302,1476.051
2026-07-27 14:25:55.219,302,1476.051
2026-07-27 14:25:55.219,300,1466.276
2026-07-27 14:25:55.219,301,1471.163
2026-07-27 14:25:55.219,303,1480.938
2026-07-27 14:25:55.219,302,1476.051
2026-07-27 14:25:55.221,301,1471.163
2026-07-27 14:25:55.266,303,1480.938
2026-07-27 14:25:55.266,305,1490.714
2026-07-27 14:25:55.266,305,1490.714
2026-07-27 14:25:55.266,303,1480.938
2026-07-27 14:25:55.266,305,1490.714
2026-07-27 14:25:55.266,306,1495.601
2026-07-27 14:25:55.266,308,1505.376
2026-07-27 14:25:55.268,308,1505.376
2026-07-27 14:25:55.312,311,1520.039
2026-07-27 14:25:55.313,311,1520.039
2026-07-27 14:25:55.313,312,1524.927
2026-07-27 14:25:55.313,312,1524.927
2026-07-27 14:25:55.313,314,1534.702
2026-07-27 14:25:55.313,315,1539.589
2026-07-27 14:25:55.313,315,1539.589
2026-07-27 14:25:55.313,315,1539.589
2026-07-27 14:25:55.313,316,1544.477
2026-07-27 14:25:55.315,315,1539.589
2026-07-27 14:25:55.359,314,1534.702
2026-07-27 14:25:55.361,314,1534.702
2026-07-27 14:25:55.361,315,1539.589
2026-07-27 14:25:55.361,313,1529.814
2026-07-27 14:25:55.361,312,1524.927
2026-07-27 14:25:55.361,313,1529.814
2026-07-27 14:25:55.361,315,1539.589
2026-07-27 14:25:55.362,315,1539.589
2026-07-27 14:25:55.362,314,1534.702
2026-07-27 14:25:55.405,313,1529.814
2026-07-27 14:25:55.405,316,1544.477
2026-07-27 14:25:55.405,315,1539.589
2026-07-27 14:25:55.405,312,1524.927
2026-07-27 14:25:55.405,314,1534.702
2026-07-27 14:25:55.406,314,1534.702
2026-07-27 14:25:55.406,314,1534.702
2026-07-27 14:25:55.406,312,1524.927
2026-07-27 14:25:55.408,313,1529.814
2026-07-27 14:25:55.452,315,1539.589
2026-07-27 14:25:55.452,314,1534.702
2026-07-27 14:25:55.452,313,1529.814
2026-07-27 14:25:55.452,316,1544.477
2026-07-27 14:25:55.452,315,1539.589
2026-07-27 14:25:55.452,313,1529.814
2026-07-27 14:25:55.453,310,1515.152
2026-07-27 14:25:55.453,313,1529.814
2026-07-27 14:25:55.455,312,1524.927
2026-07-27 14:25:55.498,311,1520.039
2026-07-27 14:25:55.498,311,1520.039
2026-07-27 14:25:55.498,314,1534.702
2026-07-27 14:25:55.498,315,1539.589
2026-07-27 14:25:55.498,313,1529.814
2026-07-27 14:25:55.499,311,1520.039
2026-07-27 14:25:55.499,311,1520.039
2026-07-27 14:25:55.499,314,1534.702
2026-07-27 14:25:55.502,315,1539.589
2026-07-27 14:25:55.545,314,1534.702
2026-07-27 14:25:55.545,315,1539.589
2026-07-27 14:25:55.545,315,1539.589
2026-07-27 14:25:55.545,317,1549.365
2026-07-27 14:25:55.545,315,1539.589
2026-07-27 14:25:55.545,314,1534.702
2026-07-27 14:25:55.545,314,1534.702
2026-07-27 14:25:55.546,314,1534.702
2026-07-27 14:25:55.591,315,1539.589
2026-07-27 14:25:55.592,315,1539.589
2026-07-27 14:25:55.592,313,1529.814
2026-07-27 14:25:55.595,314,1534.702
2026-07-27 14:25:55.595,313,1529.814
2026-07-27 14:25:55.595,315,1539.589
2026-07-27 14:25:55.595,315,1539.589
2026-07-27 14:25:55.595,314,1534.702
2026-07-27 14:25:55.595,313,1529.814
2026-07-27 14:25:55.596,315,1539.589
2026-07-27 14:25:55.637,314,1534.702
2026-07-27 14:25:55.638,314,1534.702
2026-07-27 14:25:55.638,316,1544.477
2026-07-27 14:25:55.638,319,1559.14
2026-07-27 14:25:55.638,320,1564.027
2026-07-27 14:25:55.638,320,1564.027
2026-07-27 14:25:55.638,321,1568.915
2026-07-27 14:25:55.638,322,1573.803
2026-07-27 14:25:55.684,320,1564.027
2026-07-27 14:25:55.685,318,1554.252
2026-07-27 14:25:55.685,321,1568.915
2026-07-27 14:25:55.685,322,1573.803
2026-07-27 14:25:55.685,321,1568.915
2026-07-27 14:25:55.685,320,1564.027
2026-07-27 14:25:55.685,323,1578.69
2026-07-27 14:25:55.685,323,1578.69
2026-07-27 14:25:55.689,323,1578.69
2026-07-27 14:25:55.689,322,1573.803
2026-07-27 14:25:55.730,325,1588.465
2026-07-27 14:25:55.730,327,1598.24
2026-07-27 14:25:55.730,325,1588.465
2026-07-27 14:25:55.730,323,1578.69
2026-07-27 14:25:55.730,326,1593.353
2026-07-27 14:25:55.730,327,1598.24
2026-07-27 14:25:55.731,326,1593.353
2026-07-27 14:25:55.733,324,1583.578
2026-07-27 14:25:55.736,327,1598.24
2026-07-27 14:25:55.777,327,1598.24
2026-07-27 14:25:55.777,327,1598.24
2026-07-27 14:25:55.777,325,1588.465
2026-07-27 14:25:55.778,326,1593.353
2026-07-27 14:25:55.778,327,1598.24
2026-07-27 14:25:55.778,331,1617.791
2026-07-27 14:25:55.779,334,1632.454
2026-07-27 14:25:55.783,336,1642.229
2026-07-27 14:25:55.784,335,1637.341
2026-07-27 14:25:55.788,332,1622.678
2026-07-27 14:25:55.823,328,1603.128
2026-07-27 14:25:55.823,327,1598.24
2026-07-27 14:25:55.823,326,1593.353
2026-07-27 14:25:55.823,323,1578.69
2026-07-27 14:25:55.823,325,1588.465
2026-07-27 14:25:55.823,325,1588.465
2026-07-27 14:25:55.824,322,1573.803
2026-07-27 14:25:55.870,321,1568.915
2026-07-27 14:25:55.870,323,1578.69
2026-07-27 14:25:55.870,327,1598.24
2026-07-27 14:25:55.870,330,1612.903
2026-07-27 14:25:55.870,341,1666.667
2026-07-27 14:25:55.871,352,1720.43
2026-07-27 14:25:55.871,369,1803.519
2026-07-27 14:25:55.871,404,1974.585
2026-07-27 14:25:55.872,452,2209.189
2026-07-27 14:25:55.916,479,2341.153
2026-07-27 14:25:55.916,392,1915.934
2026-07-27 14:25:55.916,261,1275.66
2026-07-27 14:25:55.916,199,972.63
2026-07-27 14:25:55.916,226,1104.594
2026-07-27 14:25:55.916,288,1407.625
2026-07-27 14:25:55.916,316,1544.477
2026-07-27 14:25:55.917,326,1593.353
2026-07-27 14:25:55.918,337,1647.116
2026-07-27 14:25:55.963,350,1710.655
2026-07-27 14:25:55.963,351,1715.543
2026-07-27 14:25:55.963,342,1671.554
2026-07-27 14:25:55.964,339,1656.891
2026-07-27 14:25:55.964,341,1666.667
2026-07-27 14:25:55.964,343,1676.442
2026-07-27 14:25:55.964,342,1671.554
2026-07-27 14:25:55.964,342,1671.554
2026-07-27 14:25:55.965,343,1676.442
2026-07-27 14:25:56.010,342,1671.554
2026-07-27 14:25:56.010,341,1666.667
2026-07-27 14:25:56.010,342,1671.554
2026-07-27 14:25:56.010,344,1681.329
2026-07-27 14:25:56.010,345,1686.217
2026-07-27 14:25:56.010,343,1676.442
2026-07-27 14:25:56.011,344,1681.329
2026-07-27 14:25:56.011,347,1695.992
2026-07-27 14:25:56.014,347,1695.992
2026-07-27 14:25:56.017,348,1700.88
2026-07-27 14:25:56.057,351,1715.543
2026-07-27 14:25:56.057,352,1720.43
2026-07-27 14:25:56.057,355,1735.093
2026-07-27 14:25:56.057,357,1744.868
2026-07-27 14:25:56.057,361,1764.418
2026-07-27 14:25:56.057,364,1779.081
2026-07-27 14:25:56.057,369,1803.519
2026-07-27 14:25:56.058,374,1827.957
2026-07-27 14:25:56.104,380,1857.283
2026-07-27 14:25:56.104,388,1896.383
2026-07-27 14:25:56.104,393,1920.821
2026-07-27 14:25:56.104,398,1945.259
2026-07-27 14:25:56.107,404,1974.585
2026-07-27 14:25:56.107,408,1994.135
2026-07-27 14:25:56.107,409,1999.022
2026-07-27 14:25:56.107,409,1999.022
2026-07-27 14:25:56.107,405,1979.472
2026-07-27 14:25:56.110,396,1935.484
2026-07-27 14:25:56.150,384,1876.833
2026-07-27 14:25:56.151,370,1808.407
2026-07-27 14:25:56.151,356,1739.98
2026-07-27 14:25:56.151,341,1666.667
2026-07-27 14:25:56.151,328,1603.128
2026-07-27 14:25:56.151,318,1554.252
2026-07-27 14:25:56.151,309,1510.264
2026-07-27 14:25:56.152,304,1485.826
2026-07-27 14:25:56.196,301,1471.163
2026-07-27 14:25:56.196,298,1456.5
2026-07-27 14:25:56.196,296,1446.725
2026-07-27 14:25:56.196,296,1446.725
2026-07-27 14:25:56.196,295,1441.838
2026-07-27 14:25:56.196,295,1441.838
2026-07-27 14:25:56.197,294,1436.95
2026-07-27 14:25:56.197,294,1436.95
2026-07-27 14:25:56.199,295,1441.838
2026-07-27 14:25:56.241,297,1451.613
2026-07-27 14:25:56.242,298,1456.5
2026-07-27 14:25:56.242,298,1456.5
2026-07-27 14:25:56.242,298,1456.5
2026-07-27 14:25:56.242,299,1461.388
2026-07-27 14:25:56.242,300,1466.276
2026-07-27 14:25:56.242,302,1476.051
2026-07-27 14:25:56.245,302,1476.051
2026-07-27 14:25:56.288,302,1476.051
2026-07-27 14:25:56.288,303,1480.938
2026-07-27 14:25:56.288,306,1495.601
2026-07-27 14:25:56.289,308,1505.376
2026-07-27 14:25:56.289,307,1500.489
2026-07-27 14:25:56.289,308,1505.376
2026-07-27 14:25:56.289,308,1505.376
2026-07-27 14:25:56.289,309,1510.264
2026-07-27 14:25:56.289,312,1524.927
2026-07-27 14:25:56.319,312,1524.927
2026-07-27 14:25:56.319,311,1520.039
2026-07-27 14:25:56.319,313,1529.814
2026-07-27 14:25:56.320,313,1529.814
2026-07-27 14:25:56.320,314,1534.702
2026-07-27 14:25:56.320,315,1539.589
2026-07-27 14:25:56.324,315,1539.589
2026-07-27 14:25:56.366,316,1544.477
2026-07-27 14:25:56.367,317,1549.365
2026-07-27 14:25:56.367,316,1544.477
2026-07-27 14:25:56.367,315,1539.589
2026-07-27 14:25:56.367,315,1539.589
2026-07-27 14:25:56.367,315,1539.589
2026-07-27 14:25:56.367,315,1539.589
2026-07-27 14:25:56.368,316,1544.477
2026-07-27 14:25:56.370,316,1544.477
2026-07-27 14:25:56.414,316,1544.477
2026-07-27 14:25:56.414,315,1539.589
2026-07-27 14:25:56.414,315,1539.589
2026-07-27 14:25:56.414,316,1544.477
2026-07-27 14:25:56.414,316,1544.477
2026-07-27 14:25:56.414,315,1539.589
2026-07-27 14:25:56.414,314,1534.702
2026-07-27 14:25:56.415,316,1544.477
2026-07-27 14:25:56.417,318,1554.252
2026-07-27 14:25:56.460,319,1559.14
2026-07-27 14:25:56.460,317,1549.365
2026-07-27 14:25:56.460,315,1539.589
2026-07-27 14:25:56.460,315,1539.589
2026-07-27 14:25:56.460,315,1539.589
2026-07-27 14:25:56.460,317,1549.365
2026-07-27 14:25:56.460,317,1549.365
2026-07-27 14:25:56.460,317,1549.365
2026-07-27 14:25:56.464,319,1559.14
2026-07-27 14:25:56.506,318,1554.252
2026-07-27 14:25:56.507,319,1559.14
2026-07-27 14:25:56.507,320,1564.027
2026-07-27 14:25:56.507,317,1549.365
2026-07-27 14:25:56.507,317,1549.365
2026-07-27 14:25:56.507,318,1554.252
2026-07-27 14:25:56.507,320,1564.027
2026-07-27 14:25:56.507,319,1559.14
2026-07-27 14:25:56.511,317,1549.365
2026-07-27 14:25:56.553,318,1554.252
2026-07-27 14:25:56.553,320,1564.027
2026-07-27 14:25:56.553,322,1573.803
2026-07-27 14:25:56.553,323,1578.69
2026-07-27 14:25:56.553,323,1578.69
2026-07-27 14:25:56.553,323,1578.69
2026-07-27 14:25:56.553,323,1578.69
2026-07-27 14:25:56.554,324,1583.578
2026-07-27 14:25:56.558,324,1583.578
2026-07-27 14:25:56.598,324,1583.578
2026-07-27 14:25:56.599,324,1583.578
2026-07-27 14:25:56.599,323,1578.69
2026-07-27 14:25:56.599,323,1578.69
2026-07-27 14:25:56.599,323,1578.69
2026-07-27 14:25:56.599,322,1573.803
2026-07-27 14:25:56.600,323,1578.69
2026-07-27 14:25:56.601,323,1578.69
2026-07-27 14:25:56.605,323,1578.69
2026-07-27 14:25:56.644,323,1578.69
2026-07-27 14:25:56.644,323,1578.69
2026-07-27 14:25:56.644,323,1578.69
2026-07-27 14:25:56.644,324,1583.578
2026-07-27 14:25:56.644,325,1588.465
2026-07-27 14:25:56.645,325,1588.465
2026-07-27 14:25:56.645,324,1583.578
2026-07-27 14:25:56.646,324,1583.578
2026-07-27 14:25:56.675,325,1588.465
2026-07-27 14:25:56.675,325,1588.465
2026-07-27 14:25:56.675,325,1588.465
2026-07-27 14:25:56.675,325,1588.465
2026-07-27 14:25:56.676,329,1608.016
2026-07-27 14:25:56.677,333,1627.566
2026-07-27 14:25:56.706,334,1632.454
2026-07-27 14:25:56.706,332,1622.678
2026-07-27 14:25:56.706,329,1608.016
2026-07-27 14:25:56.706,328,1603.128
2026-07-27 14:25:56.706,327,1598.24
2026-07-27 14:25:56.709,325,1588.465
2026-07-27 14:25:56.752,323,1578.69
2026-07-27 14:25:56.752,320,1564.027
2026-07-27 14:25:56.752,320,1564.027
2026-07-27 14:25:56.752,320,1564.027
2026-07-27 14:25:56.752,318,1554.252
2026-07-27 14:25:56.752,318,1554.252
2026-07-27 14:25:56.753,321,1568.915
2026-07-27 14:25:56.753,324,1583.578
2026-07-27 14:25:56.755,328,1603.128
2026-07-27 14:25:56.783,339,1656.891
2026-07-27 14:25:56.783,348,1700.88
2026-07-27 14:25:56.784,370,1808.407
2026-07-27 14:25:56.784,415,2028.348
2026-07-27 14:25:56.784,462,2258.065
2026-07-27 14:25:56.787,445,2174.976
2026-07-27 14:25:56.815,340,1661.779
2026-07-27 14:25:56.815,243,1187.683
2026-07-27 14:25:56.815,196,957.967
2026-07-27 14:25:56.815,234,1143.695
2026-07-27 14:25:56.815,291,1422.287
2026-07-27 14:25:56.818,322,1573.803
2026-07-27 14:25:56.847,333,1627.566
2026-07-27 14:25:56.847,340,1661.779
2026-07-27 14:25:56.847,345,1686.217
2026-07-27 14:25:56.847,342,1671.554
2026-07-27 14:25:56.847,337,1647.116
2026-07-27 14:25:56.849,338,1652.004
2026-07-27 14:25:56.878,339,1656.891
2026-07-27 14:25:56.879,340,1661.779
2026-07-27 14:25:56.879,341,1666.667
2026-07-27 14:25:56.892,342,1671.554
2026-07-27 14:25:56.893,343,1676.442
2026-07-27 14:25:56.893,345,1686.217
2026-07-27 14:25:56.893,346,1691.105
2026-07-27 14:25:56.893,345,1686.217
2026-07-27 14:25:56.897,346,1691.105
2026-07-27 14:25:56.902,346,1691.105
2026-07-27 14:25:56.908,347,1695.992
2026-07-27 14:25:56.912,350,1710.655
2026-07-27 14:25:56.941,352,1720.43
2026-07-27 14:25:56.941,352,1720.43
2026-07-27 14:25:56.941,351,1715.543
2026-07-27 14:25:56.941,353,1725.318
2026-07-27 14:25:56.941,355,1735.093
2026-07-27 14:25:56.943,357,1744.868
2026-07-27 14:25:56.971,359,1754.643
2026-07-27 14:25:56.971,363,1774.194
2026-07-27 14:25:56.971,368,1798.631
2026-07-27 14:25:56.971,373,1823.069
2026-07-27 14:25:56.972,380,1857.283
2026-07-27 14:25:57.002,387,1891.496
2026-07-27 14:25:57.002,395,1930.596
2026-07-27 14:25:57.002,404,1974.585
2026-07-27 14:25:57.002,411,2008.798
2026-07-27 14:25:57.002,417,2038.123
2026-07-27 14:25:57.023,422,2062.561
2026-07-27 14:25:57.023,426,2082.111
2026-07-27 14:25:57.023,425,2077.224
2026-07-27 14:25:57.024,421,2057.674
2026-07-27 14:25:57.024,413,2018.573
2026-07-27 14:25:57.026,399,1950.147
2026-07-27 14:25:57.079,382,1867.058
2026-07-27 14:25:57.079,366,1788.856
2026-07-27 14:25:57.079,351,1715.543
2026-07-27 14:25:57.080,337,1647.116
2026-07-27 14:25:57.080,327,1598.24
2026-07-27 14:25:57.080,321,1568.915
2026-07-27 14:25:57.080,314,1534.702
2026-07-27 14:25:57.080,309,1510.264
2026-07-27 14:25:57.080,306,1495.601
2026-07-27 14:25:57.080,302,1476.051
2026-07-27 14:25:57.083,303,1480.938
2026-07-27 14:25:57.126,303,1480.938
2026-07-27 14:25:57.127,303,1480.938
2026-07-27 14:25:57.127,302,1476.051
2026-07-27 14:25:57.127,304,1485.826
2026-07-27 14:25:57.127,305,1490.714
2026-07-27 14:25:57.127,304,1485.826
2026-07-27 14:25:57.127,305,1490.714
2026-07-27 14:25:57.130,305,1490.714
2026-07-27 14:25:57.130,306,1495.601
2026-07-27 14:25:57.159,305,1490.714
2026-07-27 14:25:57.159,308,1505.376
2026-07-27 14:25:57.159,308,1505.376
2026-07-27 14:25:57.159,308,1505.376
2026-07-27 14:25:57.159,308,1505.376
2026-07-27 14:25:57.161,309,1510.264
2026-07-27 14:25:57.190,309,1510.264
2026-07-27 14:25:57.190,309,1510.264
2026-07-27 14:25:57.190,311,1520.039
2026-07-27 14:25:57.190,311,1520.039
2026-07-27 14:25:57.190,312,1524.927
2026-07-27 14:25:57.192,311,1520.039
2026-07-27 14:25:57.221,313,1529.814
2026-07-27 14:25:57.221,314,1534.702
2026-07-27 14:25:57.221,313,1529.814
2026-07-27 14:25:57.222,311,1520.039
2026-07-27 14:25:57.222,312,1524.927
2026-07-27 14:25:57.223,315,1539.589
2026-07-27 14:25:57.252,316,1544.477
2026-07-27 14:25:57.252,314,1534.702
2026-07-27 14:25:57.252,315,1539.589
2026-07-27 14:25:57.252,314,1534.702
2026-07-27 14:25:57.252,315,1539.589
2026-07-27 14:25:57.255,318,1554.252
2026-07-27 14:25:57.283,319,1559.14
2026-07-27 14:25:57.284,317,1549.365
2026-07-27 14:25:57.284,318,1554.252
2026-07-27 14:25:57.284,318,1554.252
2026-07-27 14:25:57.284,318,1554.252
2026-07-27 14:25:57.286,320,1564.027
2026-07-27 14:25:57.315,321,1568.915
2026-07-27 14:25:57.315,321,1568.915
2026-07-27 14:25:57.316,320,1564.027
2026-07-27 14:25:57.316,321,1568.915
2026-07-27 14:25:57.317,322,1573.803
2026-07-27 14:25:57.317,322,1573.803
2026-07-27 14:25:57.360,323,1578.69
2026-07-27 14:25:57.360,323,1578.69
2026-07-27 14:25:57.360,322,1573.803
2026-07-27 14:25:57.361,324,1583.578
2026-07-27 14:25:57.361,327,1598.24
2026-07-27 14:25:57.361,328,1603.128
2026-07-27 14:25:57.361,328,1603.128
2026-07-27 14:25:57.361,329,1608.016
2026-07-27 14:25:57.407,328,1603.128
2026-07-27 14:25:57.407,327,1598.24
2026-07-27 14:25:57.407,328,1603.128
2026-07-27 14:25:57.407,330,1612.903
2026-07-27 14:25:57.408,328,1603.128
2026-07-27 14:25:57.409,327,1598.24
2026-07-27 14:25:57.409,329,1608.016
2026-07-27 14:25:57.409,328,1603.128
2026-07-27 14:25:57.409,326,1593.353
2026-07-27 14:25:57.412,326,1593.353
2026-07-27 14:25:57.417,329,1608.016
2026-07-27 14:25:57.422,330,1612.903
2026-07-27 14:25:57.470,331,1617.791
2026-07-27 14:25:57.471,328,1603.128
2026-07-27 14:25:57.471,326,1593.353
2026-07-27 14:25:57.471,327,1598.24
2026-07-27 14:25:57.471,328,1603.128
2026-07-27 14:25:57.471,329,1608.016
2026-07-27 14:25:57.471,329,1608.016
2026-07-27 14:25:57.471,330,1612.903
2026-07-27 14:25:57.471,329,1608.016
2026-07-27 14:25:57.473,330,1612.903
2026-07-27 14:25:57.517,329,1608.016
2026-07-27 14:25:57.517,330,1612.903
2026-07-27 14:25:57.517,331,1617.791
2026-07-27 14:25:57.517,330,1612.903
2026-07-27 14:25:57.517,329,1608.016
2026-07-27 14:25:57.517,332,1622.678
2026-07-27 14:25:57.518,332,1622.678
2026-07-27 14:25:57.521,331,1617.791
2026-07-27 14:25:57.521,331,1617.791
2026-07-27 14:25:57.525,331,1617.791
2026-07-27 14:25:57.564,331,1617.791
2026-07-27 14:25:57.564,333,1627.566
2026-07-27 14:25:57.564,333,1627.566
2026-07-27 14:25:57.565,332,1622.678
2026-07-27 14:25:57.565,333,1627.566
2026-07-27 14:25:57.565,335,1637.341
2026-07-27 14:25:57.565,336,1642.229
2026-07-27 14:25:57.567,334,1632.454
2026-07-27 14:25:57.610,334,1632.454
2026-07-27 14:25:57.610,335,1637.341
2026-07-27 14:25:57.610,335,1637.341
2026-07-27 14:25:57.610,335,1637.341
2026-07-27 14:25:57.611,336,1642.229
2026-07-27 14:25:57.611,335,1637.341
2026-07-27 14:25:57.611,334,1632.454
2026-07-27 14:25:57.611,336,1642.229
2026-07-27 14:25:57.614,337,1647.116
2026-07-27 14:25:57.658,336,1642.229
2026-07-27 14:25:57.658,336,1642.229
2026-07-27 14:25:57.658,341,1666.667
2026-07-27 14:25:57.658,344,1681.329
2026-07-27 14:25:57.659,345,1686.217
2026-07-27 14:25:57.662,343,1676.442
2026-07-27 14:25:57.662,340,1661.779
2026-07-27 14:25:57.662,337,1647.116
2026-07-27 14:25:57.662,336,1642.229
2026-07-27 14:25:57.665,334,1632.454
2026-07-27 14:25:57.704,332,1622.678
2026-07-27 14:25:57.704,332,1622.678
2026-07-27 14:25:57.704,331,1617.791
2026-07-27 14:25:57.704,332,1622.678
2026-07-27 14:25:57.705,334,1632.454
2026-07-27 14:25:57.705,335,1637.341
2026-07-27 14:25:57.705,338,1652.004
2026-07-27 14:25:57.707,344,1681.329
2026-07-27 14:25:57.750,357,1744.868
2026-07-27 14:25:57.750,368,1798.631
2026-07-27 14:25:57.750,388,1896.383
2026-07-27 14:25:57.750,426,2082.111
2026-07-27 14:25:57.750,469,2292.278
2026-07-27 14:25:57.750,462,2258.065
2026-07-27 14:25:57.750,338,1652.004
2026-07-27 14:25:57.751,228,1114.37
2026-07-27 14:25:57.754,203,992.18
2026-07-27 14:25:57.796,256,1251.222
2026-07-27 14:25:57.797,304,1485.826
2026-07-27 14:25:57.797,323,1578.69
2026-07-27 14:25:57.797,334,1632.454
2026-07-27 14:25:57.797,342,1671.554
2026-07-27 14:25:57.797,347,1695.992
2026-07-27 14:25:57.797,347,1695.992
2026-07-27 14:25:57.797,346,1691.105
2026-07-27 14:25:57.801,346,1691.105
2026-07-27 14:25:57.843,348,1700.88
2026-07-27 14:25:57.843,347,1695.992
2026-07-27 14:25:57.844,348,1700.88
2026-07-27 14:25:57.844,347,1695.992
2026-07-27 14:25:57.844,347,1695.992
2026-07-27 14:25:57.844,347,1695.992
2026-07-27 14:25:57.844,348,1700.88
2026-07-27 14:25:57.844,348,1700.88
2026-07-27 14:25:57.890,348,1700.88
2026-07-27 14:25:57.890,351,1715.543
2026-07-27 14:25:57.890,352,1720.43
2026-07-27 14:25:57.890,351,1715.543
2026-07-27 14:25:57.890,351,1715.543
2026-07-27 14:25:57.890,352,1720.43
2026-07-27 14:25:57.891,354,1730.205
2026-07-27 14:25:57.891,356,1739.98
2026-07-27 14:25:57.985,358,1749.756
2026-07-27 14:25:57.985,359,1754.643
2026-07-27 14:25:57.985,361,1764.418
2026-07-27 14:25:57.985,362,1769.306
2026-07-27 14:25:57.985,366,1788.856
2026-07-27 14:25:57.986,370,1808.407
2026-07-27 14:25:57.986,374,1827.957
2026-07-27 14:25:57.986,381,1862.17
2026-07-27 14:25:57.986,388,1896.383
2026-07-27 14:25:57.986,393,1920.821
2026-07-27 14:25:57.986,397,1940.371
2026-07-27 14:25:57.986,400,1955.034
2026-07-27 14:25:57.986,401,1959.922
2026-07-27 14:25:58.035,404,1974.585
2026-07-27 14:25:58.036,405,1979.472
2026-07-27 14:25:58.036,401,1959.922
2026-07-27 14:25:58.036,392,1915.934
2026-07-27 14:25:58.036,381,1862.17
2026-07-27 14:25:58.036,368,1798.631
2026-07-27 14:25:58.036,354,1730.205
2026-07-27 14:25:58.036,342,1671.554
2026-07-27 14:25:58.036,331,1617.791
2026-07-27 14:25:58.037,321,1568.915
2026-07-27 14:25:58.037,315,1539.589
2026-07-27 14:25:58.037,312,1524.927
2026-07-27 14:25:58.048,308,1505.376
2026-07-27 14:25:58.048,305,1490.714
2026-07-27 14:25:58.048,302,1476.051
2026-07-27 14:25:58.048,302,1476.051
2026-07-27 14:25:58.048,303,1480.938
2026-07-27 14:25:58.048,303,1480.938
2026-07-27 14:25:58.051,302,1476.051
2026-07-27 14:25:58.094,301,1471.163
2026-07-27 14:25:58.095,301,1471.163
2026-07-27 14:25:58.095,303,1480.938
2026-07-27 14:25:58.095,303,1480.938
2026-07-27 14:25:58.095,303,1480.938
2026-07-27 14:25:58.095,304,1485.826
2026-07-27 14:25:58.095,304,1485.826
2026-07-27 14:25:58.095,305,1490.714
2026-07-27 14:25:58.097,306,1495.601
2026-07-27 14:25:58.140,306,1495.601
2026-07-27 14:25:58.140,306,1495.601
2026-07-27 14:25:58.140,307,1500.489
2026-07-27 14:25:58.141,308,1505.376
2026-07-27 14:25:58.141,309,1510.264
2026-07-27 14:25:58.141,311,1520.039
2026-07-27 14:25:58.141,312,1524.927
2026-07-27 14:25:58.141,313,1529.814
2026-07-27 14:25:58.144,313,1529.814
2026-07-27 14:25:58.187,314,1534.702
2026-07-27 14:25:58.187,315,1539.589
2026-07-27 14:25:58.188,315,1539.589
2026-07-27 14:25:58.191,316,1544.477
2026-07-27 14:25:58.191,316,1544.477
2026-07-27 14:25:58.192,316,1544.477
2026-07-27 14:25:58.192,315,1539.589
2026-07-27 14:25:58.192,315,1539.589
2026-07-27 14:25:58.192,315,1539.589
2026-07-27 14:25:58.237,315,1539.589
2026-07-27 14:25:58.237,317,1549.365
2026-07-27 14:25:58.237,318,1554.252
2026-07-27 14:25:58.237,318,1554.252
2026-07-27 14:25:58.237,318,1554.252
2026-07-27 14:25:58.238,317,1549.365
2026-07-27 14:25:58.238,318,1554.252
2026-07-27 14:25:58.238,320,1564.027
2026-07-27 14:25:58.238,319,1559.14
2026-07-27 14:25:58.281,319,1559.14
2026-07-27 14:25:58.281,320,1564.027
2026-07-27 14:25:58.281,319,1559.14
2026-07-27 14:25:58.281,320,1564.027
2026-07-27 14:25:58.281,320,1564.027
2026-07-27 14:25:58.281,321,1568.915
2026-07-27 14:25:58.281,321,1568.915
2026-07-27 14:25:58.282,321,1568.915
2026-07-27 14:25:58.285,322,1573.803
2026-07-27 14:25:58.327,324,1583.578
2026-07-27 14:25:58.327,324,1583.578
2026-07-27 14:25:58.327,323,1578.69
2026-07-27 14:25:58.327,322,1573.803
2026-07-27 14:25:58.328,322,1573.803
2026-07-27 14:25:58.328,322,1573.803
2026-07-27 14:25:58.328,321,1568.915
2026-07-27 14:25:58.335,321,1568.915
2026-07-27 14:25:58.335,321,1568.915
2026-07-27 14:25:58.337,320,1564.027
2026-07-27 14:25:58.389,319,1559.14
2026-07-27 14:25:58.389,318,1554.252
2026-07-27 14:25:58.389,320,1564.027
2026-07-27 14:25:58.389,320,1564.027
2026-07-27 14:25:58.389,320,1564.027
2026-07-27 14:25:58.390,320,1564.027
2026-07-27 14:25:58.390,320,1564.027
2026-07-27 14:25:58.390,321,1568.915
2026-07-27 14:25:58.390,321,1568.915
2026-07-27 14:25:58.390,321,1568.915
2026-07-27 14:25:58.394,322,1573.803
2026-07-27 14:25:58.436,321,1568.915
2026-07-27 14:25:58.436,321,1568.915
2026-07-27 14:25:58.436,320,1564.027
2026-07-27 14:25:58.436,320,1564.027
2026-07-27 14:25:58.436,318,1554.252
2026-07-27 14:25:58.436,318,1554.252
2026-07-27 14:25:58.436,319,1559.14
2026-07-27 14:25:58.437,319,1559.14
2026-07-27 14:25:58.442,319,1559.14
2026-07-27 14:25:58.446,320,1564.027
2026-07-27 14:25:58.483,320,1564.027
2026-07-27 14:25:58.483,319,1559.14
2026-07-27 14:25:58.483,320,1564.027
2026-07-27 14:25:58.483,320,1564.027
2026-07-27 14:25:58.483,320,1564.027
2026-07-27 14:25:58.483,320,1564.027
2026-07-27 14:25:58.484,322,1573.803
2026-07-27 14:25:58.487,323,1578.69
2026-07-27 14:25:58.528,322,1573.803
2026-07-27 14:25:58.529,321,1568.915
2026-07-27 14:25:58.529,321,1568.915
2026-07-27 14:25:58.529,323,1578.69
2026-07-27 14:25:58.529,325,1588.465
2026-07-27 14:25:58.529,325,1588.465
2026-07-27 14:25:58.529,326,1593.353
2026-07-27 14:25:58.529,330,1612.903
2026-07-27 14:25:58.575,334,1632.454
2026-07-27 14:25:58.575,332,1622.678
2026-07-27 14:25:58.575,330,1612.903
2026-07-27 14:25:58.575,330,1612.903
2026-07-27 14:25:58.575,328,1603.128
2026-07-27 14:25:58.576,327,1598.24
2026-07-27 14:25:58.576,325,1588.465
2026-07-27 14:25:58.576,321,1568.915
2026-07-27 14:25:58.576,318,1554.252
2026-07-27 14:25:58.621,319,1559.14
2026-07-27 14:25:58.622,321,1568.915
2026-07-27 14:25:58.622,322,1573.803
2026-07-27 14:25:58.622,321,1568.915
2026-07-27 14:25:58.622,323,1578.69
2026-07-27 14:25:58.622,326,1593.353
2026-07-27 14:25:58.622,334,1632.454
2026-07-27 14:25:58.622,345,1686.217
2026-07-27 14:25:58.623,352,1720.43
2026-07-27 14:25:58.667,377,1842.62
2026-07-27 14:25:58.667,419,2047.898
2026-07-27 14:25:58.668,439,2145.65
2026-07-27 14:25:58.668,379,1852.395
2026-07-27 14:25:58.668,277,1353.861
2026-07-27 14:25:58.668,218,1065.494
2026-07-27 14:25:58.668,208,1016.618
2026-07-27 14:25:58.668,252,1231.672
2026-07-27 14:25:58.669,299,1461.388
2026-07-27 14:25:58.713,325,1588.465
2026-07-27 14:25:58.713,334,1632.454
2026-07-27 14:25:58.716,339,1656.891
2026-07-27 14:25:58.716,341,1666.667
2026-07-27 14:25:58.716,339,1656.891
2026-07-27 14:25:58.716,338,1652.004
2026-07-27 14:25:58.716,339,1656.891
2026-07-27 14:25:58.716,339,1656.891
2026-07-27 14:25:58.717,339,1656.891
2026-07-27 14:25:58.721,339,1656.891
2026-07-27 14:25:58.760,340,1661.779
2026-07-27 14:25:58.760,341,1666.667
2026-07-27 14:25:58.760,342,1671.554
2026-07-27 14:25:58.760,343,1676.442
2026-07-27 14:25:58.760,342,1671.554
2026-07-27 14:25:58.761,340,1661.779
2026-07-27 14:25:58.761,341,1666.667
2026-07-27 14:25:58.763,341,1666.667
2026-07-27 14:25:58.806,343,1676.442
2026-07-27 14:25:58.806,342,1671.554
2026-07-27 14:25:58.806,342,1671.554
2026-07-27 14:25:58.806,343,1676.442
2026-07-27 14:25:58.806,343,1676.442
2026-07-27 14:25:58.806,344,1681.329
2026-07-27 14:25:58.806,347,1695.992
2026-07-27 14:25:58.806,349,1705.767
2026-07-27 14:25:58.810,352,1720.43
2026-07-27 14:25:58.854,355,1735.093
2026-07-27 14:25:58.854,359,1754.643
2026-07-27 14:25:58.854,364,1779.081
2026-07-27 14:25:58.854,370,1808.407
2026-07-27 14:25:58.854,375,1832.845
2026-07-27 14:25:58.855,380,1857.283
2026-07-27 14:25:58.855,385,1881.72
2026-07-27 14:25:58.855,390,1906.158
2026-07-27 14:25:58.899,394,1925.709
2026-07-27 14:25:58.900,397,1940.371
2026-07-27 14:25:58.900,397,1940.371
2026-07-27 14:25:58.900,392,1915.934
2026-07-27 14:25:58.900,382,1867.058
2026-07-27 14:25:58.900,370,1808.407
2026-07-27 14:25:58.900,356,1739.98
2026-07-27 14:25:58.900,342,1671.554
2026-07-27 14:25:58.900,328,1603.128
2026-07-27 14:25:58.903,316,1544.477
2026-07-27 14:25:58.948,308,1505.376
2026-07-27 14:25:58.948,302,1476.051
2026-07-27 14:25:58.948,298,1456.5
2026-07-27 14:25:58.948,296,1446.725
2026-07-27 14:25:58.948,294,1436.95
2026-07-27 14:25:58.950,291,1422.287
2026-07-27 14:25:58.950,291,1422.287
2026-07-27 14:25:58.958,291,1422.287
2026-07-27 14:25:58.958,291,1422.287
2026-07-27 14:25:58.958,292,1427.175
2026-07-27 14:25:58.962,291,1422.287
2026-07-27 14:25:58.966,292,1427.175
2026-07-27 14:25:59.007,294,1436.95
2026-07-27 14:25:59.007,294,1436.95
2026-07-27 14:25:59.007,295,1441.838
2026-07-27 14:25:59.008,296,1446.725
2026-07-27 14:25:59.008,297,1451.613
2026-07-27 14:25:59.008,299,1461.388
2026-07-27 14:25:59.008,300,1466.276
2026-07-27 14:25:59.009,301,1471.163
2026-07-27 14:25:59.012,301,1471.163
2026-07-27 14:25:59.055,303,1480.938
2026-07-27 14:25:59.055,304,1485.826
2026-07-27 14:25:59.055,305,1490.714
2026-07-27 14:25:59.055,305,1490.714
2026-07-27 14:25:59.056,305,1490.714
2026-07-27 14:25:59.056,306,1495.601
2026-07-27 14:25:59.056,307,1500.489
2026-07-27 14:25:59.072,307,1500.489
2026-07-27 14:25:59.072,307,1500.489
2026-07-27 14:25:59.072,307,1500.489
2026-07-27 14:25:59.072,309,1510.264
2026-07-27 14:25:59.075,309,1510.264
2026-07-27 14:25:59.117,309,1510.264
2026-07-27 14:25:59.117,308,1505.376
2026-07-27 14:25:59.117,309,1510.264
2026-07-27 14:25:59.117,310,1515.152
2026-07-27 14:25:59.117,310,1515.152
2026-07-27 14:25:59.118,311,1520.039
2026-07-27 14:25:59.118,312,1524.927
2026-07-27 14:25:59.118,313,1529.814
2026-07-27 14:25:59.122,313,1529.814
2026-07-27 14:25:59.164,314,1534.702
2026-07-27 14:25:59.164,314,1534.702
2026-07-27 14:25:59.164,315,1539.589
2026-07-27 14:25:59.164,316,1544.477
2026-07-27 14:25:59.164,316,1544.477
2026-07-27 14:25:59.164,316,1544.477
2026-07-27 14:25:59.165,318,1554.252
2026-07-27 14:25:59.168,318,1554.252
2026-07-27 14:25:59.169,319,1559.14
2026-07-27 14:25:59.209,319,1559.14
2026-07-27 14:25:59.209,320,1564.027
2026-07-27 14:25:59.209,320,1564.027
2026-07-27 14:25:59.209,321,1568.915
2026-07-27 14:25:59.210,322,1573.803
2026-07-27 14:25:59.210,322,1573.803
2026-07-27 14:25:59.213,323,1578.69
2026-07-27 14:25:59.213,322,1573.803
2026-07-27 14:25:59.215,322,1573.803
2026-07-27 14:25:59.257,323,1578.69
2026-07-27 14:25:59.257,324,1583.578
2026-07-27 14:25:59.257,325,1588.465
2026-07-27 14:25:59.257,326,1593.353
2026-07-27 14:25:59.258,324,1583.578
2026-07-27 14:25:59.258,323,1578.69
2026-07-27 14:25:59.258,324,1583.578
2026-07-27 14:25:59.263,325,1588.465
2026-07-27 14:25:59.263,325,1588.465
2026-07-27 14:25:59.302,325,1588.465
2026-07-27 14:25:59.302,325,1588.465
2026-07-27 14:25:59.302,327,1598.24
2026-07-27 14:25:59.303,327,1598.24
2026-07-27 14:25:59.303,326,1593.353
2026-07-27 14:25:59.303,325,1588.465
2026-07-27 14:25:59.303,326,1593.353
2026-07-27 14:25:59.304,328,1603.128
2026-07-27 14:25:59.333,329,1608.016
2026-07-27 14:25:59.334,329,1608.016
2026-07-27 14:25:59.334,329,1608.016
2026-07-27 14:25:59.334,330,1612.903
2026-07-27 14:25:59.334,329,1608.016
2026-07-27 14:25:59.335,329,1608.016
2026-07-27 14:25:59.364,330,1612.903
2026-07-27 14:25:59.366,330,1612.903
2026-07-27 14:25:59.366,332,1622.678
2026-07-27 14:25:59.366,331,1617.791
2026-07-27 14:25:59.366,329,1608.016
2026-07-27 14:25:59.368,328,1603.128
2026-07-27 14:25:59.371,330,1612.903
2026-07-27 14:25:59.412,331,1617.791
2026-07-27 14:25:59.412,331,1617.791
2026-07-27 14:25:59.412,331,1617.791
2026-07-27 14:25:59.412,331,1617.791
2026-07-27 14:25:59.412,332,1622.678
2026-07-27 14:25:59.412,332,1622.678
2026-07-27 14:25:59.412,331,1617.791
2026-07-27 14:25:59.413,331,1617.791
2026-07-27 14:25:59.442,332,1622.678
2026-07-27 14:25:59.442,334,1632.454
2026-07-27 14:25:59.443,336,1642.229
2026-07-27 14:25:59.443,336,1642.229
2026-07-27 14:25:59.443,334,1632.454
2026-07-27 14:25:59.444,332,1622.678
2026-07-27 14:25:59.472,335,1637.341
2026-07-27 14:25:59.472,338,1652.004
2026-07-27 14:25:59.472,339,1656.891
2026-07-27 14:25:59.473,338,1652.004
2026-07-27 14:25:59.473,340,1661.779
2026-07-27 14:25:59.475,344,1681.329
2026-07-27 14:25:59.504,345,1686.217
2026-07-27 14:25:59.504,348,1700.88
2026-07-27 14:25:59.504,347,1695.992
2026-07-27 14:25:59.504,342,1671.554
2026-07-27 14:25:59.505,339,1656.891
2026-07-27 14:25:59.507,338,1652.004
2026-07-27 14:25:59.535,335,1637.341
2026-07-27 14:25:59.535,332,1622.678
2026-07-27 14:25:59.535,331,1617.791
2026-07-27 14:25:59.535,332,1622.678
2026-07-27 14:25:59.535,333,1627.566
2026-07-27 14:25:59.538,336,1642.229
2026-07-27 14:25:59.568,338,1652.004
2026-07-27 14:25:59.568,341,1666.667
2026-07-27 14:25:59.568,346,1691.105
2026-07-27 14:25:59.568,358,1749.756
2026-07-27 14:25:59.568,371,1813.294
2026-07-27 14:25:59.613,401,1959.922
2026-07-27 14:25:59.613,450,2199.413
2026-07-27 14:25:59.613,486,2375.367
2026-07-27 14:25:59.613,432,2111.437
2026-07-27 14:25:59.613,312,1524.927
2026-07-27 14:25:59.614,232,1133.92
2026-07-27 14:25:59.614,212,1036.168
2026-07-27 14:25:59.614,265,1295.21
2026-07-27 14:25:59.614,317,1549.365
2026-07-27 14:25:59.616,340,1661.779
2026-07-27 14:25:59.645,348,1700.88
2026-07-27 14:25:59.645,356,1739.98
2026-07-27 14:25:59.645,357,1744.868
2026-07-27 14:25:59.645,354,1730.205
2026-07-27 14:25:59.645,352,1720.43
2026-07-27 14:25:59.647,352,1720.43
2026-07-27 14:25:59.676,353,1725.318
2026-07-27 14:25:59.676,353,1725.318
2026-07-27 14:25:59.676,355,1735.093
2026-07-27 14:25:59.676,358,1749.756
2026-07-27 14:25:59.676,357,1744.868
2026-07-27 14:25:59.678,356,1739.98
2026-07-27 14:25:59.707,358,1749.756
2026-07-27 14:25:59.707,360,1759.531
2026-07-27 14:25:59.707,362,1769.306
2026-07-27 14:25:59.707,362,1769.306
2026-07-27 14:25:59.707,362,1769.306
2026-07-27 14:25:59.709,363,1774.194
2026-07-27 14:25:59.737,364,1779.081
2026-07-27 14:25:59.738,364,1779.081
2026-07-27 14:25:59.741,364,1779.081
2026-07-27 14:25:59.741,368,1798.631
2026-07-27 14:25:59.741,370,1808.407
2026-07-27 14:25:59.741,372,1818.182
2026-07-27 14:25:59.770,374,1827.957
2026-07-27 14:25:59.770,378,1847.507
2026-07-27 14:25:59.770,384,1876.833
2026-07-27 14:25:59.770,390,1906.158
2026-07-27 14:25:59.770,396,1935.484
2026-07-27 14:25:59.800,402,1964.809
2026-07-27 14:25:59.800,407,1989.247
2026-07-27 14:25:59.800,417,2038.123
2026-07-27 14:25:59.800,422,2062.561
2026-07-27 14:25:59.801,423,2067.449
2026-07-27 14:25:59.801,425,2077.224
2026-07-27 14:25:59.803,424,2072.336
2026-07-27 14:25:59.832,421,2057.674
2026-07-27 14:25:59.832,415,2028.348
2026-07-27 14:25:59.832,403,1969.697
2026-07-27 14:25:59.832,385,1881.72
2026-07-27 14:25:59.833,365,1783.969
2026-07-27 14:25:59.862,347,1695.992
2026-07-27 14:25:59.862,334,1632.454
2026-07-27 14:25:59.863,322,1573.803
2026-07-27 14:25:59.863,313,1529.814
2026-07-27 14:25:59.863,306,1495.601
2026-07-27 14:25:59.863,301,1471.163
2026-07-27 14:25:59.868,299,1461.388
2026-07-27 14:25:59.871,298,1456.5
2026-07-27 14:25:59.909,297,1451.613
2026-07-27 14:25:59.909,296,1446.725
2026-07-27 14:25:59.909,295,1441.838
2026-07-27 14:25:59.909,295,1441.838
2026-07-27 14:25:59.909,297,1451.613
2026-07-27 14:25:59.909,298,1456.5
2026-07-27 14:25:59.909,297,1451.613
2026-07-27 14:25:59.912,296,1446.725
2026-07-27 14:25:59.940,296,1446.725
2026-07-27 14:25:59.940,299,1461.388
2026-07-27 14:25:59.940,302,1476.051
2026-07-27 14:25:59.940,304,1485.826
2026-07-27 14:25:59.941,305,1490.714
2026-07-27 14:25:59.943,306,1495.601
2026-07-27 14:25:59.972,307,1500.489
2026-07-27 14:25:59.972,310,1515.152
2026-07-27 14:25:59.972,311,1520.039
2026-07-27 14:25:59.972,315,1539.589
2026-07-27 14:25:59.973,317,1549.365
2026-07-27 14:25:59.976,318,1554.252
2026-07-27 14:25:59.980,320,1564.027
2026-07-27 14:26:00.018,321,1568.915
2026-07-27 14:26:00.018,322,1573.803
2026-07-27 14:26:00.019,327,1598.24
2026-07-27 14:26:00.019,329,1608.016
2026-07-27 14:26:00.042,332,1622.678
2026-07-27 14:26:00.042,333,1627.566
2026-07-27 14:26:00.042,335,1637.341
2026-07-27 14:26:00.042,338,1652.004
2026-07-27 14:26:00.043,340,1661.779
2026-07-27 14:26:00.043,344,1681.329
2026-07-27 14:26:00.043,345,1686.217
2026-07-27 14:26:00.043,347,1695.992
2026-07-27 14:26:00.048,348,1700.88
2026-07-27 14:26:00.095,349,1705.767
2026-07-27 14:26:00.095,351,1715.543
2026-07-27 14:26:00.095,352,1720.43
2026-07-27 14:26:00.096,353,1725.318
2026-07-27 14:26:00.096,352,1720.43
2026-07-27 14:26:00.096,354,1730.205
2026-07-27 14:26:00.096,357,1744.868
2026-07-27 14:26:00.096,356,1739.98
2026-07-27 14:26:00.096,355,1735.093
2026-07-27 14:26:00.099,355,1735.093
2026-07-27 14:26:00.142,357,1744.868
2026-07-27 14:26:00.142,357,1744.868
2026-07-27 14:26:00.142,359,1754.643
2026-07-27 14:26:00.142,359,1754.643
2026-07-27 14:26:00.142,357,1744.868
2026-07-27 14:26:00.142,358,1749.756
2026-07-27 14:26:00.143,360,1759.531
2026-07-27 14:26:00.143,361,1764.418
2026-07-27 14:26:00.146,359,1754.643
2026-07-27 14:26:00.188,360,1759.531
2026-07-27 14:26:00.188,360,1759.531
2026-07-27 14:26:00.188,359,1754.643
2026-07-27 14:26:00.188,360,1759.531
2026-07-27 14:26:00.189,363,1774.194
2026-07-27 14:26:00.189,364,1779.081
2026-07-27 14:26:00.189,366,1788.856
2026-07-27 14:26:00.189,365,1783.969
2026-07-27 14:26:00.193,364,1779.081
2026-07-27 14:26:00.234,364,1779.081
2026-07-27 14:26:00.234,365,1783.969
2026-07-27 14:26:00.234,368,1798.631
2026-07-27 14:26:00.234,370,1808.407
2026-07-27 14:26:00.234,368,1798.631
2026-07-27 14:26:00.234,367,1793.744
2026-07-27 14:26:00.235,370,1808.407
2026-07-27 14:26:00.235,374,1827.957
2026-07-27 14:26:00.281,374,1827.957
2026-07-27 14:26:00.284,374,1827.957
2026-07-27 14:26:00.284,373,1823.069
2026-07-27 14:26:00.285,372,1818.182
2026-07-27 14:26:00.285,373,1823.069
2026-07-27 14:26:00.285,372,1818.182
2026-07-27 14:26:00.285,373,1823.069
2026-07-27 14:26:00.285,374,1827.957
2026-07-27 14:26:00.285,376,1837.732
2026-07-27 14:26:00.288,377,1842.62
2026-07-27 14:26:00.327,376,1837.732
2026-07-27 14:26:00.327,375,1832.845
2026-07-27 14:26:00.327,376,1837.732
2026-07-27 14:26:00.327,376,1837.732
2026-07-27 14:26:00.328,375,1832.845
2026-07-27 14:26:00.328,375,1832.845
2026-07-27 14:26:00.328,374,1827.957
2026-07-27 14:26:00.328,372,1818.182
2026-07-27 14:26:00.373,373,1823.069
2026-07-27 14:26:00.373,377,1842.62
2026-07-27 14:26:00.373,379,1852.395
2026-07-27 14:26:00.373,375,1832.845
2026-07-27 14:26:00.373,370,1808.407
2026-07-27 14:26:00.374,370,1808.407
2026-07-27 14:26:00.374,372,1818.182
2026-07-27 14:26:00.374,371,1813.294
2026-07-27 14:26:00.375,371,1813.294
2026-07-27 14:26:00.419,373,1823.069
2026-07-27 14:26:00.419,379,1852.395
2026-07-27 14:26:00.419,380,1857.283
2026-07-27 14:26:00.419,377,1842.62
2026-07-27 14:26:00.419,375,1832.845
2026-07-27 14:26:00.419,373,1823.069
2026-07-27 14:26:00.419,372,1818.182
2026-07-27 14:26:00.420,370,1808.407
2026-07-27 14:26:00.422,367,1793.744
2026-07-27 14:26:00.466,363,1774.194
2026-07-27 14:26:00.466,361,1764.418
2026-07-27 14:26:00.466,362,1769.306
2026-07-27 14:26:00.466,363,1774.194
2026-07-27 14:26:00.466,363,1774.194
2026-07-27 14:26:00.466,361,1764.418
2026-07-27 14:26:00.467,365,1783.969
2026-07-27 14:26:00.467,370,1808.407
2026-07-27 14:26:00.469,381,1862.17
2026-07-27 14:26:00.512,389,1901.271
2026-07-27 14:26:00.512,408,1994.135
2026-07-27 14:26:00.512,447,2184.751
2026-07-27 14:26:00.512,488,2385.142
2026-07-27 14:26:00.512,477,2331.378
2026-07-27 14:26:00.512,364,1779.081
2026-07-27 14:26:00.512,263,1285.435
2026-07-27 14:26:00.513,232,1133.92
2026-07-27 14:26:00.559,276,1348.974
2026-07-27 14:26:00.559,324,1583.578
2026-07-27 14:26:00.559,345,1686.217
2026-07-27 14:26:00.560,359,1754.643
2026-07-27 14:26:00.560,369,1803.519
2026-07-27 14:26:00.560,371,1813.294
2026-07-27 14:26:00.560,370,1808.407
2026-07-27 14:26:00.560,366,1788.856
2026-07-27 14:26:00.560,362,1769.306
2026-07-27 14:26:00.562,362,1769.306
2026-07-27 14:26:00.606,363,1774.194
2026-07-27 14:26:00.606,367,1793.744
2026-07-27 14:26:00.606,368,1798.631
2026-07-27 14:26:00.606,367,1793.744
2026-07-27 14:26:00.606,365,1783.969
2026-07-27 14:26:00.606,365,1783.969
2026-07-27 14:26:00.606,370,1808.407
2026-07-27 14:26:00.606,370,1808.407
2026-07-27 14:26:00.609,367,1793.744
2026-07-27 14:26:00.651,370,1808.407
2026-07-27 14:26:00.652,373,1823.069
2026-07-27 14:26:00.652,371,1813.294
2026-07-27 14:26:00.652,369,1803.519
2026-07-27 14:26:00.652,371,1813.294
2026-07-27 14:26:00.652,375,1832.845
2026-07-27 14:26:00.652,376,1837.732
2026-07-27 14:26:00.653,375,1832.845
2026-07-27 14:26:00.656,376,1837.732
2026-07-27 14:26:00.698,378,1847.507
2026-07-27 14:26:00.698,384,1876.833
2026-07-27 14:26:00.698,388,1896.383
2026-07-27 14:26:00.698,391,1911.046
2026-07-27 14:26:00.698,395,1930.596
2026-07-27 14:26:00.699,400,1955.034
2026-07-27 14:26:00.699,406,1984.36
2026-07-27 14:26:00.699,414,2023.46
2026-07-27 14:26:00.703,419,2047.898
2026-07-27 14:26:00.746,420,2052.786
2026-07-27 14:26:00.746,420,2052.786
2026-07-27 14:26:00.746,418,2043.011
2026-07-27 14:26:00.746,415,2028.348
2026-07-27 14:26:00.746,406,1984.36
2026-07-27 14:26:00.746,394,1925.709
2026-07-27 14:26:00.746,376,1837.732
2026-07-27 14:26:00.747,358,1749.756
2026-07-27 14:26:00.750,344,1681.329
2026-07-27 14:26:00.793,336,1642.229
2026-07-27 14:26:00.794,328,1603.128
2026-07-27 14:26:00.797,324,1583.578
2026-07-27 14:26:00.797,321,1568.915
2026-07-27 14:26:00.797,315,1539.589
2026-07-27 14:26:00.797,313,1529.814
2026-07-27 14:26:00.797,313,1529.814
2026-07-27 14:26:00.797,314,1534.702
2026-07-27 14:26:00.798,313,1529.814
2026-07-27 14:26:00.839,312,1524.927
2026-07-27 14:26:00.839,311,1520.039
2026-07-27 14:26:00.839,309,1510.264
2026-07-27 14:26:00.839,310,1515.152
2026-07-27 14:26:00.840,313,1529.814
2026-07-27 14:26:00.840,313,1529.814
2026-07-27 14:26:00.840,310,1515.152
2026-07-27 14:26:00.840,309,1510.264
2026-07-27 14:26:00.843,309,1510.264
2026-07-27 14:26:00.886,309,1510.264
2026-07-27 14:26:00.886,308,1505.376
2026-07-27 14:26:00.886,308,1505.376
2026-07-27 14:26:00.887,308,1505.376
2026-07-27 14:26:00.887,307,1500.489
2026-07-27 14:26:00.887,305,1490.714
2026-07-27 14:26:00.887,305,1490.714
2026-07-27 14:26:00.887,305,1490.714
2026-07-27 14:26:00.932,306,1495.601
2026-07-27 14:26:00.933,305,1490.714
2026-07-27 14:26:00.933,305,1490.714
2026-07-27 14:26:00.933,306,1495.601
2026-07-27 14:26:00.933,309,1510.264
2026-07-27 14:26:00.933,309,1510.264
2026-07-27 14:26:00.933,308,1505.376
2026-07-27 14:26:00.933,307,1500.489
2026-07-27 14:26:00.933,309,1510.264
2026-07-27 14:26:00.979,308,1505.376
2026-07-27 14:26:00.979,307,1500.489
2026-07-27 14:26:00.980,308,1505.376
2026-07-27 14:26:00.980,310,1515.152
2026-07-27 14:26:00.980,309,1510.264
2026-07-27 14:26:00.980,306,1495.601
2026-07-27 14:26:00.980,302,1476.051
2026-07-27 14:26:00.980,305,1490.714
2026-07-27 14:26:00.980,308,1505.376
2026-07-27 14:26:00.984,308,1505.376
2026-07-27 14:26:01.026,305,1490.714
2026-07-27 14:26:01.026,299,1461.388
2026-07-27 14:26:01.026,299,1461.388
2026-07-27 14:26:01.027,303,1480.938
2026-07-27 14:26:01.027,304,1485.826
2026-07-27 14:26:01.027,302,1476.051
2026-07-27 14:26:01.027,299,1461.388
2026-07-27 14:26:01.027,297,1451.613
2026-07-27 14:26:01.072,297,1451.613
2026-07-27 14:26:01.072,300,1466.276
2026-07-27 14:26:01.073,302,1476.051
2026-07-27 14:26:01.073,298,1456.5
2026-07-27 14:26:01.073,295,1441.838
2026-07-27 14:26:01.073,298,1456.5
2026-07-27 14:26:01.073,302,1476.051
2026-07-27 14:26:01.073,303,1480.938
2026-07-27 14:26:01.075,298,1456.5
2026-07-27 14:26:01.077,294,1436.95
2026-07-27 14:26:01.118,296,1446.725
2026-07-27 14:26:01.118,296,1446.725
2026-07-27 14:26:01.118,299,1461.388
2026-07-27 14:26:01.118,304,1485.826
2026-07-27 14:26:01.118,303,1480.938
2026-07-27 14:26:01.119,299,1461.388
2026-07-27 14:26:01.119,298,1456.5
2026-07-27 14:26:01.119,299,1461.388
2026-07-27 14:26:01.149,300,1466.276
2026-07-27 14:26:01.150,299,1461.388
2026-07-27 14:26:01.150,300,1466.276
2026-07-27 14:26:01.150,303,1480.938
2026-07-27 14:26:01.150,304,1485.826
2026-07-27 14:26:01.150,304,1485.826
2026-07-27 14:26:01.180,304,1485.826
2026-07-27 14:26:01.180,303,1480.938
2026-07-27 14:26:01.180,304,1485.826
2026-07-27 14:26:01.180,304,1485.826
2026-07-27 14:26:01.180,306,1495.601
2026-07-27 14:26:01.181,305,1490.714
2026-07-27 14:26:01.211,305,1490.714
2026-07-27 14:26:01.211,308,1505.376
2026-07-27 14:26:01.211,310,1515.152
2026-07-27 14:26:01.211,308,1505.376
2026-07-27 14:26:01.211,306,1495.601
2026-07-27 14:26:01.213,302,1476.051
2026-07-27 14:26:01.242,303,1480.938
2026-07-27 14:26:01.242,306,1495.601
2026-07-27 14:26:01.243,307,1500.489
2026-07-27 14:26:01.243,306,1495.601
2026-07-27 14:26:01.243,307,1500.489
2026-07-27 14:26:01.244,308,1505.376
2026-07-27 14:26:01.274,309,1510.264
2026-07-27 14:26:01.274,309,1510.264
2026-07-27 14:26:01.274,310,1515.152
2026-07-27 14:26:01.274,308,1505.376
2026-07-27 14:26:01.274,306,1495.601
2026-07-27 14:26:01.275,308,1505.376
2026-07-27 14:26:01.305,310,1515.152
2026-07-27 14:26:01.309,310,1515.152
2026-07-27 14:26:01.309,311,1520.039
2026-07-27 14:26:01.309,317,1549.365
2026-07-27 14:26:01.309,320,1564.027
2026-07-27 14:26:01.309,318,1554.252
2026-07-27 14:26:01.311,318,1554.252
2026-07-27 14:26:01.351,318,1554.252
2026-07-27 14:26:01.351,315,1539.589
2026-07-27 14:26:01.351,313,1529.814
2026-07-27 14:26:01.351,313,1529.814
2026-07-27 14:26:01.352,314,1534.702
2026-07-27 14:26:01.352,311,1520.039
2026-07-27 14:26:01.352,309,1510.264
2026-07-27 14:26:01.353,309,1510.264
2026-07-27 14:26:01.382,312,1524.927
2026-07-27 14:26:01.382,314,1534.702
2026-07-27 14:26:01.382,317,1549.365
2026-07-27 14:26:01.382,318,1554.252
2026-07-27 14:26:01.382,324,1583.578
2026-07-27 14:26:01.384,335,1637.341
2026-07-27 14:26:01.414,342,1671.554
2026-07-27 14:26:01.414,369,1803.519
2026-07-27 14:26:01.414,412,2013.685
2026-07-27 14:26:01.414,441,2155.425
2026-07-27 14:26:01.414,386,1886.608
2026-07-27 14:26:01.419,271,1324.536
2026-07-27 14:26:01.420,202,987.292
2026-07-27 14:26:01.459,197,962.854
2026-07-27 14:26:01.460,246,1202.346
2026-07-27 14:26:01.460,287,1402.737
2026-07-27 14:26:01.460,308,1505.376
2026-07-27 14:26:01.460,318,1554.252
2026-07-27 14:26:01.460,325,1588.465
2026-07-27 14:26:01.460,328,1603.128
2026-07-27 14:26:01.462,325,1588.465
2026-07-27 14:26:01.490,323,1578.69
2026-07-27 14:26:01.490,326,1593.353
2026-07-27 14:26:01.491,325,1588.465
2026-07-27 14:26:01.491,325,1588.465
2026-07-27 14:26:01.491,328,1603.128
2026-07-27 14:26:01.493,329,1608.016
2026-07-27 14:26:01.523,326,1593.353
2026-07-27 14:26:01.523,325,1588.465
2026-07-27 14:26:01.523,329,1608.016
2026-07-27 14:26:01.523,331,1617.791
2026-07-27 14:26:01.524,332,1622.678
2026-07-27 14:26:01.525,332,1622.678
2026-07-27 14:26:01.553,331,1617.791
2026-07-27 14:26:01.553,330,1612.903
2026-07-27 14:26:01.553,331,1617.791
2026-07-27 14:26:01.554,332,1622.678
2026-07-27 14:26:01.554,335,1637.341
2026-07-27 14:26:01.556,337,1647.116
2026-07-27 14:26:01.583,338,1652.004
2026-07-27 14:26:01.583,341,1666.667
2026-07-27 14:26:01.583,343,1676.442
2026-07-27 14:26:01.583,346,1691.105
2026-07-27 14:26:01.583,352,1720.43
2026-07-27 14:26:01.587,356,1739.98
2026-07-27 14:26:01.615,358,1749.756
2026-07-27 14:26:01.615,363,1774.194
2026-07-27 14:26:01.615,372,1818.182
2026-07-27 14:26:01.615,379,1852.395
2026-07-27 14:26:01.616,385,1881.72
2026-07-27 14:26:01.618,390,1906.158
2026-07-27 14:26:01.644,393,1920.821
2026-07-27 14:26:01.644,395,1930.596
2026-07-27 14:26:01.644,393,1920.821
2026-07-27 14:26:01.644,387,1891.496
2026-07-27 14:26:01.645,376,1837.732
2026-07-27 14:26:01.675,364,1779.081
2026-07-27 14:26:01.675,350,1710.655
2026-07-27 14:26:01.675,334,1632.454
2026-07-27 14:26:01.675,320,1564.027
2026-07-27 14:26:01.675,309,1510.264
2026-07-27 14:26:01.677,300,1466.276
2026-07-27 14:26:01.680,297,1451.613
2026-07-27 14:26:01.707,294,1436.95
2026-07-27 14:26:01.707,292,1427.175
2026-07-27 14:26:01.707,290,1417.4
2026-07-27 14:26:01.708,288,1407.625
2026-07-27 14:26:01.708,288,1407.625
2026-07-27 14:26:01.717,290,1417.4
2026-07-27 14:26:01.721,292,1427.175
2026-07-27 14:26:01.729,291,1422.287
2026-07-27 14:26:01.729,289,1412.512
2026-07-27 14:26:01.754,291,1422.287
2026-07-27 14:26:01.754,295,1441.838
2026-07-27 14:26:01.754,295,1441.838
2026-07-27 14:26:01.754,291,1422.287
2026-07-27 14:26:01.759,290,1417.4
2026-07-27 14:26:01.759,294,1436.95
2026-07-27 14:26:01.785,296,1446.725
2026-07-27 14:26:01.785,293,1432.063
2026-07-27 14:26:01.785,293,1432.063
2026-07-27 14:26:01.785,294,1436.95
2026-07-27 14:26:01.786,297,1451.613
2026-07-27 14:26:01.816,299,1461.388
2026-07-27 14:26:01.816,298,1456.5
2026-07-27 14:26:01.816,295,1441.838
2026-07-27 14:26:01.818,291,1422.287
2026-07-27 14:26:01.818,291,1422.287
2026-07-27 14:26:01.818,300,1466.276
2026-07-27 14:26:01.822,312,1524.927
2026-07-27 14:26:01.827,315,1539.589
2026-07-27 14:26:01.861,310,1515.152
2026-07-27 14:26:01.862,309,1510.264
2026-07-27 14:26:01.862,309,1510.264
2026-07-27 14:26:01.862,308,1505.376
2026-07-27 14:26:01.862,308,1505.376
2026-07-27 14:26:01.862,310,1515.152
2026-07-27 14:26:01.863,310,1515.152
2026-07-27 14:26:01.909,310,1515.152
2026-07-27 14:26:01.909,309,1510.264
2026-07-27 14:26:01.909,309,1510.264
2026-07-27 14:26:01.909,309,1510.264
2026-07-27 14:26:01.909,310,1515.152
2026-07-27 14:26:01.909,309,1510.264
2026-07-27 14:26:01.909,310,1515.152
2026-07-27 14:26:01.909,310,1515.152
2026-07-27 14:26:01.909,311,1520.039
2026-07-27 14:26:01.941,313,1529.814
2026-07-27 14:26:01.941,313,1529.814
2026-07-27 14:26:01.941,312,1524.927
2026-07-27 14:26:01.941,312,1524.927
2026-07-27 14:26:01.941,315,1539.589
2026-07-27 14:26:01.941,317,1549.365
2026-07-27 14:26:01.972,313,1529.814
2026-07-27 14:26:01.972,312,1524.927
2026-07-27 14:26:01.972,313,1529.814
2026-07-27 14:26:01.972,312,1524.927
2026-07-27 14:26:01.973,312,1524.927
2026-07-27 14:26:01.973,313,1529.814
2026-07-27 14:26:02.005,315,1539.589
2026-07-27 14:26:02.005,317,1549.365
2026-07-27 14:26:02.005,314,1534.702
2026-07-27 14:26:02.005,313,1529.814
2026-07-27 14:26:02.005,313,1529.814
2026-07-27 14:26:02.006,314,1534.702
2026-07-27 14:26:02.008,314,1534.702
2026-07-27 14:26:02.035,312,1524.927
2026-07-27 14:26:02.035,312,1524.927
2026-07-27 14:26:02.035,314,1534.702
2026-07-27 14:26:02.036,317,1549.365
2026-07-27 14:26:02.036,316,1544.477
2026-07-27 14:26:02.039,316,1544.477
2026-07-27 14:26:02.066,314,1534.702
2026-07-27 14:26:02.066,312,1524.927
2026-07-27 14:26:02.066,314,1534.702
2026-07-27 14:26:02.066,318,1554.252
2026-07-27 14:26:02.066,315,1539.589
2026-07-27 14:26:02.096,314,1534.702
2026-07-27 14:26:02.096,314,1534.702
2026-07-27 14:26:02.096,313,1529.814
2026-07-27 14:26:02.096,312,1524.927
2026-07-27 14:26:02.097,314,1534.702
2026-07-27 14:26:02.097,315,1539.589
2026-07-27 14:26:02.142,317,1549.365
2026-07-27 14:26:02.142,316,1544.477
2026-07-27 14:26:02.142,314,1534.702
2026-07-27 14:26:02.143,314,1534.702
2026-07-27 14:26:02.144,318,1554.252
2026-07-27 14:26:02.144,320,1564.027
2026-07-27 14:26:02.144,319,1559.14
2026-07-27 14:26:02.144,318,1554.252
2026-07-27 14:26:02.145,315,1539.589
2026-07-27 14:26:02.149,315,1539.589
2026-07-27 14:26:02.206,318,1554.252
2026-07-27 14:26:02.206,321,1568.915
2026-07-27 14:26:02.206,320,1564.027
2026-07-27 14:26:02.206,320,1564.027
2026-07-27 14:26:02.206,325,1588.465
2026-07-27 14:26:02.206,328,1603.128
2026-07-27 14:26:02.207,327,1598.24
2026-07-27 14:26:02.207,325,1588.465
2026-07-27 14:26:02.207,324,1583.578
2026-07-27 14:26:02.207,327,1598.24
2026-07-27 14:26:02.207,326,1593.353
2026-07-27 14:26:02.212,324,1583.578
2026-07-27 14:26:02.255,327,1598.24
2026-07-27 14:26:02.255,330,1612.903
2026-07-27 14:26:02.255,333,1627.566
2026-07-27 14:26:02.255,335,1637.341
2026-07-27 14:26:02.255,336,1642.229
2026-07-27 14:26:02.255,334,1632.454
2026-07-27 14:26:02.255,329,1608.016
2026-07-27 14:26:02.255,324,1583.578
2026-07-27 14:26:02.258,324,1583.578
2026-07-27 14:26:02.300,322,1573.803
2026-07-27 14:26:02.301,320,1564.027
2026-07-27 14:26:02.301,317,1549.365
2026-07-27 14:26:02.301,319,1559.14
2026-07-27 14:26:02.301,320,1564.027
2026-07-27 14:26:02.301,318,1554.252
2026-07-27 14:26:02.301,321,1568.915
2026-07-27 14:26:02.302,324,1583.578
2026-07-27 14:26:02.305,329,1608.016
2026-07-27 14:26:02.346,339,1656.891
2026-07-27 14:26:02.347,352,1720.43
2026-07-27 14:26:02.347,382,1867.058
2026-07-27 14:26:02.350,427,2086.999
2026-07-27 14:26:02.350,461,2253.177
2026-07-27 14:26:02.350,397,1940.371
2026-07-27 14:26:02.350,273,1334.311
2026-07-27 14:26:02.351,199,972.63
2026-07-27 14:26:02.353,197,962.854
2026-07-27 14:26:02.357,254,1241.447
2026-07-27 14:26:02.393,300,1466.276
2026-07-27 14:26:02.393,321,1568.915
2026-07-27 14:26:02.393,327,1598.24
2026-07-27 14:26:02.394,332,1622.678
2026-07-27 14:26:02.394,335,1637.341
2026-07-27 14:26:02.394,333,1627.566
2026-07-27 14:26:02.395,331,1617.791
2026-07-27 14:26:02.398,333,1627.566
2026-07-27 14:26:02.425,335,1637.341
2026-07-27 14:26:02.425,335,1637.341
2026-07-27 14:26:02.426,335,1637.341
2026-07-27 14:26:02.426,334,1632.454
2026-07-27 14:26:02.426,334,1632.454
2026-07-27 14:26:02.430,335,1637.341
2026-07-27 14:26:02.472,335,1637.341
2026-07-27 14:26:02.472,335,1637.341
2026-07-27 14:26:02.472,334,1632.454
2026-07-27 14:26:02.472,334,1632.454
2026-07-27 14:26:02.473,336,1642.229
2026-07-27 14:26:02.473,336,1642.229
2026-07-27 14:26:02.473,336,1642.229
2026-07-27 14:26:02.473,338,1652.004
2026-07-27 14:26:02.477,339,1656.891
2026-07-27 14:26:02.502,342,1671.554
2026-07-27 14:26:02.502,347,1695.992
2026-07-27 14:26:02.502,351,1715.543
2026-07-27 14:26:02.503,352,1720.43
2026-07-27 14:26:02.503,355,1735.093
2026-07-27 14:26:02.549,361,1764.418
2026-07-27 14:26:02.549,367,1793.744
2026-07-27 14:26:02.549,371,1813.294
2026-07-27 14:26:02.550,377,1842.62
2026-07-27 14:26:02.550,386,1886.608
2026-07-27 14:26:02.550,396,1935.484
2026-07-27 14:26:02.550,404,1974.585
2026-07-27 14:26:02.550,408,1994.135
2026-07-27 14:26:02.551,410,2003.91
2026-07-27 14:26:02.556,410,2003.91
2026-07-27 14:26:02.560,406,1984.36
2026-07-27 14:26:02.610,399,1950.147
2026-07-27 14:26:02.611,388,1896.383
2026-07-27 14:26:02.611,374,1827.957
2026-07-27 14:26:02.611,357,1744.868
2026-07-27 14:26:02.611,340,1661.779
2026-07-27 14:26:02.611,326,1593.353
2026-07-27 14:26:02.611,316,1544.477
2026-07-27 14:26:02.611,308,1505.376
2026-07-27 14:26:02.611,300,1466.276
2026-07-27 14:26:02.612,297,1451.613
2026-07-27 14:26:02.657,297,1451.613
2026-07-27 14:26:02.657,297,1451.613
2026-07-27 14:26:02.657,294,1436.95
2026-07-27 14:26:02.657,294,1436.95
2026-07-27 14:26:02.657,294,1436.95
2026-07-27 14:26:02.657,295,1441.838
2026-07-27 14:26:02.657,295,1441.838
2026-07-27 14:26:02.657,295,1441.838
2026-07-27 14:26:02.658,295,1441.838
2026-07-27 14:26:02.704,295,1441.838
2026-07-27 14:26:02.704,295,1441.838
2026-07-27 14:26:02.704,295,1441.838
2026-07-27 14:26:02.704,296,1446.725
2026-07-27 14:26:02.704,297,1451.613
2026-07-27 14:26:02.704,298,1456.5
2026-07-27 14:26:02.704,298,1456.5
2026-07-27 14:26:02.705,299,1461.388
2026-07-27 14:26:02.705,301,1471.163
2026-07-27 14:26:02.748,302,1476.051
2026-07-27 14:26:02.748,305,1490.714
2026-07-27 14:26:02.748,307,1500.489
2026-07-27 14:26:02.748,305,1490.714
2026-07-27 14:26:02.748,305,1490.714
2026-07-27 14:26:02.748,307,1500.489
2026-07-27 14:26:02.748,311,1520.039
2026-07-27 14:26:02.748,311,1520.039
2026-07-27 14:26:02.752,309,1510.264
2026-07-27 14:26:02.795,308,1505.376
2026-07-27 14:26:02.795,310,1515.152
2026-07-27 14:26:02.795,313,1529.814
2026-07-27 14:26:02.795,312,1524.927
2026-07-27 14:26:02.795,312,1524.927
2026-07-27 14:26:02.795,313,1529.814
2026-07-27 14:26:02.795,314,1534.702
2026-07-27 14:26:02.795,314,1534.702
2026-07-27 14:26:02.799,314,1534.702
2026-07-27 14:26:02.842,312,1524.927
2026-07-27 14:26:02.843,314,1534.702
2026-07-27 14:26:02.844,317,1549.365
2026-07-27 14:26:02.844,317,1549.365
2026-07-27 14:26:02.844,315,1539.589
2026-07-27 14:26:02.844,315,1539.589
2026-07-27 14:26:02.844,317,1549.365
2026-07-27 14:26:02.844,318,1554.252
2026-07-27 14:26:02.848,318,1554.252
2026-07-27 14:26:02.851,318,1554.252
2026-07-27 14:26:02.888,318,1554.252
2026-07-27 14:26:02.888,317,1549.365
2026-07-27 14:26:02.888,317,1549.365
2026-07-27 14:26:02.888,317,1549.365
2026-07-27 14:26:02.888,316,1544.477
2026-07-27 14:26:02.888,316,1544.477
2026-07-27 14:26:02.889,316,1544.477
2026-07-27 14:26:02.892,316,1544.477
2026-07-27 14:26:02.935,316,1544.477
2026-07-27 14:26:02.935,314,1534.702
2026-07-27 14:26:02.935,312,1524.927
2026-07-27 14:26:02.935,314,1534.702
2026-07-27 14:26:02.935,316,1544.477
2026-07-27 14:26:02.935,318,1554.252
2026-07-27 14:26:02.936,319,1559.14
2026-07-27 14:26:02.936,322,1573.803
2026-07-27 14:26:02.939,328,1603.128
2026-07-27 14:26:02.981,333,1627.566
2026-07-27 14:26:02.981,338,1652.004
2026-07-27 14:26:02.981,341,1666.667
2026-07-27 14:26:02.982,340,1661.779
2026-07-27 14:26:02.982,338,1652.004
2026-07-27 14:26:02.982,339,1656.891
2026-07-27 14:26:02.982,336,1642.229
2026-07-27 14:26:02.989,336,1642.229
2026-07-27 14:26:02.989,337,1647.116
2026-07-27 14:26:02.992,336,1642.229
2026-07-27 14:26:03.028,336,1642.229
2026-07-27 14:26:03.028,339,1656.891
2026-07-27 14:26:03.029,337,1647.116
2026-07-27 14:26:03.029,337,1647.116
2026-07-27 14:26:03.029,338,1652.004
2026-07-27 14:26:03.029,338,1652.004
2026-07-27 14:26:03.029,337,1647.116
2026-07-27 14:26:03.033,334,1632.454
2026-07-27 14:26:03.074,334,1632.454
2026-07-27 14:26:03.074,334,1632.454
2026-07-27 14:26:03.075,334,1632.454
2026-07-27 14:26:03.075,334,1632.454
2026-07-27 14:26:03.075,335,1637.341
2026-07-27 14:26:03.075,333,1627.566
2026-07-27 14:26:03.075,333,1627.566
2026-07-27 14:26:03.075,332,1622.678
2026-07-27 14:26:03.120,334,1632.454
2026-07-27 14:26:03.120,331,1617.791
2026-07-27 14:26:03.120,329,1608.016
2026-07-27 14:26:03.120,332,1622.678
2026-07-27 14:26:03.121,332,1622.678
2026-07-27 14:26:03.121,331,1617.791
2026-07-27 14:26:03.121,334,1632.454
2026-07-27 14:26:03.121,334,1632.454
2026-07-27 14:26:03.121,331,1617.791
2026-07-27 14:26:03.166,330,1612.903
2026-07-27 14:26:03.166,333,1627.566
2026-07-27 14:26:03.166,336,1642.229
2026-07-27 14:26:03.167,337,1647.116
2026-07-27 14:26:03.167,341,1666.667
2026-07-27 14:26:03.167,346,1691.105
2026-07-27 14:26:03.167,345,1686.217
2026-07-27 14:26:03.167,343,1676.442
2026-07-27 14:26:03.179,341,1666.667
2026-07-27 14:26:03.179,338,1652.004
2026-07-27 14:26:03.181,337,1647.116
2026-07-27 14:26:03.227,334,1632.454
2026-07-27 14:26:03.227,332,1622.678
2026-07-27 14:26:03.227,332,1622.678
2026-07-27 14:26:03.228,331,1617.791
2026-07-27 14:26:03.228,332,1622.678
2026-07-27 14:26:03.228,331,1617.791
2026-07-27 14:26:03.228,333,1627.566
2026-07-27 14:26:03.228,338,1652.004
2026-07-27 14:26:03.228,343,1676.442
2026-07-27 14:26:03.230,353,1725.318
2026-07-27 14:26:03.273,363,1774.194
2026-07-27 14:26:03.273,385,1881.72
2026-07-27 14:26:03.273,426,2082.111
2026-07-27 14:26:03.273,477,2331.378
2026-07-27 14:26:03.273,475,2321.603
2026-07-27 14:26:03.274,354,1730.205
2026-07-27 14:26:03.274,237,1158.358
2026-07-27 14:26:03.275,197,962.854
2026-07-27 14:26:03.319,245,1197.458
2026-07-27 14:26:03.319,301,1471.163
2026-07-27 14:26:03.319,330,1612.903
2026-07-27 14:26:03.319,341,1666.667
2026-07-27 14:26:03.319,347,1695.992
2026-07-27 14:26:03.320,349,1705.767
2026-07-27 14:26:03.320,348,1700.88
2026-07-27 14:26:03.320,344,1681.329
2026-07-27 14:26:03.320,345,1686.217
2026-07-27 14:26:03.324,346,1691.105
2026-07-27 14:26:03.366,348,1700.88
2026-07-27 14:26:03.366,348,1700.88
2026-07-27 14:26:03.366,348,1700.88
2026-07-27 14:26:03.366,348,1700.88
2026-07-27 14:26:03.366,349,1705.767
2026-07-27 14:26:03.366,350,1710.655
2026-07-27 14:26:03.367,350,1710.655
2026-07-27 14:26:03.370,352,1720.43
2026-07-27 14:26:03.372,349,1705.767
2026-07-27 14:26:03.377,348,1700.88
2026-07-27 14:26:03.381,349,1705.767
2026-07-27 14:26:03.412,351,1715.543
2026-07-27 14:26:03.412,353,1725.318
2026-07-27 14:26:03.412,353,1725.318
2026-07-27 14:26:03.412,354,1730.205
2026-07-27 14:26:03.413,353,1725.318
2026-07-27 14:26:03.413,357,1744.868
2026-07-27 14:26:03.443,360,1759.531
2026-07-27 14:26:03.443,366,1788.856
2026-07-27 14:26:03.443,371,1813.294
2026-07-27 14:26:03.443,375,1832.845
2026-07-27 14:26:03.443,379,1852.395
2026-07-27 14:26:03.444,387,1891.496
2026-07-27 14:26:03.474,395,1930.596
2026-07-27 14:26:03.474,402,1964.809
2026-07-27 14:26:03.474,409,1999.022
2026-07-27 14:26:03.474,415,2028.348
2026-07-27 14:26:03.474,419,2047.898
2026-07-27 14:26:03.475,421,2057.674
2026-07-27 14:26:03.506,418,2043.011
2026-07-27 14:26:03.506,411,2008.798
2026-07-27 14:26:03.506,400,1955.034
2026-07-27 14:26:03.507,387,1891.496
2026-07-27 14:26:03.507,374,1827.957
2026-07-27 14:26:03.515,357,1744.868
2026-07-27 14:26:03.515,341,1666.667
2026-07-27 14:26:03.516,330,1612.903
2026-07-27 14:26:03.553,323,1578.69
2026-07-27 14:26:03.554,316,1544.477
2026-07-27 14:26:03.554,311,1520.039
2026-07-27 14:26:03.554,305,1490.714
2026-07-27 14:26:03.554,303,1480.938
2026-07-27 14:26:03.586,301,1471.163
2026-07-27 14:26:03.587,300,1466.276
2026-07-27 14:26:03.587,298,1456.5
2026-07-27 14:26:03.587,296,1446.725
2026-07-27 14:26:03.587,297,1451.613
2026-07-27 14:26:03.587,300,1466.276
2026-07-27 14:26:03.587,300,1466.276
2026-07-27 14:26:03.587,298,1456.5
2026-07-27 14:26:03.589,298,1456.5
2026-07-27 14:26:03.632,300,1466.276
2026-07-27 14:26:03.632,302,1476.051
2026-07-27 14:26:03.632,298,1456.5
2026-07-27 14:26:03.633,295,1441.838
2026-07-27 14:26:03.633,296,1446.725
2026-07-27 14:26:03.633,303,1480.938
2026-07-27 14:26:03.633,305,1490.714
2026-07-27 14:26:03.633,304,1485.826
2026-07-27 14:26:03.636,302,1476.051
2026-07-27 14:26:03.680,303,1480.938
2026-07-27 14:26:03.680,305,1490.714
2026-07-27 14:26:03.680,303,1480.938
2026-07-27 14:26:03.680,303,1480.938
2026-07-27 14:26:03.680,305,1490.714
2026-07-27 14:26:03.680,307,1500.489
2026-07-27 14:26:03.680,307,1500.489
2026-07-27 14:26:03.684,306,1495.601
2026-07-27 14:26:03.726,303,1480.938
2026-07-27 14:26:03.726,303,1480.938
2026-07-27 14:26:03.726,305,1490.714
2026-07-27 14:26:03.726,309,1510.264
2026-07-27 14:26:03.726,308,1505.376
2026-07-27 14:26:03.726,305,1490.714
2026-07-27 14:26:03.726,306,1495.601
2026-07-27 14:26:03.726,309,1510.264
2026-07-27 14:26:03.726,310,1515.152
2026-07-27 14:26:03.730,309,1510.264
2026-07-27 14:26:03.772,309,1510.264
2026-07-27 14:26:03.772,311,1520.039
2026-07-27 14:26:03.773,313,1529.814
2026-07-27 14:26:03.773,312,1524.927
2026-07-27 14:26:03.773,311,1520.039
2026-07-27 14:26:03.773,313,1529.814
2026-07-27 14:26:03.773,314,1534.702
2026-07-27 14:26:03.773,314,1534.702
2026-07-27 14:26:03.779,315,1539.589
2026-07-27 14:26:03.819,316,1544.477
2026-07-27 14:26:03.819,314,1534.702
2026-07-27 14:26:03.819,313,1529.814
2026-07-27 14:26:03.819,316,1544.477
2026-07-27 14:26:03.819,319,1559.14
2026-07-27 14:26:03.819,320,1564.027
2026-07-27 14:26:03.819,320,1564.027
2026-07-27 14:26:03.821,320,1564.027
2026-07-27 14:26:03.824,320,1564.027
2026-07-27 14:26:03.866,321,1568.915
2026-07-27 14:26:03.866,322,1573.803
2026-07-27 14:26:03.866,320,1564.027
2026-07-27 14:26:03.866,320,1564.027
2026-07-27 14:26:03.866,321,1568.915
2026-07-27 14:26:03.867,321,1568.915
2026-07-27 14:26:03.867,321,1568.915
2026-07-27 14:26:03.867,321,1568.915
2026-07-27 14:26:03.870,321,1568.915
2026-07-27 14:26:03.911,323,1578.69
2026-07-27 14:26:03.911,323,1578.69
2026-07-27 14:26:03.914,322,1573.803
2026-07-27 14:26:03.914,322,1573.803
2026-07-27 14:26:03.915,322,1573.803
2026-07-27 14:26:03.915,324,1583.578
2026-07-27 14:26:03.915,324,1583.578
2026-07-27 14:26:03.915,324,1583.578
2026-07-27 14:26:03.917,325,1588.465
2026-07-27 14:26:03.943,326,1593.353
2026-07-27 14:26:03.943,326,1593.353
2026-07-27 14:26:03.943,325,1588.465
2026-07-27 14:26:03.943,326,1593.353
2026-07-27 14:26:03.944,325,1588.465
2026-07-27 14:26:03.974,325,1588.465
2026-07-27 14:26:03.974,326,1593.353
2026-07-27 14:26:03.974,325,1588.465
2026-07-27 14:26:03.975,323,1578.69
2026-07-27 14:26:03.975,323,1578.69
2026-07-27 14:26:03.975,324,1583.578
2026-07-27 14:26:04.019,323,1578.69
2026-07-27 14:26:04.019,323,1578.69
2026-07-27 14:26:04.020,324,1583.578
2026-07-27 14:26:04.020,323,1578.69
2026-07-27 14:26:04.020,323,1578.69
2026-07-27 14:26:04.020,325,1588.465
2026-07-27 14:26:04.020,325,1588.465
2026-07-27 14:26:04.020,326,1593.353
2026-07-27 14:26:04.021,326,1593.353
2026-07-27 14:26:04.051,327,1598.24
2026-07-27 14:26:04.051,327,1598.24
2026-07-27 14:26:04.051,326,1593.353
2026-07-27 14:26:04.051,327,1598.24
2026-07-27 14:26:04.051,330,1612.903
2026-07-27 14:26:04.054,329,1608.016
2026-07-27 14:26:04.058,328,1603.128
2026-07-27 14:26:04.097,332,1622.678
2026-07-27 14:26:04.097,338,1652.004
2026-07-27 14:26:04.098,338,1652.004
2026-07-27 14:26:04.098,337,1647.116
2026-07-27 14:26:04.098,335,1637.341
2026-07-27 14:26:04.098,330,1612.903
2026-07-27 14:26:04.098,326,1593.353
2026-07-27 14:26:04.099,327,1598.24
2026-07-27 14:26:04.128,326,1593.353
2026-07-27 14:26:04.128,323,1578.69
2026-07-27 14:26:04.128,321,1568.915
2026-07-27 14:26:04.128,322,1573.803
2026-07-27 14:26:04.129,324,1583.578
2026-07-27 14:26:04.130,324,1583.578
2026-07-27 14:26:04.159,327,1598.24
2026-07-27 14:26:04.159,330,1612.903
2026-07-27 14:26:04.160,338,1652.004
2026-07-27 14:26:04.160,350,1710.655
2026-07-27 14:26:04.160,365,1783.969
2026-07-27 14:26:04.161,398,1945.259
2026-07-27 14:26:04.190,448,2189.638
2026-07-27 14:26:04.190,489,2390.029
2026-07-27 14:26:04.190,426,2082.111
2026-07-27 14:26:04.191,288,1407.625
2026-07-27 14:26:04.191,201,982.405
2026-07-27 14:26:04.192,199,972.63
2026-07-27 14:26:04.221,263,1285.435
2026-07-27 14:26:04.221,312,1524.927
2026-07-27 14:26:04.221,332,1622.678
2026-07-27 14:26:04.221,338,1652.004
2026-07-27 14:26:04.222,343,1676.442
2026-07-27 14:26:04.224,346,1691.105
2026-07-27 14:26:04.252,345,1686.217
2026-07-27 14:26:04.253,341,1666.667
2026-07-27 14:26:04.253,342,1671.554
2026-07-27 14:26:04.253,345,1686.217
2026-07-27 14:26:04.253,346,1691.105
2026-07-27 14:26:04.255,346,1691.105
2026-07-27 14:26:04.284,346,1691.105
2026-07-27 14:26:04.284,347,1695.992
2026-07-27 14:26:04.284,347,1695.992
2026-07-27 14:26:04.284,348,1700.88
2026-07-27 14:26:04.284,349,1705.767
2026-07-27 14:26:04.286,351,1715.543
2026-07-27 14:26:04.314,351,1715.543
2026-07-27 14:26:04.314,351,1715.543
2026-07-27 14:26:04.315,353,1725.318
2026-07-27 14:26:04.315,355,1735.093
2026-07-27 14:26:04.315,355,1735.093
2026-07-27 14:26:04.317,357,1744.868
2026-07-27 14:26:04.361,359,1754.643
2026-07-27 14:26:04.361,362,1769.306
2026-07-27 14:26:04.361,365,1783.969
2026-07-27 14:26:04.361,368,1798.631
2026-07-27 14:26:04.361,370,1808.407
2026-07-27 14:26:04.361,375,1832.845
2026-07-27 14:26:04.362,381,1862.17
2026-07-27 14:26:04.362,389,1901.271
2026-07-27 14:26:04.364,396,1935.484
2026-07-27 14:26:04.408,402,1964.809
2026-07-27 14:26:04.408,410,2003.91
2026-07-27 14:26:04.408,418,2043.011
2026-07-27 14:26:04.408,423,2067.449
2026-07-27 14:26:04.408,423,2067.449
2026-07-27 14:26:04.408,423,2067.449
2026-07-27 14:26:04.408,421,2057.674
2026-07-27 14:26:04.412,414,2023.46
2026-07-27 14:26:04.412,401,1959.922
2026-07-27 14:26:04.454,385,1881.72
2026-07-27 14:26:04.454,366,1788.856
2026-07-27 14:26:04.454,350,1710.655
2026-07-27 14:26:04.455,336,1642.229
2026-07-27 14:26:04.455,323,1578.69
2026-07-27 14:26:04.455,314,1534.702
2026-07-27 14:26:04.455,306,1495.601
2026-07-27 14:26:04.455,302,1476.051
2026-07-27 14:26:04.458,299,1461.388
2026-07-27 14:26:04.501,298,1456.5
2026-07-27 14:26:04.501,296,1446.725
2026-07-27 14:26:04.501,295,1441.838
2026-07-27 14:26:04.501,295,1441.838
2026-07-27 14:26:04.501,295,1441.838
2026-07-27 14:26:04.501,296,1446.725
2026-07-27 14:26:04.502,298,1456.5
2026-07-27 14:26:04.502,297,1451.613
2026-07-27 14:26:04.504,297,1451.613
2026-07-27 14:26:04.547,299,1461.388
2026-07-27 14:26:04.547,300,1466.276
2026-07-27 14:26:04.547,300,1466.276
2026-07-27 14:26:04.547,301,1471.163
2026-07-27 14:26:04.547,302,1476.051
2026-07-27 14:26:04.547,303,1480.938
2026-07-27 14:26:04.547,304,1485.826
2026-07-27 14:26:04.553,304,1485.826
2026-07-27 14:26:04.553,305,1490.714
2026-07-27 14:26:04.557,304,1485.826
2026-07-27 14:26:04.593,304,1485.826
2026-07-27 14:26:04.593,303,1480.938
2026-07-27 14:26:04.593,302,1476.051
2026-07-27 14:26:04.593,303,1480.938
2026-07-27 14:26:04.593,304,1485.826
2026-07-27 14:26:04.593,304,1485.826
2026-07-27 14:26:04.598,304,1485.826
2026-07-27 14:26:04.598,304,1485.826
2026-07-27 14:26:04.639,305,1490.714
2026-07-27 14:26:04.639,306,1495.601
2026-07-27 14:26:04.639,305,1490.714
2026-07-27 14:26:04.639,305,1490.714
2026-07-27 14:26:04.640,305,1490.714
2026-07-27 14:26:04.640,306,1495.601
2026-07-27 14:26:04.640,307,1500.489
2026-07-27 14:26:04.641,306,1495.601
2026-07-27 14:26:04.686,305,1490.714
2026-07-27 14:26:04.686,305,1490.714
2026-07-27 14:26:04.687,306,1495.601
2026-07-27 14:26:04.687,306,1495.601
2026-07-27 14:26:04.687,306,1495.601
2026-07-27 14:26:04.687,307,1500.489
2026-07-27 14:26:04.687,308,1505.376
2026-07-27 14:26:04.690,307,1500.489
2026-07-27 14:26:04.690,307,1500.489
2026-07-27 14:26:04.692,307,1500.489
2026-07-27 14:26:04.733,308,1505.376
2026-07-27 14:26:04.733,309,1510.264
2026-07-27 14:26:04.733,309,1510.264
2026-07-27 14:26:04.733,310,1515.152
2026-07-27 14:26:04.733,310,1515.152
2026-07-27 14:26:04.733,311,1520.039
2026-07-27 14:26:04.733,312,1524.927
2026-07-27 14:26:04.734,313,1529.814
2026-07-27 14:26:04.779,312,1524.927
2026-07-27 14:26:04.779,313,1529.814
2026-07-27 14:26:04.779,315,1539.589
2026-07-27 14:26:04.779,315,1539.589
2026-07-27 14:26:04.779,315,1539.589
2026-07-27 14:26:04.779,316,1544.477
2026-07-27 14:26:04.780,316,1544.477
2026-07-27 14:26:04.780,317,1549.365
2026-07-27 14:26:04.780,318,1554.252
2026-07-27 14:26:04.826,319,1559.14
2026-07-27 14:26:04.826,318,1554.252
2026-07-27 14:26:04.826,318,1554.252
2026-07-27 14:26:04.826,320,1564.027
2026-07-27 14:26:04.826,320,1564.027
2026-07-27 14:26:04.826,319,1559.14
2026-07-27 14:26:04.826,321,1568.915
2026-07-27 14:26:04.827,322,1573.803
2026-07-27 14:26:04.827,322,1573.803
2026-07-27 14:26:04.872,322,1573.803
2026-07-27 14:26:04.872,322,1573.803
2026-07-27 14:26:04.872,324,1583.578
2026-07-27 14:26:04.872,324,1583.578
2026-07-27 14:26:04.872,323,1578.69
2026-07-27 14:26:04.872,322,1573.803
2026-07-27 14:26:04.872,324,1583.578
2026-07-27 14:26:04.873,325,1588.465
2026-07-27 14:26:04.874,325,1588.465
2026-07-27 14:26:04.918,325,1588.465
2026-07-27 14:26:04.918,325,1588.465
2026-07-27 14:26:04.918,324,1583.578
2026-07-27 14:26:04.918,325,1588.465
2026-07-27 14:26:04.918,326,1593.353
2026-07-27 14:26:04.919,326,1593.353
2026-07-27 14:26:04.919,327,1598.24
2026-07-27 14:26:04.919,328,1603.128
2026-07-27 14:26:04.921,328,1603.128
2026-07-27 14:26:04.926,328,1603.128
2026-07-27 14:26:04.967,329,1608.016
2026-07-27 14:26:04.967,331,1617.791
2026-07-27 14:26:04.967,332,1622.678
2026-07-27 14:26:04.967,330,1612.903
2026-07-27 14:26:04.967,330,1612.903
2026-07-27 14:26:04.967,331,1617.791
2026-07-27 14:26:04.968,333,1627.566
2026-07-27 14:26:04.968,333,1627.566
2026-07-27 14:26:05.012,332,1622.678
2026-07-27 14:26:05.012,336,1642.229
2026-07-27 14:26:05.012,341,1666.667
2026-07-27 14:26:05.013,343,1676.442
2026-07-27 14:26:05.013,342,1671.554
2026-07-27 14:26:05.013,341,1666.667
2026-07-27 14:26:05.013,336,1642.229
2026-07-27 14:26:05.013,333,1627.566
2026-07-27 14:26:05.014,332,1622.678
2026-07-27 14:26:05.059,330,1612.903
2026-07-27 14:26:05.059,329,1608.016
2026-07-27 14:26:05.059,328,1603.128
2026-07-27 14:26:05.059,329,1608.016
2026-07-27 14:26:05.059,330,1612.903
2026-07-27 14:26:05.059,330,1612.903
2026-07-27 14:26:05.060,332,1622.678
2026-07-27 14:26:05.060,337,1647.116
2026-07-27 14:26:05.063,348,1700.88
2026-07-27 14:26:05.066,357,1744.868
2026-07-27 14:26:05.105,377,1842.62
2026-07-27 14:26:05.105,418,2043.011
2026-07-27 14:26:05.105,474,2316.716
2026-07-27 14:26:05.105,505,2468.231
2026-07-27 14:26:05.105,406,1984.36
2026-07-27 14:26:05.105,262,1280.547
2026-07-27 14:26:05.106,185,904.203
2026-07-27 14:26:05.151,218,1065.494
2026-07-27 14:26:05.151,287,1402.737
2026-07-27 14:26:05.151,324,1583.578
2026-07-27 14:26:05.151,338,1652.004
2026-07-27 14:26:05.151,344,1681.329
2026-07-27 14:26:05.151,348,1700.88
2026-07-27 14:26:05.151,349,1705.767
2026-07-27 14:26:05.152,347,1695.992
2026-07-27 14:26:05.152,346,1691.105
2026-07-27 14:26:05.155,347,1695.992
2026-07-27 14:26:05.197,349,1705.767
2026-07-27 14:26:05.197,349,1705.767
2026-07-27 14:26:05.197,349,1705.767
2026-07-27 14:26:05.197,351,1715.543
2026-07-27 14:26:05.197,353,1725.318
2026-07-27 14:26:05.198,353,1725.318
2026-07-27 14:26:05.198,353,1725.318
2026-07-27 14:26:05.199,355,1735.093
2026-07-27 14:26:05.203,357,1744.868
2026-07-27 14:26:05.207,358,1749.756
2026-07-27 14:26:05.243,359,1754.643
2026-07-27 14:26:05.243,360,1759.531
2026-07-27 14:26:05.243,361,1764.418
2026-07-27 14:26:05.244,363,1774.194
2026-07-27 14:26:05.244,367,1793.744
2026-07-27 14:26:05.244,369,1803.519
2026-07-27 14:26:05.244,370,1808.407
2026-07-27 14:26:05.274,371,1813.294
2026-07-27 14:26:05.274,374,1827.957
2026-07-27 14:26:05.274,378,1847.507
2026-07-27 14:26:05.274,384,1876.833
2026-07-27 14:26:05.274,390,1906.158
2026-07-27 14:26:05.274,398,1945.259
2026-07-27 14:26:05.305,405,1979.472
2026-07-27 14:26:05.305,412,2013.685
2026-07-27 14:26:05.305,420,2052.786
2026-07-27 14:26:05.305,425,2077.224
2026-07-27 14:26:05.305,428,2091.887
2026-07-27 14:26:05.306,430,2101.662
2026-07-27 14:26:05.336,428,2091.887
2026-07-27 14:26:05.336,424,2072.336
2026-07-27 14:26:05.336,413,2018.573
2026-07-27 14:26:05.336,397,1940.371
2026-07-27 14:26:05.336,380,1857.283
2026-07-27 14:26:05.337,362,1769.306
2026-07-27 14:26:05.367,346,1691.105
2026-07-27 14:26:05.367,332,1622.678
2026-07-27 14:26:05.367,322,1573.803
2026-07-27 14:26:05.367,314,1534.702
2026-07-27 14:26:05.367,308,1505.376
2026-07-27 14:26:05.368,304,1485.826
2026-07-27 14:26:05.399,300,1466.276
2026-07-27 14:26:05.399,296,1446.725
2026-07-27 14:26:05.400,296,1446.725
2026-07-27 14:26:05.400,297,1451.613
2026-07-27 14:26:05.400,297,1451.613
2026-07-27 14:26:05.403,296,1446.725
2026-07-27 14:26:05.405,295,1441.838
2026-07-27 14:26:05.445,295,1441.838
2026-07-27 14:26:05.445,296,1446.725
2026-07-27 14:26:05.446,297,1451.613
2026-07-27 14:26:05.446,298,1456.5
2026-07-27 14:26:05.446,298,1456.5
2026-07-27 14:26:05.446,299,1461.388
2026-07-27 14:26:05.446,299,1461.388
2026-07-27 14:26:05.449,299,1461.388
2026-07-27 14:26:05.451,300,1466.276
2026-07-27 14:26:05.493,301,1471.163
2026-07-27 14:26:05.493,302,1476.051
2026-07-27 14:26:05.493,303,1480.938
2026-07-27 14:26:05.493,304,1485.826
2026-07-27 14:26:05.493,306,1495.601
2026-07-27 14:26:05.493,306,1495.601
2026-07-27 14:26:05.493,306,1495.601
2026-07-27 14:26:05.494,306,1495.601
2026-07-27 14:26:05.524,306,1495.601
2026-07-27 14:26:05.524,307,1500.489
2026-07-27 14:26:05.524,308,1505.376
2026-07-27 14:26:05.524,307,1500.489
2026-07-27 14:26:05.524,307,1500.489
2026-07-27 14:26:05.524,308,1505.376
2026-07-27 14:26:05.555,310,1515.152
2026-07-27 14:26:05.555,311,1520.039
2026-07-27 14:26:05.555,311,1520.039
2026-07-27 14:26:05.555,310,1515.152
2026-07-27 14:26:05.555,311,1520.039
2026-07-27 14:26:05.556,311,1520.039
2026-07-27 14:26:05.585,311,1520.039
2026-07-27 14:26:05.585,311,1520.039
2026-07-27 14:26:05.586,312,1524.927
2026-07-27 14:26:05.586,312,1524.927
2026-07-27 14:26:05.586,313,1529.814
2026-07-27 14:26:05.588,313,1529.814
2026-07-27 14:26:05.591,314,1534.702
2026-07-27 14:26:05.632,314,1534.702
2026-07-27 14:26:05.633,315,1539.589
2026-07-27 14:26:05.633,314,1534.702
2026-07-27 14:26:05.633,313,1529.814
2026-07-27 14:26:05.633,313,1529.814
2026-07-27 14:26:05.633,314,1534.702
2026-07-27 14:26:05.633,315,1539.589
2026-07-27 14:26:05.633,314,1534.702
2026-07-27 14:26:05.663,313,1529.814
2026-07-27 14:26:05.664,315,1539.589
2026-07-27 14:26:05.664,316,1544.477
2026-07-27 14:26:05.664,315,1539.589
2026-07-27 14:26:05.664,315,1539.589
2026-07-27 14:26:05.664,316,1544.477
2026-07-27 14:26:05.694,317,1549.365
2026-07-27 14:26:05.694,317,1549.365
2026-07-27 14:26:05.694,317,1549.365
2026-07-27 14:26:05.694,318,1554.252
2026-07-27 14:26:05.695,320,1564.027
2026-07-27 14:26:05.695,321,1568.915
2026-07-27 14:26:05.725,323,1578.69
2026-07-27 14:26:05.725,323,1578.69
2026-07-27 14:26:05.725,324,1583.578
2026-07-27 14:26:05.725,323,1578.69
2026-07-27 14:26:05.725,324,1583.578
2026-07-27 14:26:05.727,324,1583.578
2026-07-27 14:26:05.756,324,1583.578
2026-07-27 14:26:05.756,324,1583.578
2026-07-27 14:26:05.756,324,1583.578
2026-07-27 14:26:05.756,326,1593.353
2026-07-27 14:26:05.756,326,1593.353
2026-07-27 14:26:05.758,332,1622.678
2026-07-27 14:26:05.787,330,1612.903
2026-07-27 14:26:05.788,328,1603.128
2026-07-27 14:26:05.788,328,1603.128
2026-07-27 14:26:05.788,329,1608.016
2026-07-27 14:26:05.788,331,1617.791
2026-07-27 14:26:05.789,332,1622.678
2026-07-27 14:26:05.819,330,1612.903
2026-07-27 14:26:05.819,329,1608.016
2026-07-27 14:26:05.819,329,1608.016
2026-07-27 14:26:05.819,329,1608.016
2026-07-27 14:26:05.819,326,1593.353
2026-07-27 14:26:05.820,328,1603.128
2026-07-27 14:26:05.850,327,1598.24
2026-07-27 14:26:05.850,325,1588.465
2026-07-27 14:26:05.850,329,1608.016
2026-07-27 14:26:05.850,330,1612.903
2026-07-27 14:26:05.850,331,1617.791
2026-07-27 14:26:05.852,332,1622.678
2026-07-27 14:26:05.881,330,1612.903
2026-07-27 14:26:05.881,327,1598.24
2026-07-27 14:26:05.881,328,1603.128
2026-07-27 14:26:05.882,329,1608.016
2026-07-27 14:26:05.882,335,1637.341
2026-07-27 14:26:05.883,338,1652.004
2026-07-27 14:26:05.912,333,1627.566
2026-07-27 14:26:05.912,333,1627.566
2026-07-27 14:26:05.912,338,1652.004
2026-07-27 14:26:05.912,345,1686.217
2026-07-27 14:26:05.912,351,1715.543
2026-07-27 14:26:05.917,348,1700.88
2026-07-27 14:26:05.919,351,1715.543
2026-07-27 14:26:05.958,351,1715.543
2026-07-27 14:26:05.958,348,1700.88
2026-07-27 14:26:05.959,345,1686.217
2026-07-27 14:26:05.959,344,1681.329
2026-07-27 14:26:05.959,342,1671.554
2026-07-27 14:26:05.959,339,1656.891
2026-07-27 14:26:05.959,342,1671.554
2026-07-27 14:26:05.961,348,1700.88
2026-07-27 14:26:05.966,351,1715.543
2026-07-27 14:26:06.005,350,1710.655
2026-07-27 14:26:06.005,350,1710.655
2026-07-27 14:26:06.005,357,1744.868
2026-07-27 14:26:06.006,370,1808.407
2026-07-27 14:26:06.006,381,1862.17
2026-07-27 14:26:06.006,411,2008.798
2026-07-27 14:26:06.006,465,2272.727
2026-07-27 14:26:06.008,513,2507.331
2026-07-27 14:26:06.037,484,2365.591
2026-07-27 14:26:06.037,339,1656.891
2026-07-27 14:26:06.037,219,1070.381
2026-07-27 14:26:06.037,210,1026.393
2026-07-27 14:26:06.037,283,1383.187
2026-07-27 14:26:06.039,324,1583.578
2026-07-27 14:26:06.068,333,1627.566
2026-07-27 14:26:06.068,330,1612.903
2026-07-27 14:26:06.068,335,1637.341
2026-07-27 14:26:06.069,344,1681.329
2026-07-27 14:26:06.069,349,1705.767
2026-07-27 14:26:06.070,345,1686.217
2026-07-27 14:26:06.099,341,1666.667
2026-07-27 14:26:06.100,339,1656.891
2026-07-27 14:26:06.100,339,1656.891
2026-07-27 14:26:06.100,341,1666.667
2026-07-27 14:26:06.100,340,1661.779
2026-07-27 14:26:06.103,336,1642.229
2026-07-27 14:26:06.107,342,1671.554
2026-07-27 14:26:06.145,341,1666.667
2026-07-27 14:26:06.146,338,1652.004
2026-07-27 14:26:06.146,340,1661.779
2026-07-27 14:26:06.146,342,1671.554
2026-07-27 14:26:06.146,341,1666.667
2026-07-27 14:26:06.146,340,1661.779
2026-07-27 14:26:06.146,340,1661.779
2026-07-27 14:26:06.148,331,1617.791
2026-07-27 14:26:06.176,328,1603.128
2026-07-27 14:26:06.176,341,1666.667
2026-07-27 14:26:06.176,346,1691.105
2026-07-27 14:26:06.176,346,1691.105
2026-07-27 14:26:06.177,352,1720.43
2026-07-27 14:26:06.179,360,1759.531
2026-07-27 14:26:06.208,363,1774.194
2026-07-27 14:26:06.208,372,1818.182
2026-07-27 14:26:06.208,371,1813.294
2026-07-27 14:26:06.208,367,1793.744
2026-07-27 14:26:06.208,367,1793.744
2026-07-27 14:26:06.210,381,1862.17
2026-07-27 14:26:06.239,377,1842.62
2026-07-27 14:26:06.239,366,1788.856
2026-07-27 14:26:06.239,370,1808.407
2026-07-27 14:26:06.239,368,1798.631
2026-07-27 14:26:06.239,370,1808.407
2026-07-27 14:26:06.242,361,1764.418
2026-07-27 14:26:06.271,343,1676.442
2026-07-27 14:26:06.271,322,1573.803
2026-07-27 14:26:06.271,307,1500.489
2026-07-27 14:26:06.271,302,1476.051
2026-07-27 14:26:06.271,299,1461.388
2026-07-27 14:26:06.273,303,1480.938
2026-07-27 14:26:06.302,292,1427.175
2026-07-27 14:26:06.302,283,1383.187
2026-07-27 14:26:06.303,274,1339.198
2026-07-27 14:26:06.303,274,1339.198
2026-07-27 14:26:06.303,271,1324.536
2026-07-27 14:26:06.304,269,1314.761
2026-07-27 14:26:06.334,274,1339.198
2026-07-27 14:26:06.334,278,1358.749
2026-07-27 14:26:06.346,271,1324.536
2026-07-27 14:26:06.346,267,1304.985
2026-07-27 14:26:06.346,270,1319.648
2026-07-27 14:26:06.346,270,1319.648
2026-07-27 14:26:06.346,266,1300.098
2026-07-27 14:26:06.347,263,1285.435
2026-07-27 14:26:06.379,258,1260.997
2026-07-27 14:26:06.379,258,1260.997
2026-07-27 14:26:06.379,261,1275.66
2026-07-27 14:26:06.379,264,1290.323
2026-07-27 14:26:06.380,271,1324.536
2026-07-27 14:26:06.380,275,1344.086
2026-07-27 14:26:06.382,271,1324.536
2026-07-27 14:26:06.410,276,1348.974
2026-07-27 14:26:06.410,277,1353.861
2026-07-27 14:26:06.410,273,1334.311
2026-07-27 14:26:06.410,270,1319.648
2026-07-27 14:26:06.411,270,1319.648
2026-07-27 14:26:06.413,272,1329.423
2026-07-27 14:26:06.442,274,1339.198
2026-07-27 14:26:06.442,273,1334.311
2026-07-27 14:26:06.442,275,1344.086
2026-07-27 14:26:06.442,276,1348.974
2026-07-27 14:26:06.442,280,1368.524
2026-07-27 14:26:06.444,281,1373.412
2026-07-27 14:26:06.473,280,1368.524
2026-07-27 14:26:06.473,273,1334.311
2026-07-27 14:26:06.473,264,1290.323
2026-07-27 14:26:06.473,270,1319.648
2026-07-27 14:26:06.473,281,1373.412
2026-07-27 14:26:06.476,276,1348.974
2026-07-27 14:26:06.504,269,1314.761
2026-07-27 14:26:06.507,269,1314.761
2026-07-27 14:26:06.507,275,1344.086
2026-07-27 14:26:06.507,279,1363.636
2026-07-27 14:26:06.507,277,1353.861
2026-07-27 14:26:06.508,279,1363.636
2026-07-27 14:26:06.512,281,1373.412
2026-07-27 14:26:06.551,274,1339.198
2026-07-27 14:26:06.551,266,1300.098
2026-07-27 14:26:06.551,272,1329.423
2026-07-27 14:26:06.551,290,1417.4
2026-07-27 14:26:06.551,293,1432.063
2026-07-27 14:26:06.551,286,1397.849
2026-07-27 14:26:06.551,273,1334.311
2026-07-27 14:26:06.554,270,1319.648
2026-07-27 14:26:06.582,279,1363.636
2026-07-27 14:26:06.582,294,1436.95
2026-07-27 14:26:06.582,304,1485.826
2026-07-27 14:26:06.583,304,1485.826
2026-07-27 14:26:06.583,295,1441.838
2026-07-27 14:26:06.585,291,1422.287
2026-07-27 14:26:06.613,289,1412.512
2026-07-27 14:26:06.613,289,1412.512
2026-07-27 14:26:06.613,284,1388.074
2026-07-27 14:26:06.613,280,1368.524
2026-07-27 14:26:06.613,272,1329.423
2026-07-27 14:26:06.616,267,1304.985
2026-07-27 14:26:06.644,264,1290.323
2026-07-27 14:26:06.644,263,1285.435
2026-07-27 14:26:06.644,259,1265.885
2026-07-27 14:26:06.644,259,1265.885
2026-07-27 14:26:06.644,270,1319.648
2026-07-27 14:26:06.675,279,1363.636
2026-07-27 14:26:06.675,291,1422.287
2026-07-27 14:26:06.675,301,1471.163
2026-07-27 14:26:06.675,299,1461.388
2026-07-27 14:26:06.675,294,1436.95
2026-07-27 14:26:06.675,286,1397.849
2026-07-27 14:26:06.678,277,1353.861
2026-07-27 14:26:06.706,277,1353.861
2026-07-27 14:26:06.706,274,1339.198
2026-07-27 14:26:06.706,272,1329.423
2026-07-27 14:26:06.706,294,1436.95
2026-07-27 14:26:06.706,316,1544.477
2026-07-27 14:26:06.710,336,1642.229
2026-07-27 14:26:06.737,359,1754.643
2026-07-27 14:26:06.738,390,1906.158
2026-07-27 14:26:06.738,322,1573.803
2026-07-27 14:26:06.738,177,865.103
2026-07-27 14:26:06.738,81,395.894
2026-07-27 14:26:06.741,100,488.759
2026-07-27 14:26:06.745,160,782.014
2026-07-27 14:26:06.784,204,997.067
2026-07-27 14:26:06.785,234,1143.695
2026-07-27 14:26:06.785,250,1221.896
2026-07-27 14:26:06.785,248,1212.121
2026-07-27 14:26:06.785,248,1212.121
2026-07-27 14:26:06.785,247,1207.234
2026-07-27 14:26:06.785,248,1212.121
2026-07-27 14:26:06.787,258,1260.997
2026-07-27 14:26:06.815,267,1304.985
2026-07-27 14:26:06.815,264,1290.323
2026-07-27 14:26:06.815,260,1270.772
2026-07-27 14:26:06.815,262,1280.547
2026-07-27 14:26:06.815,266,1300.098
2026-07-27 14:26:06.818,271,1324.536
2026-07-27 14:26:06.846,273,1334.311
2026-07-27 14:26:06.846,270,1319.648
2026-07-27 14:26:06.846,271,1324.536
2026-07-27 14:26:06.846,279,1363.636
2026-07-27 14:26:06.846,282,1378.299
2026-07-27 14:26:06.849,284,1388.074
2026-07-27 14:26:06.892,282,1378.299
2026-07-27 14:26:06.892,285,1392.962
2026-07-27 14:26:06.892,300,1466.276
2026-07-27 14:26:06.892,299,1461.388
2026-07-27 14:26:06.892,288,1407.625
2026-07-27 14:26:06.892,295,1441.838
2026-07-27 14:26:06.892,310,1515.152
2026-07-27 14:26:06.893,326,1593.353
2026-07-27 14:26:06.896,340,1661.779
2026-07-27 14:26:06.938,347,1695.992
2026-07-27 14:26:06.939,347,1695.992
2026-07-27 14:26:06.939,354,1730.205
2026-07-27 14:26:06.939,368,1798.631
2026-07-27 14:26:06.939,378,1847.507
2026-07-27 14:26:06.940,381,1862.17
2026-07-27 14:26:06.941,382,1867.058
2026-07-27 14:26:06.941,384,1876.833
2026-07-27 14:26:06.943,381,1862.17
2026-07-27 14:26:06.983,372,1818.182
2026-07-27 14:26:06.984,361,1764.418
2026-07-27 14:26:06.984,348,1700.88
2026-07-27 14:26:06.984,331,1617.791
2026-07-27 14:26:06.984,314,1534.702
2026-07-27 14:26:06.984,300,1466.276
2026-07-27 14:26:06.984,290,1417.4
2026-07-27 14:26:06.985,278,1358.749
2026-07-27 14:26:07.029,268,1309.873
2026-07-27 14:26:07.030,262,1280.547
2026-07-27 14:26:07.030,263,1285.435
2026-07-27 14:26:07.033,260,1270.772
2026-07-27 14:26:07.033,261,1275.66
2026-07-27 14:26:07.033,263,1285.435
2026-07-27 14:26:07.033,260,1270.772
2026-07-27 14:26:07.033,260,1270.772
2026-07-27 14:26:07.033,260,1270.772
2026-07-27 14:26:07.037,266,1300.098
2026-07-27 14:26:07.077,269,1314.761
2026-07-27 14:26:07.077,270,1319.648
2026-07-27 14:26:07.078,268,1309.873
2026-07-27 14:26:07.078,270,1319.648
2026-07-27 14:26:07.078,272,1329.423
2026-07-27 14:26:07.078,274,1339.198
2026-07-27 14:26:07.078,275,1344.086
2026-07-27 14:26:07.079,273,1334.311
2026-07-27 14:26:07.124,276,1348.974
2026-07-27 14:26:07.125,283,1383.187
2026-07-27 14:26:07.125,281,1373.412
2026-07-27 14:26:07.125,282,1378.299
2026-07-27 14:26:07.125,288,1407.625
2026-07-27 14:26:07.125,293,1432.063
2026-07-27 14:26:07.125,295,1441.838
2026-07-27 14:26:07.126,297,1451.613
2026-07-27 14:26:07.127,301,1471.163
2026-07-27 14:26:07.130,303,1480.938
2026-07-27 14:26:07.172,305,1490.714
2026-07-27 14:26:07.172,306,1495.601
2026-07-27 14:26:07.172,310,1515.152
2026-07-27 14:26:07.172,316,1544.477
2026-07-27 14:26:07.172,317,1549.365
2026-07-27 14:26:07.172,317,1549.365
2026-07-27 14:26:07.172,320,1564.027
2026-07-27 14:26:07.178,323,1578.69
2026-07-27 14:26:07.178,323,1578.69
2026-07-27 14:26:07.218,316,1544.477
2026-07-27 14:26:07.218,309,1510.264
2026-07-27 14:26:07.218,310,1515.152
2026-07-27 14:26:07.218,318,1554.252
2026-07-27 14:26:07.219,321,1568.915
2026-07-27 14:26:07.219,315,1539.589
2026-07-27 14:26:07.219,314,1534.702
2026-07-27 14:26:07.219,310,1515.152
2026-07-27 14:26:07.265,312,1524.927
2026-07-27 14:26:07.265,311,1520.039
2026-07-27 14:26:07.265,310,1515.152
2026-07-27 14:26:07.265,308,1505.376
2026-07-27 14:26:07.266,304,1485.826
2026-07-27 14:26:07.266,305,1490.714
2026-07-27 14:26:07.266,306,1495.601
2026-07-27 14:26:07.266,303,1480.938
2026-07-27 14:26:07.266,304,1485.826
2026-07-27 14:26:07.312,306,1495.601
2026-07-27 14:26:07.312,305,1490.714
2026-07-27 14:26:07.312,300,1466.276
2026-07-27 14:26:07.312,301,1471.163
2026-07-27 14:26:07.312,298,1456.5
2026-07-27 14:26:07.312,292,1427.175
2026-07-27 14:26:07.313,294,1436.95
2026-07-27 14:26:07.313,297,1451.613
2026-07-27 14:26:07.313,292,1427.175
2026-07-27 14:26:07.317,291,1422.287
2026-07-27 14:26:07.359,295,1441.838
2026-07-27 14:26:07.359,287,1402.737
2026-07-27 14:26:07.359,281,1373.412
2026-07-27 14:26:07.359,282,1378.299
2026-07-27 14:26:07.359,287,1402.737
2026-07-27 14:26:07.359,287,1402.737
2026-07-27 14:26:07.359,284,1388.074
2026-07-27 14:26:07.360,283,1383.187
2026-07-27 14:26:07.364,286,1397.849
2026-07-27 14:26:07.404,288,1407.625
2026-07-27 14:26:07.404,288,1407.625
2026-07-27 14:26:07.404,294,1436.95
2026-07-27 14:26:07.405,295,1441.838
2026-07-27 14:26:07.405,293,1432.063
2026-07-27 14:26:07.405,295,1441.838
2026-07-27 14:26:07.405,291,1422.287
2026-07-27 14:26:07.406,287,1402.737
2026-07-27 14:26:07.451,291,1422.287
2026-07-27 14:26:07.451,288,1407.625
2026-07-27 14:26:07.451,287,1402.737
2026-07-27 14:26:07.451,282,1378.299
2026-07-27 14:26:07.451,285,1392.962
2026-07-27 14:26:07.452,291,1422.287
2026-07-27 14:26:07.452,287,1402.737
2026-07-27 14:26:07.452,290,1417.4
2026-07-27 14:26:07.455,295,1441.838
2026-07-27 14:26:07.458,300,1466.276
2026-07-27 14:26:07.496,313,1529.814
2026-07-27 14:26:07.497,331,1617.791
2026-07-27 14:26:07.497,337,1647.116
2026-07-27 14:26:07.497,354,1730.205
2026-07-27 14:26:07.497,388,1896.383
2026-07-27 14:26:07.497,424,2072.336
2026-07-27 14:26:07.497,399,1950.147
2026-07-27 14:26:07.544,273,1334.311
2026-07-27 14:26:07.544,186,909.091
2026-07-27 14:26:07.544,201,982.405
2026-07-27 14:26:07.544,253,1236.559
2026-07-27 14:26:07.544,277,1353.861
2026-07-27 14:26:07.550,291,1422.287
2026-07-27 14:26:07.550,310,1515.152
2026-07-27 14:26:07.550,320,1564.027
2026-07-27 14:26:07.550,326,1593.353
2026-07-27 14:26:07.550,331,1617.791
2026-07-27 14:26:07.553,337,1647.116
2026-07-27 14:26:07.556,341,1666.667
2026-07-27 14:26:07.590,348,1700.88
2026-07-27 14:26:07.590,352,1720.43
2026-07-27 14:26:07.590,353,1725.318
2026-07-27 14:26:07.591,352,1720.43
2026-07-27 14:26:07.591,354,1730.205
2026-07-27 14:26:07.591,361,1764.418
2026-07-27 14:26:07.593,367,1793.744
2026-07-27 14:26:07.636,373,1823.069
2026-07-27 14:26:07.636,379,1852.395
2026-07-27 14:26:07.636,381,1862.17
2026-07-27 14:26:07.637,379,1852.395
2026-07-27 14:26:07.637,383,1871.945
2026-07-27 14:26:07.637,389,1901.271
2026-07-27 14:26:07.637,391,1911.046
2026-07-27 14:26:07.637,396,1935.484
2026-07-27 14:26:07.640,399,1950.147
2026-07-27 14:26:07.684,401,1959.922
2026-07-27 14:26:07.684,404,1974.585
2026-07-27 14:26:07.684,411,2008.798
2026-07-27 14:26:07.685,408,1994.135
2026-07-27 14:26:07.685,412,2013.685
2026-07-27 14:26:07.685,424,2072.336
2026-07-27 14:26:07.685,443,2165.2
2026-07-27 14:26:07.685,463,2262.952
2026-07-27 14:26:07.730,474,2316.716
2026-07-27 14:26:07.730,482,2355.816
2026-07-27 14:26:07.730,482,2355.816
2026-07-27 14:26:07.730,477,2331.378
2026-07-27 14:26:07.730,473,2311.828
2026-07-27 14:26:07.730,470,2297.165
2026-07-27 14:26:07.730,467,2282.502
2026-07-27 14:26:07.731,450,2199.413
2026-07-27 14:26:07.731,431,2106.549
2026-07-27 14:26:07.778,410,2003.91
2026-07-27 14:26:07.778,403,1969.697
2026-07-27 14:26:07.778,408,1994.135
2026-07-27 14:26:07.778,402,1964.809
2026-07-27 14:26:07.778,382,1867.058
2026-07-27 14:26:07.779,350,1710.655
2026-07-27 14:26:07.779,328,1603.128
2026-07-27 14:26:07.779,316,1544.477
2026-07-27 14:26:07.779,305,1490.714
2026-07-27 14:26:07.782,291,1422.287
2026-07-27 14:26:07.822,280,1368.524
2026-07-27 14:26:07.822,264,1290.323
2026-07-27 14:26:07.822,253,1236.559
2026-07-27 14:26:07.822,233,1138.807
2026-07-27 14:26:07.822,219,1070.381
2026-07-27 14:26:07.823,214,1045.943
2026-07-27 14:26:07.823,212,1036.168
2026-07-27 14:26:07.823,210,1026.393
2026-07-27 14:26:07.827,199,972.63
2026-07-27 14:26:07.869,177,865.103
2026-07-27 14:26:07.869,165,806.452
2026-07-27 14:26:07.870,162,791.789
2026-07-27 14:26:07.870,162,791.789
2026-07-27 14:26:07.870,164,801.564
2026-07-27 14:26:07.870,163,796.676
2026-07-27 14:26:07.871,161,786.901
2026-07-27 14:26:07.871,159,777.126
2026-07-27 14:26:07.914,160,782.014
2026-07-27 14:26:07.914,161,786.901
2026-07-27 14:26:07.914,159,777.126
2026-07-27 14:26:07.914,162,791.789
2026-07-27 14:26:07.914,162,791.789
2026-07-27 14:26:07.915,157,767.351
2026-07-27 14:26:07.915,156,762.463
2026-07-27 14:26:07.915,161,786.901
2026-07-27 14:26:07.915,167,816.227
2026-07-27 14:26:07.945,169,826.002
2026-07-27 14:26:07.945,165,806.452
2026-07-27 14:26:07.945,166,811.339
2026-07-27 14:26:07.945,171,835.777
2026-07-27 14:26:07.945,172,840.665
2026-07-27 14:26:07.946,168,821.114
2026-07-27 14:26:07.976,170,830.89
2026-07-27 14:26:07.976,182,889.541
2026-07-27 14:26:07.976,196,957.967
2026-07-27 14:26:07.976,193,943.304
2026-07-27 14:26:07.976,192,938.416
2026-07-27 14:26:07.978,192,938.416
2026-07-27 14:26:08.007,197,962.854
2026-07-27 14:26:08.007,207,1011.73
2026-07-27 14:26:08.007,212,1036.168
2026-07-27 14:26:08.007,215,1050.831
2026-07-27 14:26:08.008,217,1060.606
2026-07-27 14:26:08.009,220,1075.269
2026-07-27 14:26:08.037,222,1085.044
2026-07-27 14:26:08.038,225,1099.707
2026-07-27 14:26:08.038,228,1114.37
2026-07-27 14:26:08.038,232,1133.92
2026-07-27 14:26:08.038,237,1158.358
2026-07-27 14:26:08.040,239,1168.133
2026-07-27 14:26:08.045,239,1168.133
2026-07-27 14:26:08.086,241,1177.908
2026-07-27 14:26:08.086,245,1197.458
2026-07-27 14:26:08.086,249,1217.009
2026-07-27 14:26:08.086,252,1231.672
2026-07-27 14:26:08.086,257,1256.109
2026-07-27 14:26:08.086,265,1295.21
2026-07-27 14:26:08.086,271,1324.536
2026-07-27 14:26:08.087,273,1334.311
2026-07-27 14:26:08.116,276,1348.974
2026-07-27 14:26:08.117,278,1358.749
2026-07-27 14:26:08.117,280,1368.524
2026-07-27 14:26:08.117,283,1383.187
2026-07-27 14:26:08.117,287,1402.737
2026-07-27 14:26:08.118,290,1417.4
2026-07-27 14:26:08.148,292,1427.175
2026-07-27 14:26:08.148,295,1441.838
2026-07-27 14:26:08.148,298,1456.5
2026-07-27 14:26:08.148,298,1456.5
2026-07-27 14:26:08.148,298,1456.5
2026-07-27 14:26:08.149,300,1466.276
2026-07-27 14:26:08.179,303,1480.938
2026-07-27 14:26:08.179,298,1456.5
2026-07-27 14:26:08.179,294,1436.95
2026-07-27 14:26:08.179,298,1456.5
2026-07-27 14:26:08.180,302,1476.051
2026-07-27 14:26:08.182,302,1476.051
2026-07-27 14:26:08.186,302,1476.051
2026-07-27 14:26:08.226,303,1480.938
2026-07-27 14:26:08.226,306,1495.601
2026-07-27 14:26:08.226,305,1490.714
2026-07-27 14:26:08.226,306,1495.601
2026-07-27 14:26:08.226,312,1524.927
2026-07-27 14:26:08.226,318,1554.252
2026-07-27 14:26:08.226,326,1593.353
2026-07-27 14:26:08.227,343,1676.442
2026-07-27 14:26:08.257,372,1818.182
2026-07-27 14:26:08.257,425,2077.224
2026-07-27 14:26:08.257,498,2434.018
2026-07-27 14:26:08.257,545,2663.734
2026-07-27 14:26:08.257,457,2233.627
2026-07-27 14:26:08.258,302,1476.051
2026-07-27 14:26:08.288,208,1016.618
2026-07-27 14:26:08.289,206,1006.843
2026-07-27 14:26:08.289,284,1388.074
2026-07-27 14:26:08.289,337,1647.116
2026-07-27 14:26:08.289,346,1691.105
2026-07-27 14:26:08.290,357,1744.868
2026-07-27 14:26:08.321,382,1867.058
2026-07-27 14:26:08.321,391,1911.046
2026-07-27 14:26:08.321,385,1881.72
2026-07-27 14:26:08.321,381,1862.17
2026-07-27 14:26:08.321,386,1886.608
2026-07-27 14:26:08.321,392,1915.934
2026-07-27 14:26:08.352,393,1920.821
2026-07-27 14:26:08.352,394,1925.709
2026-07-27 14:26:08.352,396,1935.484
2026-07-27 14:26:08.352,398,1945.259
2026-07-27 14:26:08.352,401,1959.922
2026-07-27 14:26:08.353,405,1979.472
2026-07-27 14:26:08.382,409,1999.022
2026-07-27 14:26:08.382,408,1994.135
2026-07-27 14:26:08.382,406,1984.36
2026-07-27 14:26:08.382,410,2003.91
2026-07-27 14:26:08.383,414,2023.46
2026-07-27 14:26:08.383,418,2043.011
2026-07-27 14:26:08.413,422,2062.561
2026-07-27 14:26:08.413,423,2067.449
2026-07-27 14:26:08.413,426,2082.111
2026-07-27 14:26:08.413,431,2106.549
2026-07-27 14:26:08.413,436,2130.987
2026-07-27 14:26:08.414,440,2150.538
2026-07-27 14:26:08.443,445,2174.976
2026-07-27 14:26:08.443,449,2194.526
2026-07-27 14:26:08.444,456,2228.739
2026-07-27 14:26:08.444,459,2243.402
2026-07-27 14:26:08.444,468,2287.39
2026-07-27 14:26:08.446,478,2336.266
2026-07-27 14:26:08.475,481,2350.929
2026-07-27 14:26:08.475,482,2355.816
2026-07-27 14:26:08.475,485,2370.479
2026-07-27 14:26:08.475,485,2370.479
2026-07-27 14:26:08.477,477,2331.378
2026-07-27 14:26:08.478,462,2258.065
2026-07-27 14:26:08.506,445,2174.976
2026-07-27 14:26:08.506,428,2091.887
2026-07-27 14:26:08.506,411,2008.798
2026-07-27 14:26:08.506,391,1911.046
2026-07-27 14:26:08.506,372,1818.182
2026-07-27 14:26:08.508,355,1735.093
2026-07-27 14:26:08.536,347,1695.992
2026-07-27 14:26:08.536,337,1647.116
2026-07-27 14:26:08.537,330,1612.903
2026-07-27 14:26:08.537,323,1578.69
2026-07-27 14:26:08.537,324,1583.578
2026-07-27 14:26:08.539,322,1573.803
2026-07-27 14:26:08.583,316,1544.477
2026-07-27 14:26:08.583,314,1534.702
2026-07-27 14:26:08.584,315,1539.589
2026-07-27 14:26:08.584,313,1529.814
2026-07-27 14:26:08.587,312,1524.927
2026-07-27 14:26:08.587,317,1549.365
2026-07-27 14:26:08.587,318,1554.252
2026-07-27 14:26:08.587,315,1539.589
2026-07-27 14:26:08.587,315,1539.589
2026-07-27 14:26:08.614,314,1534.702
2026-07-27 14:26:08.614,318,1554.252
2026-07-27 14:26:08.614,320,1564.027
2026-07-27 14:26:08.614,318,1554.252
2026-07-27 14:26:08.614,318,1554.252
2026-07-27 14:26:08.617,322,1573.803
2026-07-27 14:26:08.645,323,1578.69
2026-07-27 14:26:08.645,316,1544.477
2026-07-27 14:26:08.645,318,1554.252
2026-07-27 14:26:08.645,323,1578.69
2026-07-27 14:26:08.645,323,1578.69
2026-07-27 14:26:08.676,323,1578.69
2026-07-27 14:26:08.676,322,1573.803
2026-07-27 14:26:08.676,319,1559.14
2026-07-27 14:26:08.676,318,1554.252
2026-07-27 14:26:08.676,327,1598.24
2026-07-27 14:26:08.677,329,1608.016
2026-07-27 14:26:08.680,327,1598.24
2026-07-27 14:26:08.707,326,1593.353
2026-07-27 14:26:08.707,330,1612.903
2026-07-27 14:26:08.707,331,1617.791
2026-07-27 14:26:08.707,329,1608.016
2026-07-27 14:26:08.715,328,1603.128
2026-07-27 14:26:08.715,329,1608.016
2026-07-27 14:26:08.718,328,1603.128
2026-07-27 14:26:08.722,334,1632.454
2026-07-27 14:26:08.753,333,1627.566
2026-07-27 14:26:08.753,335,1637.341
2026-07-27 14:26:08.753,344,1681.329
2026-07-27 14:26:08.753,352,1720.43
2026-07-27 14:26:08.753,359,1754.643
2026-07-27 14:26:08.753,368,1798.631
2026-07-27 14:26:08.785,373,1823.069
2026-07-27 14:26:08.785,369,1803.519
2026-07-27 14:26:08.785,359,1754.643
2026-07-27 14:26:08.785,353,1725.318
2026-07-27 14:26:08.785,355,1735.093
2026-07-27 14:26:08.796,358,1749.756
2026-07-27 14:26:08.796,360,1759.531
2026-07-27 14:26:08.796,350,1710.655
2026-07-27 14:26:08.804,347,1695.992
2026-07-27 14:26:08.806,360,1759.531
2026-07-27 14:26:08.832,366,1788.856
2026-07-27 14:26:08.832,363,1774.194
2026-07-27 14:26:08.832,367,1793.744
2026-07-27 14:26:08.832,377,1842.62
2026-07-27 14:26:08.832,386,1886.608
2026-07-27 14:26:08.862,401,1959.922
2026-07-27 14:26:08.862,404,1974.585
2026-07-27 14:26:08.862,393,1920.821
2026-07-27 14:26:08.862,384,1876.833
2026-07-27 14:26:08.862,375,1832.845
2026-07-27 14:26:08.862,367,1793.744
2026-07-27 14:26:08.893,359,1754.643
2026-07-27 14:26:08.893,363,1774.194
2026-07-27 14:26:08.894,362,1769.306
2026-07-27 14:26:08.894,364,1779.081
2026-07-27 14:26:08.894,364,1779.081
2026-07-27 14:26:08.900,363,1774.194
2026-07-27 14:26:08.900,366,1788.856
2026-07-27 14:26:08.904,370,1808.407
2026-07-27 14:26:08.939,372,1818.182
2026-07-27 14:26:08.939,387,1891.496
2026-07-27 14:26:08.940,402,1964.809
2026-07-27 14:26:08.940,431,2106.549
2026-07-27 14:26:08.940,478,2336.266
2026-07-27 14:26:08.940,541,2644.184
2026-07-27 14:26:09.005,552,2697.947
2026-07-27 14:26:09.005,430,2101.662
2026-07-27 14:26:09.005,282,1378.299
2026-07-27 14:26:09.005,228,1114.37
2026-07-27 14:26:09.006,290,1417.4
2026-07-27 14:26:09.006,349,1705.767
2026-07-27 14:26:09.006,368,1798.631
2026-07-27 14:26:09.006,384,1876.833
2026-07-27 14:26:09.006,406,1984.36
2026-07-27 14:26:09.006,421,2057.674
2026-07-27 14:26:09.006,424,2072.336
2026-07-27 14:26:09.006,418,2043.011
2026-07-27 14:26:09.008,418,2043.011
2026-07-27 14:26:09.049,418,2043.011
2026-07-27 14:26:09.049,420,2052.786
2026-07-27 14:26:09.049,422,2062.561
2026-07-27 14:26:09.049,426,2082.111
2026-07-27 14:26:09.049,426,2082.111
2026-07-27 14:26:09.050,424,2072.336
2026-07-27 14:26:09.050,426,2082.111
2026-07-27 14:26:09.050,428,2091.887
2026-07-27 14:26:09.050,429,2096.774
2026-07-27 14:26:09.081,432,2111.437
2026-07-27 14:26:09.081,430,2101.662
2026-07-27 14:26:09.081,428,2091.887
2026-07-27 14:26:09.081,431,2106.549
2026-07-27 14:26:09.081,431,2106.549
2026-07-27 14:26:09.081,432,2111.437
2026-07-27 14:26:09.087,431,2106.549
2026-07-27 14:26:09.129,433,2116.325
2026-07-27 14:26:09.129,436,2130.987
2026-07-27 14:26:09.129,440,2150.538
2026-07-27 14:26:09.129,441,2155.425
2026-07-27 14:26:09.129,444,2170.088
2026-07-27 14:26:09.130,453,2214.076
2026-07-27 14:26:09.131,461,2253.177
2026-07-27 14:26:09.131,467,2282.502
2026-07-27 14:26:09.132,472,2306.94
2026-07-27 14:26:09.174,481,2350.929
2026-07-27 14:26:09.174,487,2380.254
2026-07-27 14:26:09.174,489,2390.029
2026-07-27 14:26:09.175,488,2385.142
2026-07-27 14:26:09.175,482,2355.816
2026-07-27 14:26:09.175,474,2316.716
2026-07-27 14:26:09.175,460,2248.289
2026-07-27 14:26:09.175,440,2150.538
2026-07-27 14:26:09.179,420,2052.786
2026-07-27 14:26:09.205,398,1945.259
2026-07-27 14:26:09.205,384,1876.833
2026-07-27 14:26:09.205,371,1813.294
2026-07-27 14:26:09.205,358,1749.756
2026-07-27 14:26:09.205,347,1695.992
2026-07-27 14:26:09.252,337,1647.116
2026-07-27 14:26:09.252,332,1622.678
2026-07-27 14:26:09.252,329,1608.016
2026-07-27 14:26:09.252,326,1593.353
2026-07-27 14:26:09.252,324,1583.578
2026-07-27 14:26:09.252,323,1578.69
2026-07-27 14:26:09.252,321,1568.915
2026-07-27 14:26:09.252,321,1568.915
2026-07-27 14:26:09.252,321,1568.915
2026-07-27 14:26:09.299,317,1549.365
2026-07-27 14:26:09.299,318,1554.252
2026-07-27 14:26:09.299,320,1564.027
2026-07-27 14:26:09.299,321,1568.915
2026-07-27 14:26:09.299,317,1549.365
2026-07-27 14:26:09.299,317,1549.365
2026-07-27 14:26:09.299,317,1549.365
2026-07-27 14:26:09.300,317,1549.365
2026-07-27 14:26:09.300,317,1549.365
2026-07-27 14:26:09.304,317,1549.365
2026-07-27 14:26:09.345,316,1544.477
2026-07-27 14:26:09.345,315,1539.589
2026-07-27 14:26:09.345,316,1544.477
2026-07-27 14:26:09.346,316,1544.477
2026-07-27 14:26:09.346,316,1544.477
2026-07-27 14:26:09.346,317,1549.365
2026-07-27 14:26:09.346,317,1549.365
2026-07-27 14:26:09.346,317,1549.365
2026-07-27 14:26:09.393,317,1549.365
2026-07-27 14:26:09.393,317,1549.365
2026-07-27 14:26:09.393,318,1554.252
2026-07-27 14:26:09.393,320,1564.027
2026-07-27 14:26:09.393,322,1573.803
2026-07-27 14:26:09.393,322,1573.803
2026-07-27 14:26:09.393,321,1568.915
2026-07-27 14:26:09.394,321,1568.915
2026-07-27 14:26:09.395,323,1578.69
2026-07-27 14:26:09.399,327,1598.24
2026-07-27 14:26:09.439,328,1603.128
2026-07-27 14:26:09.439,327,1598.24
2026-07-27 14:26:09.439,327,1598.24
2026-07-27 14:26:09.439,328,1603.128
2026-07-27 14:26:09.439,328,1603.128
2026-07-27 14:26:09.439,329,1608.016
2026-07-27 14:26:09.440,330,1612.903
2026-07-27 14:26:09.440,328,1603.128
2026-07-27 14:26:09.485,326,1593.353
2026-07-27 14:26:09.486,326,1593.353
2026-07-27 14:26:09.486,327,1598.24
2026-07-27 14:26:09.486,327,1598.24
2026-07-27 14:26:09.486,326,1593.353
2026-07-27 14:26:09.486,325,1588.465
2026-07-27 14:26:09.486,325,1588.465
2026-07-27 14:26:09.486,325,1588.465
2026-07-27 14:26:09.486,328,1603.128
2026-07-27 14:26:09.531,329,1608.016
2026-07-27 14:26:09.532,326,1593.353
2026-07-27 14:26:09.532,323,1578.69
2026-07-27 14:26:09.532,322,1573.803
2026-07-27 14:26:09.532,323,1578.69
2026-07-27 14:26:09.532,323,1578.69
2026-07-27 14:26:09.532,325,1588.465
2026-07-27 14:26:09.532,325,1588.465
2026-07-27 14:26:09.533,326,1593.353
2026-07-27 14:26:09.578,334,1632.454
2026-07-27 14:26:09.578,339,1656.891
2026-07-27 14:26:09.579,336,1642.229
2026-07-27 14:26:09.579,334,1632.454
2026-07-27 14:26:09.579,334,1632.454
2026-07-27 14:26:09.579,335,1637.341
2026-07-27 14:26:09.579,336,1642.229
2026-07-27 14:26:09.579,331,1617.791
2026-07-27 14:26:09.580,328,1603.128
2026-07-27 14:26:09.624,325,1588.465
2026-07-27 14:26:09.624,325,1588.465
2026-07-27 14:26:09.624,324,1583.578
2026-07-27 14:26:09.624,324,1583.578
2026-07-27 14:26:09.627,324,1583.578
2026-07-27 14:26:09.627,327,1598.24
2026-07-27 14:26:09.627,325,1588.465
2026-07-27 14:26:09.627,325,1588.465
2026-07-27 14:26:09.628,327,1598.24
2026-07-27 14:26:09.670,326,1593.353
2026-07-27 14:26:09.670,333,1627.566
2026-07-27 14:26:09.670,349,1705.767
2026-07-27 14:26:09.670,374,1827.957
2026-07-27 14:26:09.670,421,2057.674
2026-07-27 14:26:09.670,491,2399.804
2026-07-27 14:26:09.671,541,2644.184
2026-07-27 14:26:09.671,445,2174.976
2026-07-27 14:26:09.673,275,1344.086
2026-07-27 14:26:09.716,181,884.653
2026-07-27 14:26:09.716,197,962.854
2026-07-27 14:26:09.716,279,1363.636
2026-07-27 14:26:09.717,322,1573.803
2026-07-27 14:26:09.717,322,1573.803
2026-07-27 14:26:09.717,330,1612.903
2026-07-27 14:26:09.717,352,1720.43
2026-07-27 14:26:09.717,360,1759.531
2026-07-27 14:26:09.720,351,1715.543
2026-07-27 14:26:09.763,345,1686.217
2026-07-27 14:26:09.763,346,1691.105
2026-07-27 14:26:09.763,350,1710.655
2026-07-27 14:26:09.763,354,1730.205
2026-07-27 14:26:09.764,353,1725.318
2026-07-27 14:26:09.764,352,1720.43
2026-07-27 14:26:09.764,350,1710.655
2026-07-27 14:26:09.764,347,1695.992
2026-07-27 14:26:09.811,353,1725.318
2026-07-27 14:26:09.811,351,1715.543
2026-07-27 14:26:09.811,347,1695.992
2026-07-27 14:26:09.811,345,1686.217
2026-07-27 14:26:09.811,346,1691.105
2026-07-27 14:26:09.811,344,1681.329
2026-07-27 14:26:09.811,346,1691.105
2026-07-27 14:26:09.811,349,1705.767
2026-07-27 14:26:09.812,349,1705.767
2026-07-27 14:26:09.814,351,1715.543
2026-07-27 14:26:09.857,352,1720.43
2026-07-27 14:26:09.857,358,1749.756
2026-07-27 14:26:09.857,363,1774.194
2026-07-27 14:26:09.857,366,1788.856
2026-07-27 14:26:09.857,368,1798.631
2026-07-27 14:26:09.857,370,1808.407
2026-07-27 14:26:09.858,372,1818.182
2026-07-27 14:26:09.858,378,1847.507
2026-07-27 14:26:09.860,386,1886.608
2026-07-27 14:26:09.904,390,1906.158
2026-07-27 14:26:09.904,391,1911.046
2026-07-27 14:26:09.904,390,1906.158
2026-07-27 14:26:09.905,384,1876.833
2026-07-27 14:26:09.905,376,1837.732
2026-07-27 14:26:09.905,370,1808.407
2026-07-27 14:26:09.905,356,1739.98
2026-07-27 14:26:09.905,341,1666.667
2026-07-27 14:26:09.950,326,1593.353
2026-07-27 14:26:09.951,308,1505.376
2026-07-27 14:26:09.951,296,1446.725
2026-07-27 14:26:09.951,283,1383.187
2026-07-27 14:26:09.951,268,1309.873
2026-07-27 14:26:09.951,263,1285.435
2026-07-27 14:26:09.951,264,1290.323
2026-07-27 14:26:09.951,262,1280.547
2026-07-27 14:26:09.952,260,1270.772
2026-07-27 14:26:09.954,251,1226.784
2026-07-27 14:26:09.996,252,1231.672
2026-07-27 14:26:09.996,253,1236.559
2026-07-27 14:26:09.997,252,1231.672
2026-07-27 14:26:09.997,256,1251.222
2026-07-27 14:26:09.997,256,1251.222
2026-07-27 14:26:09.997,254,1241.447
2026-07-27 14:26:09.997,254,1241.447
2026-07-27 14:26:09.998,258,1260.997
2026-07-27 14:26:10.001,257,1256.109
2026-07-27 14:26:10.043,259,1265.885
2026-07-27 14:26:10.043,258,1260.997
2026-07-27 14:26:10.043,258,1260.997
2026-07-27 14:26:10.043,259,1265.885
2026-07-27 14:26:10.043,261,1275.66
2026-07-27 14:26:10.044,264,1290.323
2026-07-27 14:26:10.044,264,1290.323
2026-07-27 14:26:10.044,267,1304.985
2026-07-27 14:26:10.048,270,1319.648
2026-07-27 14:26:10.090,270,1319.648
2026-07-27 14:26:10.090,267,1304.985
2026-07-27 14:26:10.090,265,1295.21
2026-07-27 14:26:10.090,268,1309.873
2026-07-27 14:26:10.090,271,1324.536
2026-07-27 14:26:10.090,273,1334.311
2026-07-27 14:26:10.090,276,1348.974
2026-07-27 14:26:10.090,277,1353.861
2026-07-27 14:26:10.094,277,1353.861
2026-07-27 14:26:10.137,275,1344.086
2026-07-27 14:26:10.137,274,1339.198
2026-07-27 14:26:10.137,274,1339.198
2026-07-27 14:26:10.137,276,1348.974
2026-07-27 14:26:10.137,273,1334.311
2026-07-27 14:26:10.140,270,1319.648
2026-07-27 14:26:10.140,273,1334.311
2026-07-27 14:26:10.140,281,1373.412
2026-07-27 14:26:10.141,289,1412.512
2026-07-27 14:26:10.183,293,1432.063
2026-07-27 14:26:10.183,298,1456.5
2026-07-27 14:26:10.183,302,1476.051
2026-07-27 14:26:10.184,306,1495.601
2026-07-27 14:26:10.184,310,1515.152
2026-07-27 14:26:10.184,307,1500.489
2026-07-27 14:26:10.184,299,1461.388
2026-07-27 14:26:10.184,295,1441.838
2026-07-27 14:26:10.188,296,1446.725
2026-07-27 14:26:10.230,297,1451.613
2026-07-27 14:26:10.230,299,1461.388
2026-07-27 14:26:10.230,307,1500.489
2026-07-27 14:26:10.230,318,1554.252
2026-07-27 14:26:10.230,322,1573.803
2026-07-27 14:26:10.230,318,1554.252
2026-07-27 14:26:10.230,318,1554.252
2026-07-27 14:26:10.231,322,1573.803
2026-07-27 14:26:10.276,324,1583.578
2026-07-27 14:26:10.276,324,1583.578
2026-07-27 14:26:10.276,325,1588.465
2026-07-27 14:26:10.276,325,1588.465
2026-07-27 14:26:10.276,326,1593.353
2026-07-27 14:26:10.276,325,1588.465
2026-07-27 14:26:10.277,320,1564.027
2026-07-27 14:26:10.277,321,1568.915
2026-07-27 14:26:10.280,325,1588.465
2026-07-27 14:26:10.282,324,1583.578
2026-07-27 14:26:10.323,326,1593.353
2026-07-27 14:26:10.323,329,1608.016
2026-07-27 14:26:10.323,329,1608.016
2026-07-27 14:26:10.323,331,1617.791
2026-07-27 14:26:10.323,332,1622.678
2026-07-27 14:26:10.324,337,1647.116
2026-07-27 14:26:10.324,345,1686.217
2026-07-27 14:26:10.324,352,1720.43
2026-07-27 14:26:10.369,363,1774.194
2026-07-27 14:26:10.369,376,1837.732
2026-07-27 14:26:10.369,397,1940.371
2026-07-27 14:26:10.369,442,2160.313
2026-07-27 14:26:10.369,503,2458.456
2026-07-27 14:26:10.370,543,2653.959
2026-07-27 14:26:10.370,462,2258.065
2026-07-27 14:26:10.370,331,1617.791
2026-07-27 14:26:10.370,247,1207.234
2026-07-27 14:26:10.416,258,1260.997
2026-07-27 14:26:10.417,321,1568.915
2026-07-27 14:26:10.417,362,1769.306
2026-07-27 14:26:10.417,376,1837.732
2026-07-27 14:26:10.417,389,1901.271
2026-07-27 14:26:10.418,399,1950.147
2026-07-27 14:26:10.418,399,1950.147
2026-07-27 14:26:10.418,397,1940.371
2026-07-27 14:26:10.421,392,1915.934
2026-07-27 14:26:10.423,391,1911.046
2026-07-27 14:26:10.463,395,1930.596
2026-07-27 14:26:10.463,397,1940.371
2026-07-27 14:26:10.463,399,1950.147
2026-07-27 14:26:10.463,401,1959.922
2026-07-27 14:26:10.463,400,1955.034
2026-07-27 14:26:10.463,403,1969.697
2026-07-27 14:26:10.463,405,1979.472
2026-07-27 14:26:10.464,403,1969.697
2026-07-27 14:26:10.510,403,1969.697
2026-07-27 14:26:10.510,410,2003.91
2026-07-27 14:26:10.510,412,2013.685
2026-07-27 14:26:10.510,412,2013.685
2026-07-27 14:26:10.510,412,2013.685
2026-07-27 14:26:10.510,416,2033.236
2026-07-27 14:26:10.510,422,2062.561
2026-07-27 14:26:10.511,424,2072.336
2026-07-27 14:26:10.511,425,2077.224
2026-07-27 14:26:10.556,427,2086.999
2026-07-27 14:26:10.556,434,2121.212
2026-07-27 14:26:10.557,434,2121.212
2026-07-27 14:26:10.557,435,2126.1
2026-07-27 14:26:10.557,438,2140.762
2026-07-27 14:26:10.557,444,2170.088
2026-07-27 14:26:10.557,453,2214.076
2026-07-27 14:26:10.557,460,2248.289
2026-07-27 14:26:10.557,466,2277.615
2026-07-27 14:26:10.603,468,2287.39
2026-07-27 14:26:10.603,472,2306.94
2026-07-27 14:26:10.603,469,2292.278
2026-07-27 14:26:10.603,459,2243.402
2026-07-27 14:26:10.603,446,2179.863
2026-07-27 14:26:10.603,432,2111.437
2026-07-27 14:26:10.603,409,1999.022
2026-07-27 14:26:10.604,384,1876.833
2026-07-27 14:26:10.604,363,1774.194
2026-07-27 14:26:10.649,351,1715.543
2026-07-27 14:26:10.650,342,1671.554
2026-07-27 14:26:10.650,333,1627.566
2026-07-27 14:26:10.650,324,1583.578
2026-07-27 14:26:10.650,317,1549.365
2026-07-27 14:26:10.650,313,1529.814
2026-07-27 14:26:10.650,310,1515.152
2026-07-27 14:26:10.653,308,1505.376
2026-07-27 14:26:10.653,306,1495.601
2026-07-27 14:26:10.656,304,1485.826
2026-07-27 14:26:10.697,306,1495.601
2026-07-27 14:26:10.698,306,1495.601
2026-07-27 14:26:10.698,305,1490.714
2026-07-27 14:26:10.698,304,1485.826
2026-07-27 14:26:10.698,302,1476.051
2026-07-27 14:26:10.698,301,1471.163
2026-07-27 14:26:10.698,303,1480.938
2026-07-27 14:26:10.699,304,1485.826
2026-07-27 14:26:10.703,302,1476.051
2026-07-27 14:26:10.743,298,1456.5
2026-07-27 14:26:10.743,298,1456.5
2026-07-27 14:26:10.743,297,1451.613
2026-07-27 14:26:10.744,295,1441.838
2026-07-27 14:26:10.744,293,1432.063
2026-07-27 14:26:10.744,291,1422.287
2026-07-27 14:26:10.744,294,1436.95
2026-07-27 14:26:10.744,293,1432.063
2026-07-27 14:26:10.775,290,1417.4
2026-07-27 14:26:10.775,290,1417.4
2026-07-27 14:26:10.775,293,1432.063
2026-07-27 14:26:10.775,292,1427.175
2026-07-27 14:26:10.776,290,1417.4
2026-07-27 14:26:10.777,290,1417.4
2026-07-27 14:26:10.781,290,1417.4
2026-07-27 14:26:10.824,291,1422.287
2026-07-27 14:26:10.824,291,1422.287
2026-07-27 14:26:10.824,291,1422.287
2026-07-27 14:26:10.825,290,1417.4
2026-07-27 14:26:10.825,289,1412.512
2026-07-27 14:26:10.826,289,1412.512
2026-07-27 14:26:10.826,289,1412.512
2026-07-27 14:26:10.826,288,1407.625
2026-07-27 14:26:10.828,290,1417.4
2026-07-27 14:26:10.868,293,1432.063
2026-07-27 14:26:10.869,296,1446.725
2026-07-27 14:26:10.869,298,1456.5
2026-07-27 14:26:10.869,299,1461.388
2026-07-27 14:26:10.869,299,1461.388
2026-07-27 14:26:10.869,300,1466.276
2026-07-27 14:26:10.869,303,1480.938
2026-07-27 14:26:10.869,302,1476.051
2026-07-27 14:26:10.899,300,1466.276
2026-07-27 14:26:10.899,302,1476.051
2026-07-27 14:26:10.900,304,1485.826
2026-07-27 14:26:10.900,306,1495.601
2026-07-27 14:26:10.900,309,1510.264
2026-07-27 14:26:10.901,310,1515.152
2026-07-27 14:26:10.930,311,1520.039
2026-07-27 14:26:10.931,311,1520.039
2026-07-27 14:26:10.931,311,1520.039
2026-07-27 14:26:10.931,313,1529.814
2026-07-27 14:26:10.931,313,1529.814
2026-07-27 14:26:10.935,311,1520.039
2026-07-27 14:26:10.937,309,1510.264
2026-07-27 14:26:10.977,312,1524.927
2026-07-27 14:26:10.977,313,1529.814
2026-07-27 14:26:10.978,308,1505.376
2026-07-27 14:26:10.978,305,1490.714
2026-07-27 14:26:10.978,311,1520.039
2026-07-27 14:26:10.978,315,1539.589
2026-07-27 14:26:10.978,316,1544.477
2026-07-27 14:26:10.979,318,1554.252
2026-07-27 14:26:11.009,321,1568.915
2026-07-27 14:26:11.009,319,1559.14
2026-07-27 14:26:11.009,317,1549.365
2026-07-27 14:26:11.009,316,1544.477
2026-07-27 14:26:11.009,316,1544.477
2026-07-27 14:26:11.010,317,1549.365
2026-07-27 14:26:11.055,318,1554.252
2026-07-27 14:26:11.055,316,1544.477
2026-07-27 14:26:11.055,311,1520.039
2026-07-27 14:26:11.056,304,1485.826
2026-07-27 14:26:11.056,305,1490.714
2026-07-27 14:26:11.056,310,1515.152
2026-07-27 14:26:11.056,314,1534.702
2026-07-27 14:26:11.056,315,1539.589
2026-07-27 14:26:11.057,316,1544.477
2026-07-27 14:26:11.085,324,1583.578
2026-07-27 14:26:11.085,330,1612.903
2026-07-27 14:26:11.085,342,1671.554
2026-07-27 14:26:11.085,365,1783.969
2026-07-27 14:26:11.086,404,1974.585
2026-07-27 14:26:11.088,470,2297.165
2026-07-27 14:26:11.117,545,2663.734
2026-07-27 14:26:11.117,502,2453.568
2026-07-27 14:26:11.117,344,1681.329
2026-07-27 14:26:11.117,221,1080.156
2026-07-27 14:26:11.118,185,904.203
2026-07-27 14:26:11.119,251,1226.784
2026-07-27 14:26:11.164,314,1534.702
2026-07-27 14:26:11.164,328,1603.128
2026-07-27 14:26:11.164,331,1617.791
2026-07-27 14:26:11.164,350,1710.655
2026-07-27 14:26:11.165,362,1769.306
2026-07-27 14:26:11.165,356,1739.98
2026-07-27 14:26:11.165,352,1720.43
2026-07-27 14:26:11.165,350,1710.655
2026-07-27 14:26:11.171,349,1705.767
2026-07-27 14:26:11.171,345,1686.217
2026-07-27 14:26:11.211,347,1695.992
2026-07-27 14:26:11.211,348,1700.88
2026-07-27 14:26:11.211,352,1720.43
2026-07-27 14:26:11.211,352,1720.43
2026-07-27 14:26:11.211,348,1700.88
2026-07-27 14:26:11.211,347,1695.992
2026-07-27 14:26:11.211,346,1691.105
2026-07-27 14:26:11.213,346,1691.105
2026-07-27 14:26:11.257,346,1691.105
2026-07-27 14:26:11.257,344,1681.329
2026-07-27 14:26:11.257,344,1681.329
2026-07-27 14:26:11.258,341,1666.667
2026-07-27 14:26:11.258,337,1647.116
2026-07-27 14:26:11.258,339,1656.891
2026-07-27 14:26:11.258,344,1681.329
2026-07-27 14:26:11.258,347,1695.992
2026-07-27 14:26:11.259,349,1705.767
2026-07-27 14:26:11.288,355,1735.093
2026-07-27 14:26:11.288,359,1754.643
2026-07-27 14:26:11.288,368,1798.631
2026-07-27 14:26:11.288,373,1823.069
2026-07-27 14:26:11.288,376,1837.732
2026-07-27 14:26:11.291,380,1857.283
2026-07-27 14:26:11.319,382,1867.058
2026-07-27 14:26:11.319,385,1881.72
2026-07-27 14:26:11.319,387,1891.496
2026-07-27 14:26:11.319,384,1876.833
2026-07-27 14:26:11.319,379,1852.395
2026-07-27 14:26:11.322,365,1783.969
2026-07-27 14:26:11.351,349,1705.767
2026-07-27 14:26:11.351,331,1617.791
2026-07-27 14:26:11.351,311,1520.039
2026-07-27 14:26:11.351,295,1441.838
2026-07-27 14:26:11.351,278,1358.749
2026-07-27 14:26:11.353,267,1304.985
2026-07-27 14:26:11.382,261,1275.66
2026-07-27 14:26:11.382,259,1265.885
2026-07-27 14:26:11.382,248,1212.121
2026-07-27 14:26:11.382,244,1192.571
2026-07-27 14:26:11.382,243,1187.683
2026-07-27 14:26:11.384,245,1197.458
2026-07-27 14:26:11.413,242,1182.796
2026-07-27 14:26:11.413,242,1182.796
2026-07-27 14:26:11.413,243,1187.683
2026-07-27 14:26:11.413,241,1177.908
2026-07-27 14:26:11.413,244,1192.571
2026-07-27 14:26:11.415,248,1212.121
2026-07-27 14:26:11.447,251,1226.784
2026-07-27 14:26:11.447,252,1231.672
2026-07-27 14:26:11.447,254,1241.447
2026-07-27 14:26:11.447,257,1256.109
2026-07-27 14:26:11.447,262,1280.547
2026-07-27 14:26:11.448,263,1285.435
2026-07-27 14:26:11.452,261,1275.66
2026-07-27 14:26:11.491,263,1285.435
2026-07-27 14:26:11.491,267,1304.985
2026-07-27 14:26:11.492,269,1314.761
2026-07-27 14:26:11.492,268,1309.873
2026-07-27 14:26:11.492,269,1314.761
2026-07-27 14:26:11.492,273,1334.311
2026-07-27 14:26:11.492,277,1353.861
2026-07-27 14:26:11.493,278,1358.749
2026-07-27 14:26:11.522,279,1363.636
2026-07-27 14:26:11.522,276,1348.974
2026-07-27 14:26:11.522,281,1373.412
2026-07-27 14:26:11.523,280,1368.524
2026-07-27 14:26:11.523,275,1344.086
2026-07-27 14:26:11.525,276,1348.974
2026-07-27 14:26:11.553,276,1348.974
2026-07-27 14:26:11.553,277,1353.861
2026-07-27 14:26:11.553,276,1348.974
2026-07-27 14:26:11.553,275,1344.086
2026-07-27 14:26:11.553,276,1348.974
2026-07-27 14:26:11.556,277,1353.861
2026-07-27 14:26:11.584,277,1353.861
2026-07-27 14:26:11.584,279,1363.636
2026-07-27 14:26:11.585,280,1368.524
2026-07-27 14:26:11.585,280,1368.524
2026-07-27 14:26:11.585,284,1388.074
2026-07-27 14:26:11.587,284,1388.074
2026-07-27 14:26:11.615,283,1383.187
2026-07-27 14:26:11.615,285,1392.962
2026-07-27 14:26:11.615,285,1392.962
2026-07-27 14:26:11.615,284,1388.074
2026-07-27 14:26:11.615,286,1397.849
2026-07-27 14:26:11.618,286,1397.849
2026-07-27 14:26:11.647,286,1397.849
2026-07-27 14:26:11.647,284,1388.074
2026-07-27 14:26:11.647,286,1397.849
2026-07-27 14:26:11.648,288,1407.625
2026-07-27 14:26:11.648,288,1407.625
2026-07-27 14:26:11.650,289,1412.512
2026-07-27 14:26:11.677,290,1417.4
2026-07-27 14:26:11.677,291,1422.287
2026-07-27 14:26:11.677,293,1432.063
2026-07-27 14:26:11.678,296,1446.725
2026-07-27 14:26:11.678,295,1441.838
2026-07-27 14:26:11.681,294,1436.95
2026-07-27 14:26:11.686,297,1451.613
2026-07-27 14:26:11.724,300,1466.276
2026-07-27 14:26:11.724,302,1476.051
2026-07-27 14:26:11.724,302,1476.051
2026-07-27 14:26:11.724,306,1495.601
2026-07-27 14:26:11.724,307,1500.489
2026-07-27 14:26:11.724,308,1505.376
2026-07-27 14:26:11.725,309,1510.264
2026-07-27 14:26:11.727,311,1520.039
2026-07-27 14:26:11.755,313,1529.814
2026-07-27 14:26:11.755,315,1539.589
2026-07-27 14:26:11.755,317,1549.365
2026-07-27 14:26:11.755,316,1544.477
2026-07-27 14:26:11.758,311,1520.039
2026-07-27 14:26:11.759,311,1520.039
2026-07-27 14:26:11.787,318,1554.252
2026-07-27 14:26:11.787,321,1568.915
2026-07-27 14:26:11.787,321,1568.915
2026-07-27 14:26:11.787,322,1573.803
2026-07-27 14:26:11.787,325,1588.465
2026-07-27 14:26:11.816,338,1652.004
2026-07-27 14:26:11.816,361,1764.418
2026-07-27 14:26:11.817,379,1852.395
2026-07-27 14:26:11.817,408,1994.135
2026-07-27 14:26:11.817,454,2218.964
2026-07-27 14:26:11.820,496,2424.242
2026-07-27 14:26:11.821,459,2243.402
2026-07-27 14:26:11.848,333,1627.566
2026-07-27 14:26:11.848,239,1168.133
2026-07-27 14:26:11.848,232,1133.92
2026-07-27 14:26:11.848,289,1412.512
2026-07-27 14:26:11.850,332,1622.678
2026-07-27 14:26:11.852,348,1700.88
2026-07-27 14:26:11.877,362,1769.306
2026-07-27 14:26:11.877,377,1842.62
2026-07-27 14:26:11.878,385,1881.72
2026-07-27 14:26:11.878,379,1852.395
2026-07-27 14:26:11.878,378,1847.507
2026-07-27 14:26:11.909,382,1867.058
2026-07-27 14:26:11.909,385,1881.72
2026-07-27 14:26:11.909,386,1886.608
2026-07-27 14:26:11.909,384,1876.833
2026-07-27 14:26:11.909,380,1857.283
2026-07-27 14:26:11.910,383,1871.945
2026-07-27 14:26:11.939,388,1896.383
2026-07-27 14:26:11.939,391,1911.046
2026-07-27 14:26:11.939,393,1920.821
2026-07-27 14:26:11.940,393,1920.821
2026-07-27 14:26:11.940,392,1915.934
2026-07-27 14:26:11.941,394,1925.709
2026-07-27 14:26:11.971,395,1930.596
2026-07-27 14:26:11.971,395,1930.596
2026-07-27 14:26:11.971,395,1930.596
2026-07-27 14:26:11.971,396,1935.484
2026-07-27 14:26:11.971,404,1974.585
2026-07-27 14:26:11.972,410,2003.91
2026-07-27 14:26:12.002,407,1989.247
2026-07-27 14:26:12.003,404,1974.585
2026-07-27 14:26:12.003,409,1999.022
2026-07-27 14:26:12.003,416,2033.236
2026-07-27 14:26:12.003,423,2067.449
2026-07-27 14:26:12.006,431,2106.549
2026-07-27 14:26:12.008,440,2150.538
2026-07-27 14:26:12.034,450,2199.413
2026-07-27 14:26:12.034,457,2233.627
2026-07-27 14:26:12.034,461,2253.177
2026-07-27 14:26:12.034,460,2248.289
2026-07-27 14:26:12.034,461,2253.177
2026-07-27 14:26:12.064,459,2243.402
2026-07-27 14:26:12.065,456,2228.739
2026-07-27 14:26:12.065,445,2174.976
2026-07-27 14:26:12.066,430,2101.662
2026-07-27 14:26:12.066,410,2003.91
2026-07-27 14:26:12.070,399,1950.147
2026-07-27 14:26:12.072,392,1915.934
2026-07-27 14:26:12.077,378,1847.507
2026-07-27 14:26:12.126,366,1788.856
2026-07-27 14:26:12.126,357,1744.868
2026-07-27 14:26:12.126,352,1720.43
2026-07-27 14:26:12.126,351,1715.543
2026-07-27 14:26:12.126,346,1691.105
2026-07-27 14:26:12.126,331,1617.791
2026-07-27 14:26:12.127,321,1568.915
2026-07-27 14:26:12.127,318,1554.252
2026-07-27 14:26:12.127,316,1544.477
2026-07-27 14:26:12.128,311,1520.039
2026-07-27 14:26:12.174,314,1534.702
2026-07-27 14:26:12.174,313,1529.814
2026-07-27 14:26:12.174,310,1515.152
2026-07-27 14:26:12.174,310,1515.152
2026-07-27 14:26:12.174,313,1529.814
2026-07-27 14:26:12.174,316,1544.477
2026-07-27 14:26:12.175,314,1534.702
2026-07-27 14:26:12.175,312,1524.927
2026-07-27 14:26:12.176,313,1529.814
2026-07-27 14:26:12.180,315,1539.589
2026-07-27 14:26:12.219,316,1544.477
2026-07-27 14:26:12.219,318,1554.252
2026-07-27 14:26:12.219,320,1564.027
2026-07-27 14:26:12.220,323,1578.69
2026-07-27 14:26:12.222,321,1568.915
2026-07-27 14:26:12.222,324,1583.578
2026-07-27 14:26:12.222,327,1598.24
2026-07-27 14:26:12.222,326,1593.353
2026-07-27 14:26:12.267,327,1598.24
2026-07-27 14:26:12.267,332,1622.678
2026-07-27 14:26:12.267,332,1622.678
2026-07-27 14:26:12.268,330,1612.903
2026-07-27 14:26:12.269,331,1617.791
2026-07-27 14:26:12.269,332,1622.678
2026-07-27 14:26:12.269,334,1632.454
2026-07-27 14:26:12.269,338,1652.004
2026-07-27 14:26:12.269,339,1656.891
2026-07-27 14:26:12.313,339,1656.891
2026-07-27 14:26:12.313,341,1666.667
2026-07-27 14:26:12.313,344,1681.329
2026-07-27 14:26:12.313,343,1676.442
2026-07-27 14:26:12.314,345,1686.217
2026-07-27 14:26:12.314,344,1681.329
2026-07-27 14:26:12.314,340,1661.779
2026-07-27 14:26:12.314,336,1642.229
2026-07-27 14:26:12.315,337,1647.116
2026-07-27 14:26:12.360,341,1666.667
2026-07-27 14:26:12.360,339,1656.891
2026-07-27 14:26:12.360,337,1647.116
2026-07-27 14:26:12.360,335,1637.341
2026-07-27 14:26:12.360,336,1642.229
2026-07-27 14:26:12.360,337,1647.116
2026-07-27 14:26:12.361,333,1627.566
2026-07-27 14:26:12.361,328,1603.128
2026-07-27 14:26:12.364,326,1593.353
2026-07-27 14:26:12.368,324,1583.578
2026-07-27 14:26:12.372,327,1598.24
2026-07-27 14:26:12.422,329,1608.016
2026-07-27 14:26:12.423,327,1598.24
2026-07-27 14:26:12.423,328,1603.128
2026-07-27 14:26:12.423,326,1593.353
2026-07-27 14:26:12.423,327,1598.24
2026-07-27 14:26:12.423,329,1608.016
2026-07-27 14:26:12.423,332,1622.678
2026-07-27 14:26:12.423,332,1622.678
2026-07-27 14:26:12.424,329,1608.016
2026-07-27 14:26:12.424,331,1617.791
2026-07-27 14:26:12.469,334,1632.454
2026-07-27 14:26:12.470,337,1647.116
2026-07-27 14:26:12.470,337,1647.116
2026-07-27 14:26:12.470,335,1637.341
2026-07-27 14:26:12.471,334,1632.454
2026-07-27 14:26:12.471,334,1632.454
2026-07-27 14:26:12.471,335,1637.341
2026-07-27 14:26:12.471,336,1642.229
2026-07-27 14:26:12.472,340,1661.779
2026-07-27 14:26:12.516,345,1686.217
2026-07-27 14:26:12.516,347,1695.992
2026-07-27 14:26:12.516,348,1700.88
2026-07-27 14:26:12.517,348,1700.88
2026-07-27 14:26:12.517,350,1710.655
2026-07-27 14:26:12.517,348,1700.88
2026-07-27 14:26:12.517,343,1676.442
2026-07-27 14:26:12.517,339,1656.891
2026-07-27 14:26:12.518,336,1642.229
2026-07-27 14:26:12.563,335,1637.341
2026-07-27 14:26:12.563,334,1632.454
2026-07-27 14:26:12.563,330,1612.903
2026-07-27 14:26:12.563,328,1603.128
2026-07-27 14:26:12.563,329,1608.016
2026-07-27 14:26:12.563,331,1617.791
2026-07-27 14:26:12.563,330,1612.903
2026-07-27 14:26:12.564,330,1612.903
2026-07-27 14:26:12.567,331,1617.791
2026-07-27 14:26:12.571,333,1627.566
2026-07-27 14:26:12.576,347,1695.992
2026-07-27 14:26:12.626,368,1798.631
2026-07-27 14:26:12.626,406,1984.36
2026-07-27 14:26:12.626,474,2316.716
2026-07-27 14:26:12.626,543,2653.959
2026-07-27 14:26:12.626,491,2399.804
2026-07-27 14:26:12.626,336,1642.229
2026-07-27 14:26:12.626,225,1099.707
2026-07-27 14:26:12.626,176,860.215
2026-07-27 14:26:12.626,231,1129.032
2026-07-27 14:26:12.627,294,1436.95
2026-07-27 14:26:12.672,314,1534.702
2026-07-27 14:26:12.672,322,1573.803
2026-07-27 14:26:12.672,341,1666.667
2026-07-27 14:26:12.672,349,1705.767
2026-07-27 14:26:12.672,342,1671.554
2026-07-27 14:26:12.672,334,1632.454
2026-07-27 14:26:12.673,335,1637.341
2026-07-27 14:26:12.673,339,1656.891
2026-07-27 14:26:12.675,341,1666.667
2026-07-27 14:26:12.718,341,1666.667
2026-07-27 14:26:12.718,341,1666.667
2026-07-27 14:26:12.718,343,1676.442
2026-07-27 14:26:12.719,345,1686.217
2026-07-27 14:26:12.719,345,1686.217
2026-07-27 14:26:12.719,341,1666.667
2026-07-27 14:26:12.719,342,1671.554
2026-07-27 14:26:12.719,343,1676.442
2026-07-27 14:26:12.721,345,1686.217
2026-07-27 14:26:12.734,345,1686.217
2026-07-27 14:26:12.734,348,1700.88
2026-07-27 14:26:12.736,351,1715.543
2026-07-27 14:26:12.781,355,1735.093
2026-07-27 14:26:12.781,358,1749.756
2026-07-27 14:26:12.781,361,1764.418
2026-07-27 14:26:12.781,368,1798.631
2026-07-27 14:26:12.782,375,1832.845
2026-07-27 14:26:12.782,382,1867.058
2026-07-27 14:26:12.782,390,1906.158
2026-07-27 14:26:12.782,399,1950.147
2026-07-27 14:26:12.783,410,2003.91
2026-07-27 14:26:12.828,421,2057.674
2026-07-27 14:26:12.828,429,2096.774
2026-07-27 14:26:12.828,436,2130.987
2026-07-27 14:26:12.828,440,2150.538
2026-07-27 14:26:12.828,443,2165.2
2026-07-27 14:26:12.828,442,2160.313
2026-07-27 14:26:12.828,436,2130.987
2026-07-27 14:26:12.829,424,2072.336
2026-07-27 14:26:12.830,408,1994.135
2026-07-27 14:26:12.874,388,1896.383
2026-07-27 14:26:12.874,365,1783.969
2026-07-27 14:26:12.874,344,1681.329
2026-07-27 14:26:12.874,324,1583.578
2026-07-27 14:26:12.874,309,1510.264
2026-07-27 14:26:12.874,297,1451.613
2026-07-27 14:26:12.874,292,1427.175
2026-07-27 14:26:12.875,292,1427.175
2026-07-27 14:26:12.879,292,1427.175
2026-07-27 14:26:12.882,291,1422.287
2026-07-27 14:26:12.921,290,1417.4
2026-07-27 14:26:12.921,292,1427.175
2026-07-27 14:26:12.921,295,1441.838
2026-07-27 14:26:12.921,298,1456.5
2026-07-27 14:26:12.921,300,1466.276
2026-07-27 14:26:12.921,304,1485.826
2026-07-27 14:26:12.921,305,1490.714
2026-07-27 14:26:12.924,306,1495.601
2026-07-27 14:26:12.968,306,1495.601
2026-07-27 14:26:12.968,306,1495.601
2026-07-27 14:26:12.968,307,1500.489
2026-07-27 14:26:12.968,306,1495.601
2026-07-27 14:26:12.968,306,1495.601
2026-07-27 14:26:12.969,307,1500.489
2026-07-27 14:26:12.969,306,1495.601
2026-07-27 14:26:12.969,306,1495.601
2026-07-27 14:26:12.970,306,1495.601
2026-07-27 14:26:13.015,306,1495.601
2026-07-27 14:26:13.015,304,1485.826
2026-07-27 14:26:13.015,299,1461.388
2026-07-27 14:26:13.015,296,1446.725
2026-07-27 14:26:13.019,297,1451.613
2026-07-27 14:26:13.019,297,1451.613
2026-07-27 14:26:13.019,299,1461.388
2026-07-27 14:26:13.020,299,1461.388
2026-07-27 14:26:13.020,299,1461.388
2026-07-27 14:26:13.061,299,1461.388
2026-07-27 14:26:13.061,299,1461.388
2026-07-27 14:26:13.061,300,1466.276
2026-07-27 14:26:13.061,301,1471.163
2026-07-27 14:26:13.061,300,1466.276
2026-07-27 14:26:13.061,301,1471.163
2026-07-27 14:26:13.062,302,1476.051
2026-07-27 14:26:13.062,304,1485.826
2026-07-27 14:26:13.064,305,1490.714
2026-07-27 14:26:13.108,306,1495.601
2026-07-27 14:26:13.109,307,1500.489
2026-07-27 14:26:13.109,310,1515.152
2026-07-27 14:26:13.109,310,1515.152
2026-07-27 14:26:13.109,310,1515.152
2026-07-27 14:26:13.109,311,1520.039
2026-07-27 14:26:13.109,310,1515.152
2026-07-27 14:26:13.109,311,1520.039
2026-07-27 14:26:13.111,312,1524.927
2026-07-27 14:26:13.154,311,1520.039
2026-07-27 14:26:13.155,311,1520.039
2026-07-27 14:26:13.155,311,1520.039
2026-07-27 14:26:13.155,311,1520.039
2026-07-27 14:26:13.155,311,1520.039
2026-07-27 14:26:13.155,312,1524.927
2026-07-27 14:26:13.155,314,1534.702
2026-07-27 14:26:13.155,315,1539.589
2026-07-27 14:26:13.158,317,1549.365
2026-07-27 14:26:13.202,316,1544.477
2026-07-27 14:26:13.202,315,1539.589
2026-07-27 14:26:13.202,317,1549.365
2026-07-27 14:26:13.202,319,1559.14
2026-07-27 14:26:13.202,320,1564.027
2026-07-27 14:26:13.202,320,1564.027
2026-07-27 14:26:13.203,320,1564.027
2026-07-27 14:26:13.204,321,1568.915
2026-07-27 14:26:13.206,320,1564.027
2026-07-27 14:26:13.211,319,1559.14
2026-07-27 14:26:13.217,319,1559.14
2026-07-27 14:26:13.221,320,1564.027
2026-07-27 14:26:13.264,322,1573.803
2026-07-27 14:26:13.264,322,1573.803
2026-07-27 14:26:13.265,322,1573.803
2026-07-27 14:26:13.265,323,1578.69
2026-07-27 14:26:13.268,323,1578.69
2026-07-27 14:26:13.268,324,1583.578
2026-07-27 14:26:13.268,322,1573.803
2026-07-27 14:26:13.268,323,1578.69
2026-07-27 14:26:13.268,323,1578.69
2026-07-27 14:26:13.313,323,1578.69
2026-07-27 14:26:13.313,324,1583.578
2026-07-27 14:26:13.313,324,1583.578
2026-07-27 14:26:13.313,323,1578.69
2026-07-27 14:26:13.313,322,1573.803
2026-07-27 14:26:13.313,323,1578.69
2026-07-27 14:26:13.313,323,1578.69
2026-07-27 14:26:13.313,324,1583.578
2026-07-27 14:26:13.314,321,1568.915
2026-07-27 14:26:13.358,318,1554.252
2026-07-27 14:26:13.358,318,1554.252
2026-07-27 14:26:13.358,321,1568.915
2026-07-27 14:26:13.358,322,1573.803
2026-07-27 14:26:13.359,325,1588.465
2026-07-27 14:26:13.359,328,1603.128
2026-07-27 14:26:13.359,327,1598.24
2026-07-27 14:26:13.359,327,1598.24
2026-07-27 14:26:13.361,326,1593.353
2026-07-27 14:26:13.404,322,1573.803
2026-07-27 14:26:13.404,320,1564.027
2026-07-27 14:26:13.404,321,1568.915
2026-07-27 14:26:13.404,319,1559.14
2026-07-27 14:26:13.405,315,1539.589
2026-07-27 14:26:13.405,316,1544.477
2026-07-27 14:26:13.405,316,1544.477
2026-07-27 14:26:13.405,316,1544.477
2026-07-27 14:26:13.409,315,1539.589
2026-07-27 14:26:13.450,316,1544.477
2026-07-27 14:26:13.451,317,1549.365
2026-07-27 14:26:13.451,318,1554.252
2026-07-27 14:26:13.451,325,1588.465
2026-07-27 14:26:13.451,336,1642.229
2026-07-27 14:26:13.451,355,1735.093
2026-07-27 14:26:13.451,400,1955.034
2026-07-27 14:26:13.451,465,2272.727
2026-07-27 14:26:13.455,482,2355.816
2026-07-27 14:26:13.499,384,1876.833
2026-07-27 14:26:13.499,266,1300.098
2026-07-27 14:26:13.499,194,948.192
2026-07-27 14:26:13.499,206,1006.843
2026-07-27 14:26:13.500,268,1309.873
2026-07-27 14:26:13.501,303,1480.938
2026-07-27 14:26:13.501,313,1529.814
2026-07-27 14:26:13.501,320,1564.027
2026-07-27 14:26:13.502,327,1598.24
2026-07-27 14:26:13.544,323,1578.69
2026-07-27 14:26:13.544,316,1544.477
2026-07-27 14:26:13.544,314,1534.702
2026-07-27 14:26:13.544,316,1544.477
2026-07-27 14:26:13.544,317,1549.365
2026-07-27 14:26:13.545,317,1549.365
2026-07-27 14:26:13.545,317,1549.365
2026-07-27 14:26:13.545,318,1554.252
2026-07-27 14:26:13.548,319,1559.14
2026-07-27 14:26:13.591,320,1564.027
2026-07-27 14:26:13.592,321,1568.915
2026-07-27 14:26:13.593,322,1573.803
2026-07-27 14:26:13.593,324,1583.578
2026-07-27 14:26:13.593,325,1588.465
2026-07-27 14:26:13.593,326,1593.353
2026-07-27 14:26:13.593,327,1598.24
2026-07-27 14:26:13.595,329,1608.016
2026-07-27 14:26:13.595,331,1617.791
2026-07-27 14:26:13.637,332,1622.678
2026-07-27 14:26:13.637,334,1632.454
2026-07-27 14:26:13.637,338,1652.004
2026-07-27 14:26:13.637,342,1671.554
2026-07-27 14:26:13.637,346,1691.105
2026-07-27 14:26:13.638,351,1715.543
2026-07-27 14:26:13.638,358,1749.756
2026-07-27 14:26:13.638,365,1783.969
2026-07-27 14:26:13.641,372,1818.182
2026-07-27 14:26:13.683,379,1852.395
2026-07-27 14:26:13.683,387,1891.496
2026-07-27 14:26:13.683,394,1925.709
2026-07-27 14:26:13.683,398,1945.259
2026-07-27 14:26:13.684,401,1959.922
2026-07-27 14:26:13.684,402,1964.809
2026-07-27 14:26:13.684,399,1950.147
2026-07-27 14:26:13.684,392,1915.934
2026-07-27 14:26:13.688,378,1847.507
2026-07-27 14:26:13.729,361,1764.418
2026-07-27 14:26:13.729,344,1681.329
2026-07-27 14:26:13.729,328,1603.128
2026-07-27 14:26:13.729,313,1529.814
2026-07-27 14:26:13.729,302,1476.051
2026-07-27 14:26:13.729,294,1436.95
2026-07-27 14:26:13.729,288,1407.625
2026-07-27 14:26:13.730,284,1388.074
2026-07-27 14:26:13.775,282,1378.299
2026-07-27 14:26:13.775,279,1363.636
2026-07-27 14:26:13.775,276,1348.974
2026-07-27 14:26:13.775,277,1353.861
2026-07-27 14:26:13.775,278,1358.749
2026-07-27 14:26:13.775,278,1358.749
2026-07-27 14:26:13.778,278,1358.749
2026-07-27 14:26:13.778,278,1358.749
2026-07-27 14:26:13.778,278,1358.749
2026-07-27 14:26:13.821,279,1363.636
2026-07-27 14:26:13.822,281,1373.412
2026-07-27 14:26:13.822,283,1383.187
2026-07-27 14:26:13.822,284,1388.074
2026-07-27 14:26:13.822,285,1392.962
2026-07-27 14:26:13.822,287,1402.737
2026-07-27 14:26:13.822,289,1412.512
2026-07-27 14:26:13.822,291,1422.287
2026-07-27 14:26:13.823,292,1427.175
2026-07-27 14:26:13.867,292,1427.175
2026-07-27 14:26:13.867,292,1427.175
2026-07-27 14:26:13.867,293,1432.063
2026-07-27 14:26:13.868,294,1436.95
2026-07-27 14:26:13.868,295,1441.838
2026-07-27 14:26:13.868,296,1446.725
2026-07-27 14:26:13.868,297,1451.613
2026-07-27 14:26:13.868,298,1456.5
2026-07-27 14:26:13.870,299,1461.388
2026-07-27 14:26:13.914,300,1466.276
2026-07-27 14:26:13.914,300,1466.276
2026-07-27 14:26:13.914,302,1476.051
2026-07-27 14:26:13.914,304,1485.826
2026-07-27 14:26:13.914,305,1490.714
2026-07-27 14:26:13.914,304,1485.826
2026-07-27 14:26:13.914,305,1490.714
2026-07-27 14:26:13.914,307,1500.489
2026-07-27 14:26:13.945,307,1500.489
2026-07-27 14:26:13.945,307,1500.489
2026-07-27 14:26:13.945,307,1500.489
2026-07-27 14:26:13.945,307,1500.489
2026-07-27 14:26:13.945,308,1505.376
2026-07-27 14:26:13.945,309,1510.264
2026-07-27 14:26:13.975,309,1510.264
2026-07-27 14:26:13.975,310,1515.152
2026-07-27 14:26:13.975,311,1520.039
2026-07-27 14:26:13.976,312,1524.927
2026-07-27 14:26:13.976,314,1534.702
2026-07-27 14:26:13.977,315,1539.589
2026-07-27 14:26:13.979,315,1539.589
2026-07-27 14:26:14.022,315,1539.589
2026-07-27 14:26:14.023,317,1549.365
2026-07-27 14:26:14.023,317,1549.365
2026-07-27 14:26:14.023,318,1554.252
2026-07-27 14:26:14.023,318,1554.252
2026-07-27 14:26:14.023,318,1554.252
2026-07-27 14:26:14.023,320,1564.027
2026-07-27 14:26:14.023,320,1564.027
2026-07-27 14:26:14.026,320,1564.027
2026-07-27 14:26:14.069,320,1564.027
2026-07-27 14:26:14.069,320,1564.027
2026-07-27 14:26:14.069,321,1568.915
2026-07-27 14:26:14.069,321,1568.915
2026-07-27 14:26:14.070,320,1564.027
2026-07-27 14:26:14.070,321,1568.915
2026-07-27 14:26:14.070,321,1568.915
2026-07-27 14:26:14.070,322,1573.803
2026-07-27 14:26:14.073,323,1578.69
2026-07-27 14:26:14.115,322,1573.803
2026-07-27 14:26:14.115,321,1568.915
2026-07-27 14:26:14.115,322,1573.803
2026-07-27 14:26:14.115,320,1564.027
2026-07-27 14:26:14.115,318,1554.252
2026-07-27 14:26:14.116,317,1549.365
2026-07-27 14:26:14.116,318,1554.252
2026-07-27 14:26:14.116,320,1564.027
2026-07-27 14:26:14.120,321,1568.915
2026-07-27 14:26:14.162,320,1564.027
2026-07-27 14:26:14.163,320,1564.027
2026-07-27 14:26:14.163,320,1564.027
2026-07-27 14:26:14.163,321,1568.915
2026-07-27 14:26:14.163,323,1578.69
2026-07-27 14:26:14.163,323,1578.69
2026-07-27 14:26:14.163,322,1573.803
2026-07-27 14:26:14.163,323,1578.69
2026-07-27 14:26:14.167,324,1583.578
2026-07-27 14:26:14.209,325,1588.465
2026-07-27 14:26:14.210,325,1588.465
2026-07-27 14:26:14.210,325,1588.465
2026-07-27 14:26:14.210,323,1578.69
2026-07-27 14:26:14.210,324,1583.578
2026-07-27 14:26:14.210,325,1588.465
2026-07-27 14:26:14.212,324,1583.578
2026-07-27 14:26:14.214,324,1583.578
2026-07-27 14:26:14.214,327,1598.24
2026-07-27 14:26:14.255,328,1603.128
2026-07-27 14:26:14.255,330,1612.903
2026-07-27 14:26:14.255,332,1622.678
2026-07-27 14:26:14.255,333,1627.566
2026-07-27 14:26:14.256,334,1632.454
2026-07-27 14:26:14.256,335,1637.341
2026-07-27 14:26:14.256,334,1632.454
2026-07-27 14:26:14.256,330,1612.903
2026-07-27 14:26:14.260,330,1612.903
2026-07-27 14:26:14.286,329,1608.016
2026-07-27 14:26:14.286,326,1593.353
2026-07-27 14:26:14.286,323,1578.69
2026-07-27 14:26:14.286,321,1568.915
2026-07-27 14:26:14.289,322,1573.803
2026-07-27 14:26:14.291,325,1588.465
2026-07-27 14:26:14.317,327,1598.24
2026-07-27 14:26:14.318,330,1612.903
2026-07-27 14:26:14.318,332,1622.678
2026-07-27 14:26:14.318,333,1627.566
2026-07-27 14:26:14.347,339,1656.891
2026-07-27 14:26:14.348,350,1710.655
2026-07-27 14:26:14.348,378,1847.507
2026-07-27 14:26:14.348,430,2101.662
2026-07-27 14:26:14.348,495,2419.355
2026-07-27 14:26:14.348,487,2380.254
2026-07-27 14:26:14.349,373,1823.069
2026-07-27 14:26:14.379,271,1324.536
2026-07-27 14:26:14.379,213,1041.056
2026-07-27 14:26:14.379,243,1187.683
2026-07-27 14:26:14.379,305,1490.714
2026-07-27 14:26:14.379,334,1632.454
2026-07-27 14:26:14.380,345,1686.217
2026-07-27 14:26:14.410,351,1715.543
2026-07-27 14:26:14.412,355,1735.093
2026-07-27 14:26:14.412,356,1739.98
2026-07-27 14:26:14.412,354,1730.205
2026-07-27 14:26:14.412,352,1720.43
2026-07-27 14:26:14.414,349,1705.767
2026-07-27 14:26:14.416,351,1715.543
2026-07-27 14:26:14.441,354,1730.205
2026-07-27 14:26:14.441,352,1720.43
2026-07-27 14:26:14.441,358,1749.756
2026-07-27 14:26:14.442,364,1779.081
2026-07-27 14:26:14.442,368,1798.631
2026-07-27 14:26:14.472,359,1754.643
2026-07-27 14:26:14.472,348,1700.88
2026-07-27 14:26:14.472,349,1705.767
2026-07-27 14:26:14.472,366,1788.856
2026-07-27 14:26:14.472,378,1847.507
2026-07-27 14:26:14.473,373,1823.069
2026-07-27 14:26:14.504,370,1808.407
2026-07-27 14:26:14.504,377,1842.62
2026-07-27 14:26:14.504,390,1906.158
2026-07-27 14:26:14.504,392,1915.934
2026-07-27 14:26:14.504,390,1906.158
2026-07-27 14:26:14.505,389,1901.271
2026-07-27 14:26:14.535,396,1935.484
2026-07-27 14:26:14.535,401,1959.922
2026-07-27 14:26:14.535,408,1994.135
2026-07-27 14:26:14.535,419,2047.898
2026-07-27 14:26:14.535,433,2116.325
2026-07-27 14:26:14.536,438,2140.762
2026-07-27 14:26:14.565,438,2140.762
2026-07-27 14:26:14.566,451,2204.301
2026-07-27 14:26:14.566,463,2262.952
2026-07-27 14:26:14.566,465,2272.727
2026-07-27 14:26:14.566,453,2214.076
2026-07-27 14:26:14.567,455,2223.851
2026-07-27 14:26:14.596,458,2238.514
2026-07-27 14:26:14.596,438,2140.762
2026-07-27 14:26:14.596,413,2018.573
2026-07-27 14:26:14.596,397,1940.371
2026-07-27 14:26:14.597,381,1862.17
2026-07-27 14:26:14.598,363,1774.194
2026-07-27 14:26:14.641,357,1744.868
2026-07-27 14:26:14.641,354,1730.205
2026-07-27 14:26:14.642,353,1725.318
2026-07-27 14:26:14.642,360,1759.531
2026-07-27 14:26:14.642,375,1832.845
2026-07-27 14:26:14.642,374,1827.957
2026-07-27 14:26:14.642,333,1627.566
2026-07-27 14:26:14.642,303,1480.938
2026-07-27 14:26:14.645,316,1544.477
2026-07-27 14:26:14.688,338,1652.004
2026-07-27 14:26:14.688,341,1666.667
2026-07-27 14:26:14.689,331,1617.791
2026-07-27 14:26:14.689,326,1593.353
2026-07-27 14:26:14.689,337,1647.116
2026-07-27 14:26:14.689,341,1666.667
2026-07-27 14:26:14.689,340,1661.779
2026-07-27 14:26:14.689,341,1666.667
2026-07-27 14:26:14.692,339,1656.891
2026-07-27 14:26:14.735,334,1632.454
2026-07-27 14:26:14.735,322,1573.803
2026-07-27 14:26:14.735,315,1539.589
2026-07-27 14:26:14.735,340,1661.779
2026-07-27 14:26:14.735,362,1769.306
2026-07-27 14:26:14.735,359,1754.643
2026-07-27 14:26:14.735,352,1720.43
2026-07-27 14:26:14.735,349,1705.767
2026-07-27 14:26:14.739,355,1735.093
2026-07-27 14:26:14.781,349,1705.767
2026-07-27 14:26:14.781,327,1598.24
2026-07-27 14:26:14.781,304,1485.826
2026-07-27 14:26:14.782,297,1451.613
2026-07-27 14:26:14.782,305,1490.714
2026-07-27 14:26:14.782,305,1490.714
2026-07-27 14:26:14.782,306,1495.601
2026-07-27 14:26:14.782,312,1524.927
2026-07-27 14:26:14.786,324,1583.578
2026-07-27 14:26:14.829,321,1568.915
2026-07-27 14:26:14.829,305,1490.714
2026-07-27 14:26:14.829,293,1432.063
2026-07-27 14:26:14.832,284,1388.074
2026-07-27 14:26:14.832,282,1378.299
2026-07-27 14:26:14.832,269,1314.761
2026-07-27 14:26:14.832,266,1300.098
2026-07-27 14:26:14.832,271,1324.536
2026-07-27 14:26:14.833,259,1265.885
2026-07-27 14:26:14.875,254,1241.447
2026-07-27 14:26:14.875,262,1280.547
2026-07-27 14:26:14.875,271,1324.536
2026-07-27 14:26:14.875,269,1314.761
2026-07-27 14:26:14.875,242,1182.796
2026-07-27 14:26:14.876,227,1109.482
2026-07-27 14:26:14.876,231,1129.032
2026-07-27 14:26:14.876,236,1153.47
2026-07-27 14:26:14.879,237,1158.358
2026-07-27 14:26:14.922,236,1153.47
2026-07-27 14:26:14.923,236,1153.47
2026-07-27 14:26:14.923,240,1173.021
2026-07-27 14:26:14.923,243,1187.683
2026-07-27 14:26:14.923,252,1231.672
2026-07-27 14:26:14.923,248,1212.121
2026-07-27 14:26:14.923,236,1153.47
2026-07-27 14:26:14.926,248,1212.121
2026-07-27 14:26:14.927,264,1290.323
2026-07-27 14:26:14.969,274,1339.198
2026-07-27 14:26:14.969,271,1324.536
2026-07-27 14:26:14.969,259,1265.885
2026-07-27 14:26:14.969,252,1231.672
2026-07-27 14:26:14.969,247,1207.234
2026-07-27 14:26:14.969,254,1241.447
2026-07-27 14:26:14.969,269,1314.761
2026-07-27 14:26:14.969,281,1373.412
2026-07-27 14:26:15.016,285,1392.962
2026-07-27 14:26:15.016,284,1388.074
2026-07-27 14:26:15.016,278,1358.749
2026-07-27 14:26:15.016,274,1339.198
2026-07-27 14:26:15.016,268,1309.873
2026-07-27 14:26:15.016,274,1339.198
2026-07-27 14:26:15.016,291,1422.287
2026-07-27 14:26:15.017,307,1500.489
2026-07-27 14:26:15.017,305,1490.714
2026-07-27 14:26:15.020,311,1520.039
2026-07-27 14:26:15.062,305,1490.714
2026-07-27 14:26:15.062,312,1524.927
2026-07-27 14:26:15.062,328,1603.128
2026-07-27 14:26:15.062,324,1583.578
2026-07-27 14:26:15.062,309,1510.264
2026-07-27 14:26:15.062,319,1559.14
2026-07-27 14:26:15.063,331,1617.791
2026-07-27 14:26:15.063,340,1661.779
2026-07-27 14:26:15.066,353,1725.318
2026-07-27 14:26:15.109,366,1788.856
2026-07-27 14:26:15.109,374,1827.957
2026-07-27 14:26:15.109,364,1779.081
2026-07-27 14:26:15.109,352,1720.43
2026-07-27 14:26:15.109,351,1715.543
2026-07-27 14:26:15.109,363,1774.194
2026-07-27 14:26:15.109,374,1827.957
2026-07-27 14:26:15.109,381,1862.17
2026-07-27 14:26:15.113,386,1886.608
2026-07-27 14:26:15.155,381,1862.17
2026-07-27 14:26:15.155,386,1886.608
2026-07-27 14:26:15.155,402,1964.809
2026-07-27 14:26:15.155,401,1959.922
2026-07-27 14:26:15.155,395,1930.596
2026-07-27 14:26:15.155,390,1906.158
2026-07-27 14:26:15.155,403,1969.697
2026-07-27 14:26:15.156,422,2062.561
2026-07-27 14:26:15.202,428,2091.887
2026-07-27 14:26:15.203,425,2077.224
2026-07-27 14:26:15.203,422,2062.561
2026-07-27 14:26:15.203,429,2096.774
2026-07-27 14:26:15.203,451,2204.301
2026-07-27 14:26:15.203,471,2302.053
2026-07-27 14:26:15.203,492,2404.692
2026-07-27 14:26:15.203,537,2624.633
2026-07-27 14:26:15.204,609,2976.54
2026-07-27 14:26:15.207,645,3152.493
2026-07-27 14:26:15.249,521,2546.432
2026-07-27 14:26:15.249,357,1744.868
2026-07-27 14:26:15.249,293,1432.063
2026-07-27 14:26:15.249,330,1612.903
2026-07-27 14:26:15.249,393,1920.821
2026-07-27 14:26:15.250,426,2082.111
2026-07-27 14:26:15.250,440,2150.538
2026-07-27 14:26:15.250,455,2223.851
2026-07-27 14:26:15.254,466,2277.615
2026-07-27 14:26:15.296,475,2321.603
2026-07-27 14:26:15.296,473,2311.828
2026-07-27 14:26:15.296,468,2287.39
2026-07-27 14:26:15.296,461,2253.177
2026-07-27 14:26:15.296,459,2243.402
2026-07-27 14:26:15.296,452,2209.189
2026-07-27 14:26:15.296,447,2184.751
2026-07-27 14:26:15.297,445,2174.976
2026-07-27 14:26:15.343,444,2170.088
2026-07-27 14:26:15.343,443,2165.2
2026-07-27 14:26:15.343,439,2145.65
2026-07-27 14:26:15.343,437,2135.875
2026-07-27 14:26:15.344,437,2135.875
2026-07-27 14:26:15.346,431,2106.549
2026-07-27 14:26:15.346,427,2086.999
2026-07-27 14:26:15.347,428,2091.887
2026-07-27 14:26:15.347,428,2091.887
2026-07-27 14:26:15.347,426,2082.111
2026-07-27 14:26:15.388,434,2121.212
2026-07-27 14:26:15.388,440,2150.538
2026-07-27 14:26:15.389,434,2121.212
2026-07-27 14:26:15.389,431,2106.549
2026-07-27 14:26:15.389,438,2140.762
2026-07-27 14:26:15.389,448,2189.638
2026-07-27 14:26:15.389,453,2214.076
2026-07-27 14:26:15.389,456,2228.739
2026-07-27 14:26:15.436,458,2238.514
2026-07-27 14:26:15.437,468,2287.39
2026-07-27 14:26:15.437,474,2316.716
2026-07-27 14:26:15.437,475,2321.603
2026-07-27 14:26:15.437,478,2336.266
2026-07-27 14:26:15.437,485,2370.479
2026-07-27 14:26:15.437,481,2350.929
2026-07-27 14:26:15.437,471,2302.053
2026-07-27 14:26:15.437,463,2262.952
2026-07-27 14:26:15.442,446,2179.863
2026-07-27 14:26:15.482,425,2077.224
2026-07-27 14:26:15.482,403,1969.697
2026-07-27 14:26:15.482,384,1876.833
2026-07-27 14:26:15.482,369,1803.519
2026-07-27 14:26:15.483,358,1749.756
2026-07-27 14:26:15.483,341,1666.667
2026-07-27 14:26:15.483,331,1617.791
2026-07-27 14:26:15.486,325,1588.465
2026-07-27 14:26:15.488,320,1564.027
2026-07-27 14:26:15.527,321,1568.915
2026-07-27 14:26:15.527,323,1578.69
2026-07-27 14:26:15.527,321,1568.915
2026-07-27 14:26:15.527,316,1544.477
2026-07-27 14:26:15.528,312,1524.927
2026-07-27 14:26:15.528,309,1510.264
2026-07-27 14:26:15.528,310,1515.152
2026-07-27 14:26:15.529,308,1505.376
2026-07-27 14:26:15.576,307,1500.489
2026-07-27 14:26:15.576,308,1505.376
2026-07-27 14:26:15.576,312,1524.927
2026-07-27 14:26:15.576,316,1544.477
2026-07-27 14:26:15.576,315,1539.589
2026-07-27 14:26:15.576,318,1554.252
2026-07-27 14:26:15.577,322,1573.803
2026-07-27 14:26:15.577,326,1593.353
2026-07-27 14:26:15.577,329,1608.016
2026-07-27 14:26:15.622,331,1617.791
2026-07-27 14:26:15.623,330,1612.903
2026-07-27 14:26:15.623,329,1608.016
2026-07-27 14:26:15.623,333,1627.566
2026-07-27 14:26:15.623,341,1666.667
2026-07-27 14:26:15.623,341,1666.667
2026-07-27 14:26:15.623,333,1627.566
2026-07-27 14:26:15.624,332,1622.678
2026-07-27 14:26:15.624,335,1637.341
2026-07-27 14:26:15.670,339,1656.891
2026-07-27 14:26:15.670,337,1647.116
2026-07-27 14:26:15.671,332,1622.678
2026-07-27 14:26:15.671,329,1608.016
2026-07-27 14:26:15.671,324,1583.578
2026-07-27 14:26:15.671,324,1583.578
2026-07-27 14:26:15.671,325,1588.465
2026-07-27 14:26:15.671,323,1578.69
2026-07-27 14:26:15.671,314,1534.702
2026-07-27 14:26:15.675,308,1505.376
2026-07-27 14:26:15.716,311,1520.039
2026-07-27 14:26:15.716,310,1515.152
2026-07-27 14:26:15.716,302,1476.051
2026-07-27 14:26:15.716,299,1461.388
2026-07-27 14:26:15.716,301,1471.163
2026-07-27 14:26:15.717,304,1485.826
2026-07-27 14:26:15.717,305,1490.714
2026-07-27 14:26:15.718,306,1495.601
2026-07-27 14:26:15.722,302,1476.051
2026-07-27 14:26:15.763,301,1471.163
2026-07-27 14:26:15.763,300,1466.276
2026-07-27 14:26:15.763,293,1432.063
2026-07-27 14:26:15.763,289,1412.512
2026-07-27 14:26:15.763,285,1392.962
2026-07-27 14:26:15.763,285,1392.962
2026-07-27 14:26:15.763,287,1402.737
2026-07-27 14:26:15.764,286,1397.849
2026-07-27 14:26:15.768,282,1378.299
2026-07-27 14:26:15.809,277,1353.861
2026-07-27 14:26:15.810,274,1339.198
2026-07-27 14:26:15.810,274,1339.198
2026-07-27 14:26:15.810,274,1339.198
2026-07-27 14:26:15.810,272,1329.423
2026-07-27 14:26:15.810,271,1324.536
2026-07-27 14:26:15.810,269,1314.761
2026-07-27 14:26:15.811,268,1309.873
2026-07-27 14:26:15.815,268,1309.873
2026-07-27 14:26:15.855,267,1304.985
2026-07-27 14:26:15.855,265,1295.21
2026-07-27 14:26:15.856,263,1285.435
2026-07-27 14:26:15.856,263,1285.435
2026-07-27 14:26:15.856,262,1280.547
2026-07-27 14:26:15.858,261,1275.66
2026-07-27 14:26:15.858,260,1270.772
2026-07-27 14:26:15.867,260,1270.772
2026-07-27 14:26:15.868,263,1285.435
2026-07-27 14:26:15.871,265,1295.21
2026-07-27 14:26:15.873,263,1285.435
2026-07-27 14:26:15.919,264,1290.323
2026-07-27 14:26:15.919,264,1290.323
2026-07-27 14:26:15.919,263,1285.435
2026-07-27 14:26:15.919,260,1270.772
2026-07-27 14:26:15.920,252,1231.672
2026-07-27 14:26:15.920,249,1217.009
2026-07-27 14:26:15.920,251,1226.784
2026-07-27 14:26:15.920,249,1217.009
2026-07-27 14:26:15.920,244,1192.571
2026-07-27 14:26:15.924,242,1182.796
2026-07-27 14:26:15.966,242,1182.796
2026-07-27 14:26:15.966,242,1182.796
2026-07-27 14:26:15.966,241,1177.908
2026-07-27 14:26:15.967,241,1177.908
2026-07-27 14:26:15.967,244,1192.571
2026-07-27 14:26:15.967,248,1212.121
2026-07-27 14:26:15.967,258,1260.997
2026-07-27 14:26:15.967,275,1344.086
2026-07-27 14:26:15.971,300,1466.276
2026-07-27 14:26:16.011,340,1661.779
2026-07-27 14:26:16.011,399,1950.147
2026-07-27 14:26:16.012,451,2204.301
2026-07-27 14:26:16.012,363,1774.194
2026-07-27 14:26:16.012,188,918.866
2026-07-27 14:26:16.012,92,449.658
2026-07-27 14:26:16.012,119,581.623
2026-07-27 14:26:16.015,189,923.754
2026-07-27 14:26:16.017,221,1080.156
2026-07-27 14:26:16.059,225,1099.707
2026-07-27 14:26:16.059,240,1173.021
2026-07-27 14:26:16.059,261,1275.66
2026-07-27 14:26:16.060,272,1329.423
2026-07-27 14:26:16.060,275,1344.086
2026-07-27 14:26:16.060,273,1334.311
2026-07-27 14:26:16.060,269,1314.761
2026-07-27 14:26:16.060,271,1324.536
2026-07-27 14:26:16.064,276,1348.974
2026-07-27 14:26:16.106,280,1368.524
2026-07-27 14:26:16.106,282,1378.299
2026-07-27 14:26:16.106,283,1383.187
2026-07-27 14:26:16.106,286,1397.849
2026-07-27 14:26:16.106,288,1407.625
2026-07-27 14:26:16.106,289,1412.512
2026-07-27 14:26:16.106,293,1432.063
2026-07-27 14:26:16.106,298,1456.5
2026-07-27 14:26:16.111,299,1461.388
2026-07-27 14:26:16.153,298,1456.5
2026-07-27 14:26:16.153,300,1466.276
2026-07-27 14:26:16.153,305,1490.714
2026-07-27 14:26:16.153,308,1505.376
2026-07-27 14:26:16.153,312,1524.927
2026-07-27 14:26:16.153,314,1534.702
2026-07-27 14:26:16.153,320,1564.027
2026-07-27 14:26:16.154,328,1603.128
2026-07-27 14:26:16.159,335,1637.341
2026-07-27 14:26:16.198,338,1652.004
2026-07-27 14:26:16.198,348,1700.88
2026-07-27 14:26:16.198,361,1764.418
2026-07-27 14:26:16.198,369,1803.519
2026-07-27 14:26:16.198,377,1842.62
2026-07-27 14:26:16.198,383,1871.945
2026-07-27 14:26:16.198,389,1901.271
2026-07-27 14:26:16.199,391,1911.046
2026-07-27 14:26:16.244,392,1915.934
2026-07-27 14:26:16.244,387,1891.496
2026-07-27 14:26:16.244,376,1837.732
2026-07-27 14:26:16.245,362,1769.306
2026-07-27 14:26:16.245,347,1695.992
2026-07-27 14:26:16.245,329,1608.016
2026-07-27 14:26:16.245,312,1524.927
2026-07-27 14:26:16.245,300,1466.276
2026-07-27 14:26:16.246,289,1412.512
2026-07-27 14:26:16.290,278,1358.749
2026-07-27 14:26:16.291,269,1314.761
2026-07-27 14:26:16.291,263,1285.435
2026-07-27 14:26:16.291,260,1270.772
2026-07-27 14:26:16.291,261,1275.66
2026-07-27 14:26:16.291,261,1275.66
2026-07-27 14:26:16.292,260,1270.772
2026-07-27 14:26:16.292,259,1265.885
2026-07-27 14:26:16.293,261,1275.66
2026-07-27 14:26:16.336,261,1275.66
2026-07-27 14:26:16.337,261,1275.66
2026-07-27 14:26:16.337,264,1290.323
2026-07-27 14:26:16.337,267,1304.985
2026-07-27 14:26:16.337,268,1309.873
2026-07-27 14:26:16.337,269,1314.761
2026-07-27 14:26:16.337,270,1319.648
2026-07-27 14:26:16.337,271,1324.536
2026-07-27 14:26:16.341,272,1329.423
2026-07-27 14:26:16.345,274,1339.198
2026-07-27 14:26:16.383,275,1344.086
2026-07-27 14:26:16.383,278,1358.749
2026-07-27 14:26:16.383,279,1363.636
2026-07-27 14:26:16.386,282,1378.299
2026-07-27 14:26:16.386,283,1383.187
2026-07-27 14:26:16.386,286,1397.849
2026-07-27 14:26:16.386,288,1407.625
2026-07-27 14:26:16.387,290,1417.4
2026-07-27 14:26:16.430,290,1417.4
2026-07-27 14:26:16.430,291,1422.287
2026-07-27 14:26:16.430,292,1427.175
2026-07-27 14:26:16.430,292,1427.175
2026-07-27 14:26:16.430,294,1436.95
2026-07-27 14:26:16.430,296,1446.725
2026-07-27 14:26:16.430,298,1456.5
2026-07-27 14:26:16.430,298,1456.5
2026-07-27 14:26:16.433,300,1466.276
2026-07-27 14:26:16.476,301,1471.163
2026-07-27 14:26:16.476,302,1476.051
2026-07-27 14:26:16.476,302,1476.051
2026-07-27 14:26:16.477,303,1480.938
2026-07-27 14:26:16.477,303,1480.938
2026-07-27 14:26:16.477,303,1480.938
2026-07-27 14:26:16.477,305,1490.714
2026-07-27 14:26:16.477,305,1490.714
2026-07-27 14:26:16.480,305,1490.714
2026-07-27 14:26:16.523,306,1495.601
2026-07-27 14:26:16.523,307,1500.489
2026-07-27 14:26:16.523,307,1500.489
2026-07-27 14:26:16.524,309,1510.264
2026-07-27 14:26:16.524,311,1520.039
2026-07-27 14:26:16.524,312,1524.927
2026-07-27 14:26:16.524,313,1529.814
2026-07-27 14:26:16.524,314,1534.702
2026-07-27 14:26:16.555,314,1534.702
2026-07-27 14:26:16.555,316,1544.477
2026-07-27 14:26:16.556,315,1539.589
2026-07-27 14:26:16.556,315,1539.589
2026-07-27 14:26:16.556,317,1549.365
2026-07-27 14:26:16.556,320,1564.027
2026-07-27 14:26:16.558,321,1568.915
2026-07-27 14:26:16.602,321,1568.915
2026-07-27 14:26:16.602,322,1573.803
2026-07-27 14:26:16.603,323,1578.69
2026-07-27 14:26:16.603,325,1588.465
2026-07-27 14:26:16.603,326,1593.353
2026-07-27 14:26:16.603,328,1603.128
2026-07-27 14:26:16.603,327,1598.24
2026-07-27 14:26:16.603,327,1598.24
2026-07-27 14:26:16.605,330,1612.903
2026-07-27 14:26:16.648,333,1627.566
2026-07-27 14:26:16.648,335,1637.341
2026-07-27 14:26:16.648,336,1642.229
2026-07-27 14:26:16.648,337,1647.116
2026-07-27 14:26:16.648,337,1647.116
2026-07-27 14:26:16.648,339,1656.891
2026-07-27 14:26:16.648,340,1661.779
2026-07-27 14:26:16.648,338,1652.004
2026-07-27 14:26:16.679,335,1637.341
2026-07-27 14:26:16.679,334,1632.454
2026-07-27 14:26:16.679,333,1627.566
2026-07-27 14:26:16.680,331,1617.791
2026-07-27 14:26:16.680,330,1612.903
2026-07-27 14:26:16.680,329,1608.016
2026-07-27 14:26:16.710,330,1612.903
2026-07-27 14:26:16.710,332,1622.678
2026-07-27 14:26:16.710,333,1627.566
2026-07-27 14:26:16.710,333,1627.566
2026-07-27 14:26:16.711,337,1647.116
2026-07-27 14:26:16.711,345,1686.217
2026-07-27 14:26:16.742,358,1749.756
2026-07-27 14:26:16.742,375,1832.845
2026-07-27 14:26:16.742,415,2028.348
2026-07-27 14:26:16.742,476,2326.491
2026-07-27 14:26:16.742,523,2556.207
2026-07-27 14:26:16.742,443,2165.2
2026-07-27 14:26:16.772,292,1427.175
2026-07-27 14:26:16.773,206,1006.843
2026-07-27 14:26:16.773,220,1075.269
2026-07-27 14:26:16.773,286,1397.849
2026-07-27 14:26:16.773,323,1578.69
2026-07-27 14:26:16.773,335,1637.341
2026-07-27 14:26:16.804,347,1695.992
2026-07-27 14:26:16.804,358,1749.756
2026-07-27 14:26:16.804,357,1744.868
2026-07-27 14:26:16.804,349,1705.767
2026-07-27 14:26:16.804,345,1686.217
2026-07-27 14:26:16.804,346,1691.105
2026-07-27 14:26:16.835,349,1705.767
2026-07-27 14:26:16.835,351,1715.543
2026-07-27 14:26:16.835,350,1710.655
2026-07-27 14:26:16.835,350,1710.655
2026-07-27 14:26:16.835,349,1705.767
2026-07-27 14:26:16.835,349,1705.767
2026-07-27 14:26:16.866,351,1715.543
2026-07-27 14:26:16.866,353,1725.318
2026-07-27 14:26:16.866,354,1730.205
2026-07-27 14:26:16.867,355,1735.093
2026-07-27 14:26:16.867,355,1735.093
2026-07-27 14:26:16.872,356,1739.98
2026-07-27 14:26:16.872,356,1739.98
2026-07-27 14:26:16.875,358,1749.756
2026-07-27 14:26:16.912,361,1764.418
2026-07-27 14:26:16.916,362,1769.306
2026-07-27 14:26:16.916,365,1783.969
2026-07-27 14:26:16.916,368,1798.631
2026-07-27 14:26:16.916,372,1818.182
2026-07-27 14:26:16.916,378,1847.507
2026-07-27 14:26:16.920,385,1881.72
2026-07-27 14:26:16.920,391,1911.046
2026-07-27 14:26:16.922,397,1940.371
2026-07-27 14:26:16.959,405,1979.472
2026-07-27 14:26:16.959,413,2018.573
2026-07-27 14:26:16.959,420,2052.786
2026-07-27 14:26:16.959,425,2077.224
2026-07-27 14:26:16.959,430,2101.662
2026-07-27 14:26:16.959,431,2106.549
2026-07-27 14:26:16.960,429,2096.774
2026-07-27 14:26:16.964,422,2062.561
2026-07-27 14:26:17.037,410,2003.91
2026-07-27 14:26:17.037,396,1935.484
2026-07-27 14:26:17.037,378,1847.507
2026-07-27 14:26:17.037,361,1764.418
2026-07-27 14:26:17.037,347,1695.992
2026-07-27 14:26:17.037,335,1637.341
2026-07-27 14:26:17.037,327,1598.24
2026-07-27 14:26:17.038,321,1568.915
2026-07-27 14:26:17.038,314,1534.702
2026-07-27 14:26:17.038,312,1524.927
2026-07-27 14:26:17.038,312,1524.927
2026-07-27 14:26:17.038,312,1524.927
2026-07-27 14:26:17.038,310,1515.152
2026-07-27 14:26:17.038,309,1510.264
2026-07-27 14:26:17.042,311,1520.039
2026-07-27 14:26:17.083,312,1524.927
2026-07-27 14:26:17.083,314,1534.702
2026-07-27 14:26:17.083,316,1544.477
2026-07-27 14:26:17.084,316,1544.477
2026-07-27 14:26:17.084,317,1549.365
2026-07-27 14:26:17.084,318,1554.252
2026-07-27 14:26:17.084,320,1564.027
2026-07-27 14:26:17.086,320,1564.027
2026-07-27 14:26:17.088,318,1554.252
2026-07-27 14:26:17.114,316,1544.477
2026-07-27 14:26:17.114,317,1549.365
2026-07-27 14:26:17.114,320,1564.027
2026-07-27 14:26:17.114,323,1578.69
2026-07-27 14:26:17.114,324,1583.578
2026-07-27 14:26:17.144,325,1588.465
2026-07-27 14:26:17.144,325,1588.465
2026-07-27 14:26:17.144,327,1598.24
2026-07-27 14:26:17.144,328,1603.128
2026-07-27 14:26:17.145,327,1598.24
2026-07-27 14:26:17.146,328,1603.128
2026-07-27 14:26:17.177,330,1612.903
2026-07-27 14:26:17.177,332,1622.678
2026-07-27 14:26:17.177,332,1622.678
2026-07-27 14:26:17.177,332,1622.678
2026-07-27 14:26:17.177,332,1622.678
2026-07-27 14:26:17.179,333,1627.566
2026-07-27 14:26:17.183,335,1637.341
2026-07-27 14:26:17.223,336,1642.229
2026-07-27 14:26:17.223,336,1642.229
2026-07-27 14:26:17.223,337,1647.116
2026-07-27 14:26:17.223,338,1652.004
2026-07-27 14:26:17.224,337,1647.116
2026-07-27 14:26:17.224,337,1647.116
2026-07-27 14:26:17.224,337,1647.116
2026-07-27 14:26:17.225,338,1652.004
2026-07-27 14:26:17.252,335,1637.341
2026-07-27 14:26:17.252,335,1637.341
2026-07-27 14:26:17.252,335,1637.341
2026-07-27 14:26:17.252,334,1632.454
2026-07-27 14:26:17.252,332,1622.678
2026-07-27 14:26:17.255,330,1612.903
2026-07-27 14:26:17.284,331,1617.791
2026-07-27 14:26:17.285,331,1617.791
2026-07-27 14:26:17.285,331,1617.791
2026-07-27 14:26:17.285,331,1617.791
2026-07-27 14:26:17.286,330,1612.903
2026-07-27 14:26:17.329,329,1608.016
2026-07-27 14:26:17.329,328,1603.128
2026-07-27 14:26:17.330,326,1593.353
2026-07-27 14:26:17.330,325,1588.465
2026-07-27 14:26:17.330,326,1593.353
2026-07-27 14:26:17.330,327,1598.24
2026-07-27 14:26:17.330,328,1603.128
2026-07-27 14:26:17.330,327,1598.24
2026-07-27 14:26:17.330,326,1593.353
2026-07-27 14:26:17.333,326,1593.353
2026-07-27 14:26:17.377,326,1593.353
2026-07-27 14:26:17.377,323,1578.69
2026-07-27 14:26:17.377,321,1568.915
2026-07-27 14:26:17.377,322,1573.803
2026-07-27 14:26:17.378,323,1578.69
2026-07-27 14:26:17.379,322,1573.803
2026-07-27 14:26:17.379,321,1568.915
2026-07-27 14:26:17.379,323,1578.69
2026-07-27 14:26:17.422,325,1588.465
2026-07-27 14:26:17.422,325,1588.465
2026-07-27 14:26:17.423,323,1578.69
2026-07-27 14:26:17.423,322,1573.803
2026-07-27 14:26:17.423,322,1573.803
2026-07-27 14:26:17.426,320,1564.027
2026-07-27 14:26:17.426,318,1554.252
2026-07-27 14:26:17.426,314,1534.702
2026-07-27 14:26:17.426,312,1524.927
2026-07-27 14:26:17.427,310,1515.152
2026-07-27 14:26:17.468,306,1495.601
2026-07-27 14:26:17.469,303,1480.938
2026-07-27 14:26:17.469,302,1476.051
2026-07-27 14:26:17.469,301,1471.163
2026-07-27 14:26:17.469,301,1471.163
2026-07-27 14:26:17.469,303,1480.938
2026-07-27 14:26:17.469,305,1490.714
2026-07-27 14:26:17.469,307,1500.489
2026-07-27 14:26:17.473,311,1520.039
2026-07-27 14:26:17.515,321,1568.915
2026-07-27 14:26:17.515,332,1622.678
2026-07-27 14:26:17.516,365,1783.969
2026-07-27 14:26:17.516,414,2023.46
2026-07-27 14:26:17.516,454,2218.964
2026-07-27 14:26:17.516,405,1979.472
2026-07-27 14:26:17.516,279,1363.636
2026-07-27 14:26:17.516,192,938.416
2026-07-27 14:26:17.520,177,865.103
2026-07-27 14:26:17.562,233,1138.807
2026-07-27 14:26:17.562,281,1373.412
2026-07-27 14:26:17.562,298,1456.5
2026-07-27 14:26:17.562,305,1490.714
2026-07-27 14:26:17.562,312,1524.927
2026-07-27 14:26:17.562,316,1544.477
2026-07-27 14:26:17.563,313,1529.814
2026-07-27 14:26:17.566,309,1510.264
2026-07-27 14:26:17.567,309,1510.264
2026-07-27 14:26:17.608,312,1524.927
2026-07-27 14:26:17.609,315,1539.589
2026-07-27 14:26:17.609,315,1539.589
2026-07-27 14:26:17.609,316,1544.477
2026-07-27 14:26:17.609,317,1549.365
2026-07-27 14:26:17.609,317,1549.365
2026-07-27 14:26:17.609,318,1554.252
2026-07-27 14:26:17.609,320,1564.027
2026-07-27 14:26:17.655,320,1564.027
2026-07-27 14:26:17.655,321,1568.915
2026-07-27 14:26:17.655,324,1583.578
2026-07-27 14:26:17.655,326,1593.353
2026-07-27 14:26:17.656,326,1593.353
2026-07-27 14:26:17.656,327,1598.24
2026-07-27 14:26:17.656,328,1603.128
2026-07-27 14:26:17.656,331,1617.791
2026-07-27 14:26:17.656,335,1637.341
2026-07-27 14:26:17.703,337,1647.116
2026-07-27 14:26:17.703,339,1656.891
2026-07-27 14:26:17.703,343,1676.442
2026-07-27 14:26:17.712,347,1695.992
2026-07-27 14:26:17.712,353,1725.318
2026-07-27 14:26:17.712,360,1759.531
2026-07-27 14:26:17.712,368,1798.631
2026-07-27 14:26:17.712,374,1827.957
2026-07-27 14:26:17.712,380,1857.283
2026-07-27 14:26:17.713,385,1881.72
2026-07-27 14:26:17.716,389,1901.271
2026-07-27 14:26:17.719,391,1911.046
2026-07-27 14:26:17.727,388,1896.383
2026-07-27 14:26:17.729,381,1862.17
2026-07-27 14:26:17.780,370,1808.407
2026-07-27 14:26:17.781,356,1739.98
2026-07-27 14:26:17.781,340,1661.779
2026-07-27 14:26:17.781,324,1583.578
2026-07-27 14:26:17.781,309,1510.264
2026-07-27 14:26:17.781,296,1446.725
2026-07-27 14:26:17.781,288,1407.625
2026-07-27 14:26:17.781,282,1378.299
2026-07-27 14:26:17.781,278,1358.749
2026-07-27 14:26:17.782,275,1344.086
2026-07-27 14:26:17.786,273,1334.311
2026-07-27 14:26:17.827,271,1324.536
2026-07-27 14:26:17.827,273,1334.311
2026-07-27 14:26:17.827,275,1344.086
2026-07-27 14:26:17.827,275,1344.086
2026-07-27 14:26:17.827,274,1339.198
2026-07-27 14:26:17.827,275,1344.086
2026-07-27 14:26:17.828,275,1344.086
2026-07-27 14:26:17.828,277,1353.861
2026-07-27 14:26:17.874,278,1358.749
2026-07-27 14:26:17.874,278,1358.749
2026-07-27 14:26:17.874,279,1363.636
2026-07-27 14:26:17.874,280,1368.524
2026-07-27 14:26:17.874,280,1368.524
2026-07-27 14:26:17.874,279,1363.636
2026-07-27 14:26:17.874,279,1363.636
2026-07-27 14:26:17.874,280,1368.524
2026-07-27 14:26:17.874,282,1378.299
2026-07-27 14:26:17.922,284,1388.074
2026-07-27 14:26:17.923,284,1388.074
2026-07-27 14:26:17.923,285,1392.962
2026-07-27 14:26:17.923,286,1397.849
2026-07-27 14:26:17.923,286,1397.849
2026-07-27 14:26:17.923,288,1407.625
2026-07-27 14:26:17.923,289,1412.512
2026-07-27 14:26:17.923,289,1412.512
2026-07-27 14:26:17.924,289,1412.512
2026-07-27 14:26:17.931,290,1417.4
2026-07-27 14:26:17.932,292,1427.175
2026-07-27 14:26:17.984,293,1432.063
2026-07-27 14:26:17.984,295,1441.838
2026-07-27 14:26:17.984,296,1446.725
2026-07-27 14:26:17.984,297,1451.613
2026-07-27 14:26:17.984,297,1451.613
2026-07-27 14:26:17.984,298,1456.5
2026-07-27 14:26:17.984,300,1466.276
2026-07-27 14:26:17.984,302,1476.051
2026-07-27 14:26:17.985,302,1476.051
2026-07-27 14:26:17.985,302,1476.051
2026-07-27 14:26:17.988,303,1480.938
2026-07-27 14:26:18.030,305,1490.714
2026-07-27 14:26:18.030,306,1495.601
2026-07-27 14:26:18.030,306,1495.601
2026-07-27 14:26:18.030,305,1490.714
2026-07-27 14:26:18.030,307,1500.489
2026-07-27 14:26:18.030,308,1505.376
2026-07-27 14:26:18.031,309,1510.264
2026-07-27 14:26:18.031,309,1510.264
2026-07-27 14:26:18.077,310,1515.152
2026-07-27 14:26:18.077,313,1529.814
2026-07-27 14:26:18.077,313,1529.814
2026-07-27 14:26:18.078,314,1534.702
2026-07-27 14:26:18.078,316,1544.477
2026-07-27 14:26:18.078,317,1549.365
2026-07-27 14:26:18.078,317,1549.365
2026-07-27 14:26:18.078,316,1544.477
2026-07-27 14:26:18.078,316,1544.477
2026-07-27 14:26:18.082,316,1544.477
2026-07-27 14:26:18.123,316,1544.477
2026-07-27 14:26:18.124,318,1554.252
2026-07-27 14:26:18.124,320,1564.027
2026-07-27 14:26:18.124,320,1564.027
2026-07-27 14:26:18.124,320,1564.027
2026-07-27 14:26:18.124,320,1564.027
2026-07-27 14:26:18.124,321,1568.915
2026-07-27 14:26:18.129,321,1568.915
2026-07-27 14:26:18.130,321,1568.915
2026-07-27 14:26:18.170,321,1568.915
2026-07-27 14:26:18.170,323,1578.69
2026-07-27 14:26:18.171,323,1578.69
2026-07-27 14:26:18.171,323,1578.69
2026-07-27 14:26:18.171,325,1588.465
2026-07-27 14:26:18.171,328,1603.128
2026-07-27 14:26:18.171,329,1608.016
2026-07-27 14:26:18.171,329,1608.016
2026-07-27 14:26:18.175,331,1617.791
2026-07-27 14:26:18.217,332,1622.678
2026-07-27 14:26:18.217,333,1627.566
2026-07-27 14:26:18.217,332,1622.678
2026-07-27 14:26:18.217,331,1617.791
2026-07-27 14:26:18.217,329,1608.016
2026-07-27 14:26:18.217,327,1598.24
2026-07-27 14:26:18.217,326,1593.353
2026-07-27 14:26:18.217,325,1588.465
2026-07-27 14:26:18.263,323,1578.69
2026-07-27 14:26:18.264,324,1583.578
2026-07-27 14:26:18.264,326,1593.353
2026-07-27 14:26:18.264,327,1598.24
2026-07-27 14:26:18.264,327,1598.24
2026-07-27 14:26:18.264,328,1603.128
2026-07-27 14:26:18.264,330,1612.903
2026-07-27 14:26:18.264,338,1652.004
2026-07-27 14:26:18.264,346,1691.105
2026-07-27 14:26:18.310,367,1793.744
2026-07-27 14:26:18.310,411,2008.798
2026-07-27 14:26:18.311,458,2238.514
2026-07-27 14:26:18.311,446,2179.863
2026-07-27 14:26:18.311,351,1715.543
2026-07-27 14:26:18.311,262,1280.547
2026-07-27 14:26:18.311,212,1036.168
2026-07-27 14:26:18.311,239,1168.133
2026-07-27 14:26:18.311,294,1436.95
2026-07-27 14:26:18.357,330,1612.903
2026-07-27 14:26:18.357,341,1666.667
2026-07-27 14:26:18.357,345,1686.217
2026-07-27 14:26:18.357,346,1691.105
2026-07-27 14:26:18.357,342,1671.554
2026-07-27 14:26:18.357,339,1656.891
2026-07-27 14:26:18.357,339,1656.891
2026-07-27 14:26:18.358,342,1671.554
2026-07-27 14:26:18.358,344,1681.329
2026-07-27 14:26:18.404,343,1676.442
2026-07-27 14:26:18.404,344,1681.329
2026-07-27 14:26:18.404,344,1681.329
2026-07-27 14:26:18.404,345,1686.217
2026-07-27 14:26:18.404,346,1691.105
2026-07-27 14:26:18.404,348,1700.88
2026-07-27 14:26:18.404,348,1700.88
2026-07-27 14:26:18.405,350,1710.655
2026-07-27 14:26:18.405,351,1715.543
2026-07-27 14:26:18.449,351,1715.543
2026-07-27 14:26:18.449,352,1720.43
2026-07-27 14:26:18.449,353,1725.318
2026-07-27 14:26:18.449,355,1735.093
2026-07-27 14:26:18.449,357,1744.868
2026-07-27 14:26:18.449,359,1754.643
2026-07-27 14:26:18.450,362,1769.306
2026-07-27 14:26:18.452,366,1788.856
2026-07-27 14:26:18.453,370,1808.407
2026-07-27 14:26:18.456,375,1832.845
2026-07-27 14:26:18.495,383,1871.945
2026-07-27 14:26:18.495,389,1901.271
2026-07-27 14:26:18.495,396,1935.484
2026-07-27 14:26:18.496,404,1974.585
2026-07-27 14:26:18.496,412,2013.685
2026-07-27 14:26:18.496,417,2038.123
2026-07-27 14:26:18.496,422,2062.561
2026-07-27 14:26:18.498,424,2072.336
2026-07-27 14:26:18.542,423,2067.449
2026-07-27 14:26:18.543,418,2043.011
2026-07-27 14:26:18.543,410,2003.91
2026-07-27 14:26:18.543,396,1935.484
2026-07-27 14:26:18.543,378,1847.507
2026-07-27 14:26:18.543,362,1769.306
2026-07-27 14:26:18.543,348,1700.88
2026-07-27 14:26:18.543,335,1637.341
2026-07-27 14:26:18.545,325,1588.465
2026-07-27 14:26:18.589,318,1554.252
2026-07-27 14:26:18.589,312,1524.927
2026-07-27 14:26:18.589,309,1510.264
2026-07-27 14:26:18.589,307,1500.489
2026-07-27 14:26:18.589,305,1490.714
2026-07-27 14:26:18.589,303,1480.938
2026-07-27 14:26:18.589,302,1476.051
2026-07-27 14:26:18.589,302,1476.051
2026-07-27 14:26:18.591,303,1480.938
2026-07-27 14:26:18.635,304,1485.826
2026-07-27 14:26:18.635,305,1490.714
2026-07-27 14:26:18.635,307,1500.489
2026-07-27 14:26:18.635,307,1500.489
2026-07-27 14:26:18.635,307,1500.489
2026-07-27 14:26:18.635,307,1500.489
2026-07-27 14:26:18.635,308,1505.376
2026-07-27 14:26:18.635,308,1505.376
2026-07-27 14:26:18.638,310,1515.152
2026-07-27 14:26:18.681,310,1515.152
2026-07-27 14:26:18.681,312,1524.927
2026-07-27 14:26:18.681,313,1529.814
2026-07-27 14:26:18.681,314,1534.702
2026-07-27 14:26:18.681,315,1539.589
2026-07-27 14:26:18.681,316,1544.477
2026-07-27 14:26:18.682,318,1554.252
2026-07-27 14:26:18.682,319,1559.14
2026-07-27 14:26:18.712,320,1564.027
2026-07-27 14:26:18.712,318,1554.252
2026-07-27 14:26:18.712,320,1564.027
2026-07-27 14:26:18.712,321,1568.915
2026-07-27 14:26:18.712,323,1578.69
2026-07-27 14:26:18.718,325,1588.465
2026-07-27 14:26:18.718,325,1588.465
2026-07-27 14:26:18.721,325,1588.465
2026-07-27 14:26:18.758,325,1588.465
2026-07-27 14:26:18.759,326,1593.353
2026-07-27 14:26:18.759,327,1598.24
2026-07-27 14:26:18.759,328,1603.128
2026-07-27 14:26:18.759,329,1608.016
2026-07-27 14:26:18.759,328,1603.128
2026-07-27 14:26:18.759,329,1608.016
2026-07-27 14:26:18.763,330,1612.903
2026-07-27 14:26:18.805,331,1617.791
2026-07-27 14:26:18.805,332,1622.678
2026-07-27 14:26:18.805,333,1627.566
2026-07-27 14:26:18.806,333,1627.566
2026-07-27 14:26:18.806,333,1627.566
2026-07-27 14:26:18.806,333,1627.566
2026-07-27 14:26:18.806,334,1632.454
2026-07-27 14:26:18.807,334,1632.454
2026-07-27 14:26:18.811,336,1642.229
2026-07-27 14:26:18.816,337,1647.116
2026-07-27 14:26:18.852,336,1642.229
2026-07-27 14:26:18.852,336,1642.229
2026-07-27 14:26:18.852,335,1637.341
2026-07-27 14:26:18.852,335,1637.341
2026-07-27 14:26:18.852,335,1637.341
2026-07-27 14:26:18.852,335,1637.341
2026-07-27 14:26:18.852,336,1642.229
2026-07-27 14:26:18.884,336,1642.229
2026-07-27 14:26:18.884,336,1642.229
2026-07-27 14:26:18.884,336,1642.229
2026-07-27 14:26:18.884,337,1647.116
2026-07-27 14:26:18.884,336,1642.229
2026-07-27 14:26:18.884,335,1637.341
2026-07-27 14:26:18.888,335,1637.341
2026-07-27 14:26:18.929,335,1637.341
2026-07-27 14:26:18.930,335,1637.341
2026-07-27 14:26:18.930,335,1637.341
2026-07-27 14:26:18.930,335,1637.341
2026-07-27 14:26:18.930,334,1632.454
2026-07-27 14:26:18.930,333,1627.566
2026-07-27 14:26:18.930,334,1632.454
2026-07-27 14:26:18.930,334,1632.454
2026-07-27 14:26:18.960,334,1632.454
2026-07-27 14:26:18.960,334,1632.454
2026-07-27 14:26:18.961,335,1637.341
2026-07-27 14:26:18.961,337,1647.116
2026-07-27 14:26:18.961,338,1652.004
2026-07-27 14:26:18.961,337,1647.116
2026-07-27 14:26:18.966,335,1637.341
2026-07-27 14:26:19.006,336,1642.229
2026-07-27 14:26:19.006,337,1647.116
2026-07-27 14:26:19.006,336,1642.229
2026-07-27 14:26:19.006,336,1642.229
2026-07-27 14:26:19.006,339,1656.891
2026-07-27 14:26:19.007,339,1656.891
2026-07-27 14:26:19.007,340,1661.779
2026-07-27 14:26:19.008,342,1671.554
2026-07-27 14:26:19.036,344,1681.329
2026-07-27 14:26:19.036,344,1681.329
2026-07-27 14:26:19.036,344,1681.329
2026-07-27 14:26:19.036,342,1671.554
2026-07-27 14:26:19.036,338,1652.004
2026-07-27 14:26:19.039,334,1632.454
2026-07-27 14:26:19.067,334,1632.454
2026-07-27 14:26:19.067,331,1617.791
2026-07-27 14:26:19.067,328,1603.128
2026-07-27 14:26:19.067,328,1603.128
2026-07-27 14:26:19.067,329,1608.016
2026-07-27 14:26:19.070,329,1608.016
2026-07-27 14:26:19.098,329,1608.016
2026-07-27 14:26:19.098,332,1622.678
2026-07-27 14:26:19.098,334,1632.454
2026-07-27 14:26:19.098,340,1661.779
2026-07-27 14:26:19.098,349,1705.767
2026-07-27 14:26:19.101,361,1764.418
2026-07-27 14:26:19.129,395,1930.596
2026-07-27 14:26:19.130,444,2170.088
2026-07-27 14:26:19.130,476,2326.491
2026-07-27 14:26:19.130,418,2043.011
2026-07-27 14:26:19.132,304,1485.826
2026-07-27 14:26:19.161,224,1094.819
2026-07-27 14:26:19.161,214,1045.943
2026-07-27 14:26:19.162,272,1329.423
2026-07-27 14:26:19.162,321,1568.915
2026-07-27 14:26:19.162,346,1691.105
2026-07-27 14:26:19.162,353,1725.318
2026-07-27 14:26:19.164,354,1730.205
2026-07-27 14:26:19.192,352,1720.43
2026-07-27 14:26:19.192,346,1691.105
2026-07-27 14:26:19.192,338,1652.004
2026-07-27 14:26:19.192,327,1598.24
2026-07-27 14:26:19.192,325,1588.465
2026-07-27 14:26:19.195,340,1661.779
2026-07-27 14:26:19.223,359,1754.643
2026-07-27 14:26:19.223,373,1823.069
2026-07-27 14:26:19.223,374,1827.957
2026-07-27 14:26:19.223,370,1808.407
2026-07-27 14:26:19.223,369,1803.519
2026-07-27 14:26:19.226,368,1798.631
2026-07-27 14:26:19.253,368,1798.631
2026-07-27 14:26:19.253,368,1798.631
2026-07-27 14:26:19.254,367,1793.744
2026-07-27 14:26:19.254,366,1788.856
2026-07-27 14:26:19.254,367,1793.744
2026-07-27 14:26:19.284,368,1798.631
2026-07-27 14:26:19.284,370,1808.407
2026-07-27 14:26:19.284,371,1813.294
2026-07-27 14:26:19.285,373,1823.069
2026-07-27 14:26:19.285,379,1852.395
2026-07-27 14:26:19.285,379,1852.395
2026-07-27 14:26:19.288,382,1867.058
2026-07-27 14:26:19.315,388,1896.383
2026-07-27 14:26:19.315,395,1930.596
2026-07-27 14:26:19.315,400,1955.034
2026-07-27 14:26:19.315,400,1955.034
2026-07-27 14:26:19.315,403,1969.697
2026-07-27 14:26:19.360,412,2013.685
2026-07-27 14:26:19.360,423,2067.449
2026-07-27 14:26:19.360,421,2057.674
2026-07-27 14:26:19.360,416,2033.236
2026-07-27 14:26:19.361,417,2038.123
2026-07-27 14:26:19.361,411,2008.798
2026-07-27 14:26:19.361,399,1950.147
2026-07-27 14:26:19.361,380,1857.283
2026-07-27 14:26:19.361,364,1779.081
2026-07-27 14:26:19.406,354,1730.205
2026-07-27 14:26:19.407,341,1666.667
2026-07-27 14:26:19.407,327,1598.24
2026-07-27 14:26:19.407,315,1539.589
2026-07-27 14:26:19.407,309,1510.264
2026-07-27 14:26:19.407,307,1500.489
2026-07-27 14:26:19.407,306,1495.601
2026-07-27 14:26:19.407,303,1480.938
2026-07-27 14:26:19.408,303,1480.938
2026-07-27 14:26:19.452,304,1485.826
2026-07-27 14:26:19.452,303,1480.938
2026-07-27 14:26:19.452,303,1480.938
2026-07-27 14:26:19.452,301,1471.163
2026-07-27 14:26:19.452,303,1480.938
2026-07-27 14:26:19.453,307,1500.489
2026-07-27 14:26:19.453,307,1500.489
2026-07-27 14:26:19.453,305,1490.714
2026-07-27 14:26:19.455,306,1495.601
2026-07-27 14:26:19.499,308,1505.376
2026-07-27 14:26:19.499,313,1529.814
2026-07-27 14:26:19.499,321,1568.915
2026-07-27 14:26:19.499,324,1583.578
2026-07-27 14:26:19.500,325,1588.465
2026-07-27 14:26:19.503,324,1583.578
2026-07-27 14:26:19.503,325,1588.465
2026-07-27 14:26:19.503,329,1608.016
2026-07-27 14:26:19.503,332,1622.678
2026-07-27 14:26:19.546,335,1637.341
2026-07-27 14:26:19.546,339,1656.891
2026-07-27 14:26:19.546,342,1671.554
2026-07-27 14:26:19.546,342,1671.554
2026-07-27 14:26:19.546,345,1686.217
2026-07-27 14:26:19.546,348,1700.88
2026-07-27 14:26:19.547,348,1700.88
2026-07-27 14:26:19.547,350,1710.655
2026-07-27 14:26:19.549,349,1705.767
2026-07-27 14:26:19.593,348,1700.88
2026-07-27 14:26:19.593,349,1705.767
2026-07-27 14:26:19.593,349,1705.767
2026-07-27 14:26:19.593,348,1700.88
2026-07-27 14:26:19.593,346,1691.105
2026-07-27 14:26:19.593,348,1700.88
2026-07-27 14:26:19.634,346,1691.105
2026-07-27 14:26:19.635,344,1681.329
2026-07-27 14:26:19.635,342,1671.554
2026-07-27 14:26:19.635,341,1666.667
2026-07-27 14:26:19.635,338,1652.004
2026-07-27 14:26:19.635,338,1652.004
2026-07-27 14:26:19.635,340,1661.779
2026-07-27 14:26:19.635,342,1671.554
2026-07-27 14:26:19.635,348,1700.88
2026-07-27 14:26:19.636,349,1705.767
2026-07-27 14:26:19.639,347,1695.992
2026-07-27 14:26:19.687,340,1661.779
2026-07-27 14:26:19.688,338,1652.004
2026-07-27 14:26:19.688,339,1656.891
2026-07-27 14:26:19.688,339,1656.891
2026-07-27 14:26:19.688,342,1671.554
2026-07-27 14:26:19.688,339,1656.891
2026-07-27 14:26:19.689,333,1627.566
2026-07-27 14:26:19.689,335,1637.341
2026-07-27 14:26:19.689,340,1661.779
2026-07-27 14:26:19.689,346,1691.105
2026-07-27 14:26:19.733,348,1700.88
2026-07-27 14:26:19.733,345,1686.217
2026-07-27 14:26:19.733,344,1681.329
2026-07-27 14:26:19.733,345,1686.217
2026-07-27 14:26:19.733,347,1695.992
2026-07-27 14:26:19.734,350,1710.655
2026-07-27 14:26:19.734,350,1710.655
2026-07-27 14:26:19.734,348,1700.88
2026-07-27 14:26:19.736,348,1700.88
2026-07-27 14:26:19.779,350,1710.655
2026-07-27 14:26:19.780,354,1730.205
2026-07-27 14:26:19.780,356,1739.98
2026-07-27 14:26:19.780,354,1730.205
2026-07-27 14:26:19.780,352,1720.43
2026-07-27 14:26:19.780,354,1730.205
2026-07-27 14:26:19.780,358,1749.756
2026-07-27 14:26:19.780,358,1749.756
2026-07-27 14:26:19.782,359,1754.643
2026-07-27 14:26:19.826,361,1764.418
2026-07-27 14:26:19.826,360,1759.531
2026-07-27 14:26:19.826,364,1779.081
2026-07-27 14:26:19.827,370,1808.407
2026-07-27 14:26:19.827,367,1793.744
2026-07-27 14:26:19.827,365,1783.969
2026-07-27 14:26:19.827,366,1788.856
2026-07-27 14:26:19.827,368,1798.631
2026-07-27 14:26:19.829,369,1803.519
2026-07-27 14:26:19.872,370,1808.407
2026-07-27 14:26:19.872,373,1823.069
2026-07-27 14:26:19.872,374,1827.957
2026-07-27 14:26:19.873,372,1818.182
2026-07-27 14:26:19.873,371,1813.294
2026-07-27 14:26:19.873,368,1798.631
2026-07-27 14:26:19.873,362,1769.306
2026-07-27 14:26:19.873,359,1754.643
2026-07-27 14:26:19.876,361,1764.418
2026-07-27 14:26:19.918,359,1754.643
2026-07-27 14:26:19.918,356,1739.98
2026-07-27 14:26:19.918,353,1725.318
2026-07-27 14:26:19.919,354,1730.205
2026-07-27 14:26:19.919,356,1739.98
2026-07-27 14:26:19.919,356,1739.98
2026-07-27 14:26:19.919,358,1749.756
2026-07-27 14:26:19.919,360,1759.531
2026-07-27 14:26:19.923,368,1798.631
2026-07-27 14:26:19.965,384,1876.833
2026-07-27 14:26:19.965,416,2033.236
2026-07-27 14:26:19.965,472,2306.94
2026-07-27 14:26:19.966,531,2595.308
2026-07-27 14:26:19.966,480,2346.041
2026-07-27 14:26:19.966,330,1612.903
2026-07-27 14:26:19.966,232,1133.92
2026-07-27 14:26:19.966,211,1031.281
2026-07-27 14:26:19.970,264,1290.323
2026-07-27 14:26:20.012,314,1534.702
2026-07-27 14:26:20.013,338,1652.004
2026-07-27 14:26:20.013,348,1700.88
2026-07-27 14:26:20.013,357,1744.868
2026-07-27 14:26:20.013,356,1739.98
2026-07-27 14:26:20.013,350,1710.655
2026-07-27 14:26:20.016,347,1695.992
2026-07-27 14:26:20.016,347,1695.992
2026-07-27 14:26:20.017,346,1691.105
2026-07-27 14:26:20.059,346,1691.105
2026-07-27 14:26:20.059,345,1686.217
2026-07-27 14:26:20.059,343,1676.442
2026-07-27 14:26:20.059,344,1681.329
2026-07-27 14:26:20.059,344,1681.329
2026-07-27 14:26:20.059,344,1681.329
2026-07-27 14:26:20.060,343,1676.442
2026-07-27 14:26:20.060,341,1666.667
2026-07-27 14:26:20.063,341,1666.667
2026-07-27 14:26:20.105,343,1676.442
2026-07-27 14:26:20.105,345,1686.217
2026-07-27 14:26:20.106,345,1686.217
2026-07-27 14:26:20.106,346,1691.105
2026-07-27 14:26:20.106,347,1695.992
2026-07-27 14:26:20.106,350,1710.655
2026-07-27 14:26:20.106,354,1730.205
2026-07-27 14:26:20.106,357,1744.868
2026-07-27 14:26:20.110,361,1764.418
2026-07-27 14:26:20.152,366,1788.856
2026-07-27 14:26:20.152,371,1813.294
2026-07-27 14:26:20.153,378,1847.507
2026-07-27 14:26:20.154,387,1891.496
2026-07-27 14:26:20.154,395,1930.596
2026-07-27 14:26:20.154,401,1959.922
2026-07-27 14:26:20.154,406,1984.36
2026-07-27 14:26:20.158,409,1999.022
2026-07-27 14:26:20.158,408,1994.135
2026-07-27 14:26:20.199,406,1984.36
2026-07-27 14:26:20.199,401,1959.922
2026-07-27 14:26:20.199,391,1911.046
2026-07-27 14:26:20.199,375,1832.845
2026-07-27 14:26:20.199,356,1739.98
2026-07-27 14:26:20.199,336,1642.229
2026-07-27 14:26:20.199,316,1544.477
2026-07-27 14:26:20.200,298,1456.5
2026-07-27 14:26:20.204,282,1378.299
2026-07-27 14:26:20.245,270,1319.648
2026-07-27 14:26:20.245,263,1285.435
2026-07-27 14:26:20.245,257,1256.109
2026-07-27 14:26:20.245,253,1236.559
2026-07-27 14:26:20.245,250,1221.896
2026-07-27 14:26:20.246,249,1217.009
2026-07-27 14:26:20.246,249,1217.009
2026-07-27 14:26:20.250,247,1207.234
2026-07-27 14:26:20.254,247,1207.234
2026-07-27 14:26:20.256,248,1212.121
2026-07-27 14:26:20.291,249,1217.009
2026-07-27 14:26:20.291,251,1226.784
2026-07-27 14:26:20.291,251,1226.784
2026-07-27 14:26:20.291,253,1236.559
2026-07-27 14:26:20.291,253,1236.559
2026-07-27 14:26:20.291,254,1241.447
2026-07-27 14:26:20.292,256,1251.222
2026-07-27 14:26:20.338,258,1260.997
2026-07-27 14:26:20.338,259,1265.885
2026-07-27 14:26:20.338,260,1270.772
2026-07-27 14:26:20.338,261,1275.66
2026-07-27 14:26:20.338,263,1285.435
2026-07-27 14:26:20.339,265,1295.21
2026-07-27 14:26:20.339,266,1300.098
2026-07-27 14:26:20.339,267,1304.985
2026-07-27 14:26:20.340,268,1309.873
2026-07-27 14:26:20.344,270,1319.648
2026-07-27 14:26:20.385,272,1329.423
2026-07-27 14:26:20.385,272,1329.423
2026-07-27 14:26:20.385,272,1329.423
2026-07-27 14:26:20.385,274,1339.198
2026-07-27 14:26:20.385,275,1344.086
2026-07-27 14:26:20.386,276,1348.974
2026-07-27 14:26:20.386,276,1348.974
2026-07-27 14:26:20.386,277,1353.861
2026-07-27 14:26:20.431,278,1358.749
2026-07-27 14:26:20.431,279,1363.636
2026-07-27 14:26:20.431,279,1363.636
2026-07-27 14:26:20.431,280,1368.524
2026-07-27 14:26:20.431,281,1373.412
2026-07-27 14:26:20.431,281,1373.412
2026-07-27 14:26:20.431,280,1368.524
2026-07-27 14:26:20.432,281,1373.412
2026-07-27 14:26:20.433,283,1383.187
2026-07-27 14:26:20.478,283,1383.187
2026-07-27 14:26:20.478,283,1383.187
2026-07-27 14:26:20.479,284,1388.074
2026-07-27 14:26:20.479,285,1392.962
2026-07-27 14:26:20.479,286,1397.849
2026-07-27 14:26:20.479,288,1407.625
2026-07-27 14:26:20.479,289,1412.512
2026-07-27 14:26:20.479,290,1417.4
2026-07-27 14:26:20.480,289,1412.512
2026-07-27 14:26:20.524,290,1417.4
2026-07-27 14:26:20.524,290,1417.4
2026-07-27 14:26:20.524,291,1422.287
2026-07-27 14:26:20.525,293,1432.063
2026-07-27 14:26:20.525,294,1436.95
2026-07-27 14:26:20.525,294,1436.95
2026-07-27 14:26:20.525,295,1441.838
2026-07-27 14:26:20.525,296,1446.725
2026-07-27 14:26:20.528,297,1451.613
2026-07-27 14:26:20.531,298,1456.5
2026-07-27 14:26:20.570,298,1456.5
2026-07-27 14:26:20.570,299,1461.388
2026-07-27 14:26:20.570,300,1466.276
2026-07-27 14:26:20.570,301,1471.163
2026-07-27 14:26:20.570,302,1476.051
2026-07-27 14:26:20.570,303,1480.938
2026-07-27 14:26:20.570,304,1485.826
2026-07-27 14:26:20.573,304,1485.826
2026-07-27 14:26:20.616,304,1485.826
2026-07-27 14:26:20.616,305,1490.714
2026-07-27 14:26:20.617,304,1485.826
2026-07-27 14:26:20.617,305,1490.714
2026-07-27 14:26:20.617,306,1495.601
2026-07-27 14:26:20.617,306,1495.601
2026-07-27 14:26:20.617,307,1500.489
2026-07-27 14:26:20.617,311,1520.039
2026-07-27 14:26:20.620,313,1529.814
2026-07-27 14:26:20.663,315,1539.589
2026-07-27 14:26:20.664,318,1554.252
2026-07-27 14:26:20.664,320,1564.027
2026-07-27 14:26:20.664,321,1568.915
2026-07-27 14:26:20.664,320,1564.027
2026-07-27 14:26:20.664,318,1554.252
2026-07-27 14:26:20.664,316,1544.477
2026-07-27 14:26:20.664,314,1534.702
2026-07-27 14:26:20.694,314,1534.702
2026-07-27 14:26:20.695,313,1529.814
2026-07-27 14:26:20.695,309,1510.264
2026-07-27 14:26:20.695,308,1505.376
2026-07-27 14:26:20.695,312,1524.927
2026-07-27 14:26:20.695,314,1534.702
2026-07-27 14:26:20.698,312,1524.927
2026-07-27 14:26:20.741,312,1524.927
2026-07-27 14:26:20.741,316,1544.477
2026-07-27 14:26:20.741,323,1578.69
2026-07-27 14:26:20.741,334,1632.454
2026-07-27 14:26:20.742,343,1676.442
2026-07-27 14:26:20.742,370,1808.407
2026-07-27 14:26:20.742,430,2101.662
2026-07-27 14:26:20.742,495,2419.355
2026-07-27 14:26:20.745,465,2272.727
2026-07-27 14:26:20.788,320,1564.027
2026-07-27 14:26:20.788,213,1041.056
2026-07-27 14:26:20.788,187,913.978
2026-07-27 14:26:20.788,244,1192.571
2026-07-27 14:26:20.789,301,1471.163
2026-07-27 14:26:20.789,328,1603.128
2026-07-27 14:26:20.789,339,1656.891
2026-07-27 14:26:20.789,345,1686.217
2026-07-27 14:26:20.791,339,1656.891
2026-07-27 14:26:20.835,332,1622.678
2026-07-27 14:26:20.835,329,1608.016
2026-07-27 14:26:20.835,342,1671.554
2026-07-27 14:26:20.835,354,1730.205
2026-07-27 14:26:20.836,358,1749.756
2026-07-27 14:26:20.836,355,1735.093
2026-07-27 14:26:20.836,351,1715.543
2026-07-27 14:26:20.836,350,1710.655
2026-07-27 14:26:20.866,352,1720.43
2026-07-27 14:26:20.866,355,1735.093
2026-07-27 14:26:20.867,359,1754.643
2026-07-27 14:26:20.867,360,1759.531
2026-07-27 14:26:20.867,359,1754.643
2026-07-27 14:26:20.870,360,1759.531
2026-07-27 14:26:20.871,364,1779.081
2026-07-27 14:26:20.875,366,1788.856
2026-07-27 14:26:20.913,369,1803.519
2026-07-27 14:26:20.913,372,1818.182
2026-07-27 14:26:20.914,376,1837.732
2026-07-27 14:26:20.914,379,1852.395
2026-07-27 14:26:20.914,382,1867.058
2026-07-27 14:26:20.914,386,1886.608
2026-07-27 14:26:20.914,391,1911.046
2026-07-27 14:26:20.916,397,1940.371
2026-07-27 14:26:20.959,406,1984.36
2026-07-27 14:26:20.959,416,2033.236
2026-07-27 14:26:20.960,423,2067.449
2026-07-27 14:26:20.961,430,2101.662
2026-07-27 14:26:20.961,440,2150.538
2026-07-27 14:26:20.961,448,2189.638
2026-07-27 14:26:20.961,450,2199.413
2026-07-27 14:26:20.961,449,2194.526
2026-07-27 14:26:21.006,445,2174.976
2026-07-27 14:26:21.007,441,2155.425
2026-07-27 14:26:21.007,429,2096.774
2026-07-27 14:26:21.007,412,2013.685
2026-07-27 14:26:21.007,394,1925.709
2026-07-27 14:26:21.007,378,1847.507
2026-07-27 14:26:21.007,361,1764.418
2026-07-27 14:26:21.008,348,1700.88
2026-07-27 14:26:21.008,340,1661.779
2026-07-27 14:26:21.038,334,1632.454
2026-07-27 14:26:21.039,328,1603.128
2026-07-27 14:26:21.039,324,1583.578
2026-07-27 14:26:21.039,318,1554.252
2026-07-27 14:26:21.039,315,1539.589
2026-07-27 14:26:21.039,314,1534.702
2026-07-27 14:26:21.070,317,1549.365
2026-07-27 14:26:21.073,323,1578.69
2026-07-27 14:26:21.073,322,1573.803
2026-07-27 14:26:21.073,320,1564.027
2026-07-27 14:26:21.073,320,1564.027
2026-07-27 14:26:21.073,322,1573.803
2026-07-27 14:26:21.073,327,1598.24
2026-07-27 14:26:21.099,331,1617.791
2026-07-27 14:26:21.099,333,1627.566
2026-07-27 14:26:21.099,332,1622.678
2026-07-27 14:26:21.100,330,1612.903
2026-07-27 14:26:21.100,329,1608.016
2026-07-27 14:26:21.103,330,1612.903
2026-07-27 14:26:21.145,332,1622.678
2026-07-27 14:26:21.146,334,1632.454
2026-07-27 14:26:21.146,337,1647.116
2026-07-27 14:26:21.146,339,1656.891
2026-07-27 14:26:21.146,340,1661.779
2026-07-27 14:26:21.146,339,1656.891
2026-07-27 14:26:21.147,340,1661.779
2026-07-27 14:26:21.147,337,1647.116
2026-07-27 14:26:21.150,337,1647.116
2026-07-27 14:26:21.192,339,1656.891
2026-07-27 14:26:21.192,340,1661.779
2026-07-27 14:26:21.192,339,1656.891
2026-07-27 14:26:21.193,340,1661.779
2026-07-27 14:26:21.193,342,1671.554
2026-07-27 14:26:21.193,344,1681.329
2026-07-27 14:26:21.193,343,1676.442
2026-07-27 14:26:21.193,342,1671.554
2026-07-27 14:26:21.197,343,1676.442
2026-07-27 14:26:21.239,343,1676.442
2026-07-27 14:26:21.239,343,1676.442
2026-07-27 14:26:21.239,340,1661.779
2026-07-27 14:26:21.239,337,1647.116
2026-07-27 14:26:21.239,338,1652.004
2026-07-27 14:26:21.240,342,1671.554
2026-07-27 14:26:21.240,344,1681.329
2026-07-27 14:26:21.240,341,1666.667
2026-07-27 14:26:21.244,335,1637.341
2026-07-27 14:26:21.284,331,1617.791
2026-07-27 14:26:21.284,332,1622.678
2026-07-27 14:26:21.284,338,1652.004
2026-07-27 14:26:21.284,342,1671.554
2026-07-27 14:26:21.284,346,1691.105
2026-07-27 14:26:21.284,349,1705.767
2026-07-27 14:26:21.284,345,1686.217
2026-07-27 14:26:21.285,342,1671.554
2026-07-27 14:26:21.315,343,1676.442
2026-07-27 14:26:21.315,344,1681.329
2026-07-27 14:26:21.315,343,1676.442
2026-07-27 14:26:21.315,341,1666.667
2026-07-27 14:26:21.316,339,1656.891
2026-07-27 14:26:21.317,339,1656.891
2026-07-27 14:26:21.346,338,1652.004
2026-07-27 14:26:21.346,340,1661.779
2026-07-27 14:26:21.346,339,1656.891
2026-07-27 14:26:21.346,339,1656.891
2026-07-27 14:26:21.347,338,1652.004
2026-07-27 14:26:21.348,337,1647.116
2026-07-27 14:26:21.378,338,1652.004
2026-07-27 14:26:21.378,339,1656.891
2026-07-27 14:26:21.379,339,1656.891
2026-07-27 14:26:21.380,340,1661.779
2026-07-27 14:26:21.380,339,1656.891
2026-07-27 14:26:21.380,337,1647.116
2026-07-27 14:26:21.384,338,1652.004
2026-07-27 14:26:21.423,339,1656.891
2026-07-27 14:26:21.424,338,1652.004
2026-07-27 14:26:21.424,336,1642.229
2026-07-27 14:26:21.424,336,1642.229
2026-07-27 14:26:21.424,337,1647.116
2026-07-27 14:26:21.424,338,1652.004
2026-07-27 14:26:21.424,338,1652.004
2026-07-27 14:26:21.426,338,1652.004
2026-07-27 14:26:21.469,341,1666.667
2026-07-27 14:26:21.469,342,1671.554
2026-07-27 14:26:21.469,343,1676.442
2026-07-27 14:26:21.469,345,1686.217
2026-07-27 14:26:21.470,347,1695.992
2026-07-27 14:26:21.470,347,1695.992
2026-07-27 14:26:21.470,347,1695.992
2026-07-27 14:26:21.470,344,1681.329
2026-07-27 14:26:21.473,340,1661.779
2026-07-27 14:26:21.516,336,1642.229
2026-07-27 14:26:21.516,335,1637.341
2026-07-27 14:26:21.516,334,1632.454
2026-07-27 14:26:21.516,332,1622.678
2026-07-27 14:26:21.516,332,1622.678
2026-07-27 14:26:21.516,333,1627.566
2026-07-27 14:26:21.517,335,1637.341
2026-07-27 14:26:21.519,336,1642.229
2026-07-27 14:26:21.521,337,1647.116
2026-07-27 14:26:21.525,338,1652.004
2026-07-27 14:26:21.561,347,1695.992
2026-07-27 14:26:21.562,359,1754.643
2026-07-27 14:26:21.562,385,1881.72
2026-07-27 14:26:21.562,434,2121.212
2026-07-27 14:26:21.562,496,2424.242
2026-07-27 14:26:21.562,498,2434.018
2026-07-27 14:26:21.563,371,1813.294
2026-07-27 14:26:21.567,250,1221.896
2026-07-27 14:26:21.608,188,918.866
2026-07-27 14:26:21.608,221,1080.156
2026-07-27 14:26:21.608,288,1407.625
2026-07-27 14:26:21.609,327,1598.24
2026-07-27 14:26:21.609,341,1666.667
2026-07-27 14:26:21.609,347,1695.992
2026-07-27 14:26:21.609,347,1695.992
2026-07-27 14:26:21.609,343,1676.442
2026-07-27 14:26:21.614,341,1666.667
2026-07-27 14:26:21.619,342,1671.554
2026-07-27 14:26:21.644,343,1676.442
2026-07-27 14:26:21.644,345,1686.217
2026-07-27 14:26:21.644,345,1686.217
2026-07-27 14:26:21.644,346,1691.105
2026-07-27 14:26:21.645,348,1700.88
2026-07-27 14:26:21.686,350,1710.655
2026-07-27 14:26:21.686,354,1730.205
2026-07-27 14:26:21.686,355,1735.093
2026-07-27 14:26:21.686,355,1735.093
2026-07-27 14:26:21.686,355,1735.093
2026-07-27 14:26:21.686,355,1735.093
2026-07-27 14:26:21.686,356,1739.98
2026-07-27 14:26:21.688,357,1744.868
2026-07-27 14:26:21.691,357,1744.868
2026-07-27 14:26:21.733,357,1744.868
2026-07-27 14:26:21.733,359,1754.643
2026-07-27 14:26:21.733,363,1774.194
2026-07-27 14:26:21.733,366,1788.856
2026-07-27 14:26:21.733,370,1808.407
2026-07-27 14:26:21.733,376,1837.732
2026-07-27 14:26:21.733,382,1867.058
2026-07-27 14:26:21.735,390,1906.158
2026-07-27 14:26:21.739,398,1945.259
2026-07-27 14:26:21.781,405,1979.472
2026-07-27 14:26:21.781,412,2013.685
2026-07-27 14:26:21.781,418,2043.011
2026-07-27 14:26:21.781,423,2067.449
2026-07-27 14:26:21.781,427,2086.999
2026-07-27 14:26:21.782,428,2091.887
2026-07-27 14:26:21.782,425,2077.224
2026-07-27 14:26:21.782,418,2043.011
2026-07-27 14:26:21.786,406,1984.36
2026-07-27 14:26:21.827,391,1911.046
2026-07-27 14:26:21.827,372,1818.182
2026-07-27 14:26:21.828,350,1710.655
2026-07-27 14:26:21.828,330,1612.903
2026-07-27 14:26:21.828,315,1539.589
2026-07-27 14:26:21.828,304,1485.826
2026-07-27 14:26:21.828,295,1441.838
2026-07-27 14:26:21.828,288,1407.625
2026-07-27 14:26:21.832,284,1388.074
2026-07-27 14:26:21.874,281,1373.412
2026-07-27 14:26:21.874,278,1358.749
2026-07-27 14:26:21.874,276,1348.974
2026-07-27 14:26:21.874,276,1348.974
2026-07-27 14:26:21.874,276,1348.974
2026-07-27 14:26:21.874,276,1348.974
2026-07-27 14:26:21.874,276,1348.974
2026-07-27 14:26:21.875,279,1363.636
2026-07-27 14:26:21.878,281,1373.412
2026-07-27 14:26:21.920,281,1373.412
2026-07-27 14:26:21.920,283,1383.187
2026-07-27 14:26:21.920,284,1388.074
2026-07-27 14:26:21.921,283,1383.187
2026-07-27 14:26:21.921,283,1383.187
2026-07-27 14:26:21.921,284,1388.074
2026-07-27 14:26:21.921,285,1392.962
2026-07-27 14:26:21.921,287,1402.737
2026-07-27 14:26:21.925,289,1412.512
2026-07-27 14:26:21.966,292,1427.175
2026-07-27 14:26:21.966,293,1432.063
2026-07-27 14:26:21.967,293,1432.063
2026-07-27 14:26:21.967,292,1427.175
2026-07-27 14:26:21.967,293,1432.063
2026-07-27 14:26:21.967,293,1432.063
2026-07-27 14:26:21.967,292,1427.175
2026-07-27 14:26:21.968,292,1427.175
2026-07-27 14:26:22.013,292,1427.175
2026-07-27 14:26:22.013,292,1427.175
2026-07-27 14:26:22.013,293,1432.063
2026-07-27 14:26:22.013,295,1441.838
2026-07-27 14:26:22.013,295,1441.838
2026-07-27 14:26:22.013,294,1436.95
2026-07-27 14:26:22.014,294,1436.95
2026-07-27 14:26:22.014,294,1436.95
2026-07-27 14:26:22.014,295,1441.838
2026-07-27 14:26:22.059,294,1436.95
2026-07-27 14:26:22.060,294,1436.95
2026-07-27 14:26:22.060,295,1441.838
2026-07-27 14:26:22.060,295,1441.838
2026-07-27 14:26:22.060,296,1446.725
2026-07-27 14:26:22.061,294,1436.95
2026-07-27 14:26:22.061,294,1436.95
2026-07-27 14:26:22.061,295,1441.838
2026-07-27 14:26:22.062,295,1441.838
2026-07-27 14:26:22.066,296,1446.725
2026-07-27 14:26:22.106,296,1446.725
2026-07-27 14:26:22.106,296,1446.725
2026-07-27 14:26:22.106,299,1461.388
2026-07-27 14:26:22.109,299,1461.388
2026-07-27 14:26:22.109,298,1456.5
2026-07-27 14:26:22.109,299,1461.388
2026-07-27 14:26:22.109,299,1461.388
2026-07-27 14:26:22.109,299,1461.388
2026-07-27 14:26:22.112,300,1466.276
2026-07-27 14:26:22.151,299,1461.388
2026-07-27 14:26:22.151,298,1456.5
2026-07-27 14:26:22.152,300,1466.276
2026-07-27 14:26:22.152,300,1466.276
2026-07-27 14:26:22.152,301,1471.163
2026-07-27 14:26:22.152,301,1471.163
2026-07-27 14:26:22.152,302,1476.051
2026-07-27 14:26:22.154,303,1480.938
2026-07-27 14:26:22.198,304,1485.826
2026-07-27 14:26:22.198,304,1485.826
2026-07-27 14:26:22.198,304,1485.826
2026-07-27 14:26:22.198,303,1480.938
2026-07-27 14:26:22.198,303,1480.938
2026-07-27 14:26:22.199,303,1480.938
2026-07-27 14:26:22.199,304,1485.826
2026-07-27 14:26:22.199,304,1485.826
2026-07-27 14:26:22.201,305,1490.714
2026-07-27 14:26:22.244,306,1495.601
2026-07-27 14:26:22.244,305,1490.714
2026-07-27 14:26:22.245,304,1485.826
2026-07-27 14:26:22.245,305,1490.714
2026-07-27 14:26:22.245,308,1505.376
2026-07-27 14:26:22.245,310,1515.152
2026-07-27 14:26:22.245,312,1524.927
2026-07-27 14:26:22.245,316,1544.477
2026-07-27 14:26:22.292,317,1549.365
2026-07-27 14:26:22.293,318,1554.252
2026-07-27 14:26:22.293,317,1549.365
2026-07-27 14:26:22.293,315,1539.589
2026-07-27 14:26:22.293,312,1524.927
2026-07-27 14:26:22.293,313,1529.814
2026-07-27 14:26:22.295,314,1534.702
2026-07-27 14:26:22.295,313,1529.814
2026-07-27 14:26:22.296,312,1524.927
2026-07-27 14:26:22.338,312,1524.927
2026-07-27 14:26:22.339,313,1529.814
2026-07-27 14:26:22.339,315,1539.589
2026-07-27 14:26:22.339,318,1554.252
2026-07-27 14:26:22.339,322,1573.803
2026-07-27 14:26:22.339,326,1593.353
2026-07-27 14:26:22.340,335,1637.341
2026-07-27 14:26:22.340,347,1695.992
2026-07-27 14:26:22.340,375,1832.845
2026-07-27 14:26:22.341,424,2072.336
2026-07-27 14:26:22.384,482,2355.816
2026-07-27 14:26:22.385,492,2404.692
2026-07-27 14:26:22.385,357,1744.868
2026-07-27 14:26:22.385,203,992.18
2026-07-27 14:26:22.385,159,777.126
2026-07-27 14:26:22.385,226,1104.594
2026-07-27 14:26:22.385,289,1412.512
2026-07-27 14:26:22.386,312,1524.927
2026-07-27 14:26:22.388,325,1588.465
2026-07-27 14:26:22.431,338,1652.004
2026-07-27 14:26:22.431,342,1671.554
2026-07-27 14:26:22.431,340,1661.779
2026-07-27 14:26:22.431,338,1652.004
2026-07-27 14:26:22.432,338,1652.004
2026-07-27 14:26:22.432,341,1666.667
2026-07-27 14:26:22.432,342,1671.554
2026-07-27 14:26:22.432,341,1666.667
2026-07-27 14:26:22.435,339,1656.891
2026-07-27 14:26:22.477,339,1656.891
2026-07-27 14:26:22.478,338,1652.004
2026-07-27 14:26:22.478,336,1642.229
2026-07-27 14:26:22.478,336,1642.229
2026-07-27 14:26:22.478,334,1632.454
2026-07-27 14:26:22.478,333,1627.566
2026-07-27 14:26:22.478,337,1647.116
2026-07-27 14:26:22.479,343,1676.442
2026-07-27 14:26:22.482,345,1686.217
2026-07-27 14:26:22.524,343,1676.442
2026-07-27 14:26:22.524,342,1671.554
2026-07-27 14:26:22.524,345,1686.217
2026-07-27 14:26:22.524,348,1700.88
2026-07-27 14:26:22.525,350,1710.655
2026-07-27 14:26:22.525,351,1715.543
2026-07-27 14:26:22.525,354,1730.205
2026-07-27 14:26:22.525,358,1749.756
2026-07-27 14:26:22.528,364,1779.081
2026-07-27 14:26:22.570,370,1808.407
2026-07-27 14:26:22.571,378,1847.507
2026-07-27 14:26:22.571,383,1871.945
2026-07-27 14:26:22.571,389,1901.271
2026-07-27 14:26:22.571,394,1925.709
2026-07-27 14:26:22.571,398,1945.259
2026-07-27 14:26:22.572,399,1950.147
2026-07-27 14:26:22.572,398,1945.259
2026-07-27 14:26:22.575,393,1920.821
2026-07-27 14:26:22.617,385,1881.72
2026-07-27 14:26:22.617,372,1818.182
2026-07-27 14:26:22.617,354,1730.205
2026-07-27 14:26:22.617,337,1647.116
2026-07-27 14:26:22.617,324,1583.578
2026-07-27 14:26:22.620,314,1534.702
2026-07-27 14:26:22.620,305,1490.714
2026-07-27 14:26:22.620,296,1446.725
2026-07-27 14:26:22.622,292,1427.175
2026-07-27 14:26:22.664,289,1412.512
2026-07-27 14:26:22.664,287,1402.737
2026-07-27 14:26:22.664,285,1392.962
2026-07-27 14:26:22.664,285,1392.962
2026-07-27 14:26:22.664,286,1397.849
2026-07-27 14:26:22.664,288,1407.625
2026-07-27 14:26:22.665,288,1407.625
2026-07-27 14:26:22.665,288,1407.625
2026-07-27 14:26:22.695,290,1417.4
2026-07-27 14:26:22.695,292,1427.175
2026-07-27 14:26:22.695,294,1436.95
2026-07-27 14:26:22.695,296,1446.725
2026-07-27 14:26:22.695,296,1446.725
2026-07-27 14:26:22.695,298,1456.5
2026-07-27 14:26:22.726,301,1471.163
2026-07-27 14:26:22.726,303,1480.938
2026-07-27 14:26:22.726,304,1485.826
2026-07-27 14:26:22.726,305,1490.714
2026-07-27 14:26:22.727,309,1510.264
2026-07-27 14:26:22.727,311,1520.039
2026-07-27 14:26:22.757,310,1515.152
2026-07-27 14:26:22.757,311,1520.039
2026-07-27 14:26:22.758,311,1520.039
2026-07-27 14:26:22.758,312,1524.927
2026-07-27 14:26:22.758,313,1529.814
2026-07-27 14:26:22.761,315,1539.589
2026-07-27 14:26:22.762,316,1544.477
2026-07-27 14:26:22.803,317,1549.365
2026-07-27 14:26:22.803,319,1559.14
2026-07-27 14:26:22.804,320,1564.027
2026-07-27 14:26:22.804,320,1564.027
2026-07-27 14:26:22.804,320,1564.027
2026-07-27 14:26:22.804,320,1564.027
2026-07-27 14:26:22.804,321,1568.915
2026-07-27 14:26:22.806,321,1568.915
2026-07-27 14:26:22.850,322,1573.803
2026-07-27 14:26:22.850,320,1564.027
2026-07-27 14:26:22.850,319,1559.14
2026-07-27 14:26:22.850,320,1564.027
2026-07-27 14:26:22.850,321,1568.915
2026-07-27 14:26:22.851,321,1568.915
2026-07-27 14:26:22.851,320,1564.027
2026-07-27 14:26:22.851,321,1568.915
2026-07-27 14:26:22.851,321,1568.915
2026-07-27 14:26:22.881,322,1573.803
2026-07-27 14:26:22.881,323,1578.69
2026-07-27 14:26:22.881,325,1588.465
2026-07-27 14:26:22.882,325,1588.465
2026-07-27 14:26:22.882,327,1598.24
2026-07-27 14:26:22.882,328,1603.128
2026-07-27 14:26:22.911,327,1598.24
2026-07-27 14:26:22.912,327,1598.24
2026-07-27 14:26:22.912,328,1603.128
2026-07-27 14:26:22.912,328,1603.128
2026-07-27 14:26:22.912,328,1603.128
2026-07-27 14:26:22.918,327,1598.24
2026-07-27 14:26:22.919,328,1603.128
2026-07-27 14:26:22.958,330,1612.903
2026-07-27 14:26:22.958,332,1622.678
2026-07-27 14:26:22.958,330,1612.903
2026-07-27 14:26:22.958,329,1608.016
2026-07-27 14:26:22.958,330,1612.903
2026-07-27 14:26:22.959,332,1622.678
2026-07-27 14:26:22.959,332,1622.678
2026-07-27 14:26:22.960,331,1617.791
2026-07-27 14:26:22.989,331,1617.791
2026-07-27 14:26:22.989,329,1608.016
2026-07-27 14:26:22.989,330,1612.903
2026-07-27 14:26:22.990,334,1632.454
2026-07-27 14:26:22.990,335,1637.341
2026-07-27 14:26:22.991,334,1632.454
2026-07-27 14:26:23.021,335,1637.341
2026-07-27 14:26:23.021,337,1647.116
2026-07-27 14:26:23.021,340,1661.779
2026-07-27 14:26:23.021,341,1666.667
2026-07-27 14:26:23.021,340,1661.779
2026-07-27 14:26:23.023,339,1656.891
2026-07-27 14:26:23.054,340,1661.779
2026-07-27 14:26:23.055,341,1666.667
2026-07-27 14:26:23.055,336,1642.229
2026-07-27 14:26:23.055,331,1617.791
2026-07-27 14:26:23.055,332,1622.678
2026-07-27 14:26:23.056,332,1622.678
2026-07-27 14:26:23.059,328,1603.128
2026-07-27 14:26:23.099,327,1598.24
2026-07-27 14:26:23.099,329,1608.016
2026-07-27 14:26:23.100,331,1617.791
2026-07-27 14:26:23.100,329,1608.016
2026-07-27 14:26:23.100,329,1608.016
2026-07-27 14:26:23.100,332,1622.678
2026-07-27 14:26:23.100,341,1666.667
2026-07-27 14:26:23.101,352,1720.43
2026-07-27 14:26:23.131,369,1803.519
2026-07-27 14:26:23.131,411,2008.798
2026-07-27 14:26:23.131,472,2306.94
2026-07-27 14:26:23.131,509,2487.781
2026-07-27 14:26:23.134,421,2057.674
2026-07-27 14:26:23.134,280,1368.524
2026-07-27 14:26:23.137,195,953.079
2026-07-27 14:26:23.179,203,992.18
2026-07-27 14:26:23.179,269,1314.761
2026-07-27 14:26:23.179,318,1554.252
2026-07-27 14:26:23.179,341,1666.667
2026-07-27 14:26:23.179,353,1725.318
2026-07-27 14:26:23.180,355,1735.093
2026-07-27 14:26:23.180,351,1715.543
2026-07-27 14:26:23.180,347,1695.992
2026-07-27 14:26:23.184,350,1710.655
2026-07-27 14:26:23.225,353,1725.318
2026-07-27 14:26:23.225,355,1735.093
2026-07-27 14:26:23.225,354,1730.205
2026-07-27 14:26:23.225,354,1730.205
2026-07-27 14:26:23.226,354,1730.205
2026-07-27 14:26:23.226,357,1744.868
2026-07-27 14:26:23.226,358,1749.756
2026-07-27 14:26:23.226,358,1749.756
2026-07-27 14:26:23.256,359,1754.643
2026-07-27 14:26:23.256,360,1759.531
2026-07-27 14:26:23.256,362,1769.306
2026-07-27 14:26:23.256,363,1774.194
2026-07-27 14:26:23.256,362,1769.306
2026-07-27 14:26:23.257,362,1769.306
2026-07-27 14:26:23.286,365,1783.969
2026-07-27 14:26:23.286,369,1803.519
2026-07-27 14:26:23.287,372,1818.182
2026-07-27 14:26:23.287,375,1832.845
2026-07-27 14:26:23.287,379,1852.395
2026-07-27 14:26:23.288,383,1871.945
2026-07-27 14:26:23.319,388,1896.383
2026-07-27 14:26:23.319,394,1925.709
2026-07-27 14:26:23.319,401,1959.922
2026-07-27 14:26:23.319,409,1999.022
2026-07-27 14:26:23.319,416,2033.236
2026-07-27 14:26:23.326,423,2067.449
2026-07-27 14:26:23.326,428,2091.887
2026-07-27 14:26:23.329,432,2111.437
2026-07-27 14:26:23.363,434,2121.212
2026-07-27 14:26:23.363,434,2121.212
2026-07-27 14:26:23.363,431,2106.549
2026-07-27 14:26:23.364,421,2057.674
2026-07-27 14:26:23.364,407,1989.247
2026-07-27 14:26:23.364,389,1901.271
2026-07-27 14:26:23.367,370,1808.407
2026-07-27 14:26:23.394,352,1720.43
2026-07-27 14:26:23.394,338,1652.004
2026-07-27 14:26:23.394,327,1598.24
2026-07-27 14:26:23.395,319,1559.14
2026-07-27 14:26:23.395,312,1524.927
2026-07-27 14:26:23.398,309,1510.264
2026-07-27 14:26:23.426,306,1495.601
2026-07-27 14:26:23.426,305,1490.714
2026-07-27 14:26:23.427,303,1480.938
2026-07-27 14:26:23.427,301,1471.163
2026-07-27 14:26:23.427,300,1466.276
2026-07-27 14:26:23.428,301,1471.163
2026-07-27 14:26:23.457,304,1485.826
2026-07-27 14:26:23.457,302,1476.051
2026-07-27 14:26:23.457,300,1466.276
2026-07-27 14:26:23.457,301,1471.163
2026-07-27 14:26:23.458,302,1476.051
2026-07-27 14:26:23.459,304,1485.826
2026-07-27 14:26:23.488,306,1495.601
2026-07-27 14:26:23.488,307,1500.489
2026-07-27 14:26:23.488,306,1495.601
2026-07-27 14:26:23.489,306,1495.601
2026-07-27 14:26:23.489,305,1490.714
2026-07-27 14:26:23.491,306,1495.601
2026-07-27 14:26:23.519,307,1500.489
2026-07-27 14:26:23.520,308,1505.376
2026-07-27 14:26:23.520,308,1505.376
2026-07-27 14:26:23.520,308,1505.376
2026-07-27 14:26:23.520,309,1510.264
2026-07-27 14:26:23.522,309,1510.264
2026-07-27 14:26:23.550,309,1510.264
2026-07-27 14:26:23.550,311,1520.039
2026-07-27 14:26:23.550,313,1529.814
2026-07-27 14:26:23.550,313,1529.814
2026-07-27 14:26:23.550,312,1524.927
2026-07-27 14:26:23.582,312,1524.927
2026-07-27 14:26:23.582,313,1529.814
2026-07-27 14:26:23.582,312,1524.927
2026-07-27 14:26:23.582,313,1529.814
2026-07-27 14:26:23.583,313,1529.814
2026-07-27 14:26:23.583,312,1524.927
2026-07-27 14:26:23.584,313,1529.814
2026-07-27 14:26:23.614,314,1534.702
2026-07-27 14:26:23.614,315,1539.589
2026-07-27 14:26:23.614,315,1539.589
2026-07-27 14:26:23.614,315,1539.589
2026-07-27 14:26:23.614,316,1544.477
2026-07-27 14:26:23.615,316,1544.477
2026-07-27 14:26:23.646,318,1554.252
2026-07-27 14:26:23.646,317,1549.365
2026-07-27 14:26:23.646,316,1544.477
2026-07-27 14:26:23.646,316,1544.477
2026-07-27 14:26:23.646,320,1564.027
2026-07-27 14:26:23.652,321,1568.915
2026-07-27 14:26:23.652,320,1564.027
2026-07-27 14:26:23.693,318,1554.252
2026-07-27 14:26:23.694,318,1554.252
2026-07-27 14:26:23.694,321,1568.915
2026-07-27 14:26:23.694,320,1564.027
2026-07-27 14:26:23.694,318,1554.252
2026-07-27 14:26:23.694,318,1554.252
2026-07-27 14:26:23.694,318,1554.252
2026-07-27 14:26:23.695,319,1559.14
2026-07-27 14:26:23.699,322,1573.803
2026-07-27 14:26:23.741,324,1583.578
2026-07-27 14:26:23.741,323,1578.69
2026-07-27 14:26:23.741,322,1573.803
2026-07-27 14:26:23.741,322,1573.803
2026-07-27 14:26:23.741,324,1583.578
2026-07-27 14:26:23.741,324,1583.578
2026-07-27 14:26:23.741,321,1568.915
2026-07-27 14:26:23.741,322,1573.803
2026-07-27 14:26:23.771,325,1588.465
2026-07-27 14:26:23.771,327,1598.24
2026-07-27 14:26:23.771,326,1593.353
2026-07-27 14:26:23.771,326,1593.353
2026-07-27 14:26:23.772,327,1598.24
2026-07-27 14:26:23.772,329,1608.016
2026-07-27 14:26:23.801,334,1632.454
2026-07-27 14:26:23.802,336,1642.229
2026-07-27 14:26:23.802,338,1652.004
2026-07-27 14:26:23.802,338,1652.004
2026-07-27 14:26:23.802,334,1632.454
2026-07-27 14:26:23.803,331,1617.791
2026-07-27 14:26:23.833,331,1617.791
2026-07-27 14:26:23.834,331,1617.791
2026-07-27 14:26:23.835,329,1608.016
2026-07-27 14:26:23.835,325,1588.465
2026-07-27 14:26:23.835,324,1583.578
2026-07-27 14:26:23.837,323,1578.69
2026-07-27 14:26:23.839,325,1588.465
2026-07-27 14:26:23.878,325,1588.465
2026-07-27 14:26:23.879,328,1603.128
2026-07-27 14:26:23.879,331,1617.791
2026-07-27 14:26:23.879,332,1622.678
2026-07-27 14:26:23.879,341,1666.667
2026-07-27 14:26:23.879,359,1754.643
2026-07-27 14:26:23.880,397,1940.371
2026-07-27 14:26:23.881,460,2248.289
2026-07-27 14:26:23.909,519,2536.657
2026-07-27 14:26:23.910,473,2311.828
2026-07-27 14:26:23.910,318,1554.252
2026-07-27 14:26:23.910,204,997.067
2026-07-27 14:26:23.910,178,869.99
2026-07-27 14:26:23.912,242,1182.796
2026-07-27 14:26:23.941,299,1461.388
2026-07-27 14:26:23.941,325,1588.465
2026-07-27 14:26:23.941,341,1666.667
2026-07-27 14:26:23.941,349,1705.767
2026-07-27 14:26:23.941,347,1695.992
2026-07-27 14:26:23.943,342,1671.554
2026-07-27 14:26:23.972,341,1666.667
2026-07-27 14:26:23.972,344,1681.329
2026-07-27 14:26:23.973,345,1686.217
2026-07-27 14:26:23.973,345,1686.217
2026-07-27 14:26:23.973,345,1686.217
2026-07-27 14:26:23.974,347,1695.992
2026-07-27 14:26:24.004,348,1700.88
2026-07-27 14:26:24.004,348,1700.88
2026-07-27 14:26:24.004,351,1715.543
2026-07-27 14:26:24.004,352,1720.43
2026-07-27 14:26:24.004,353,1725.318
2026-07-27 14:26:24.007,355,1735.093
2026-07-27 14:26:24.011,357,1744.868
2026-07-27 14:26:24.051,358,1749.756
2026-07-27 14:26:24.051,359,1754.643
2026-07-27 14:26:24.051,362,1769.306
2026-07-27 14:26:24.051,365,1783.969
2026-07-27 14:26:24.051,368,1798.631
2026-07-27 14:26:24.052,373,1823.069
2026-07-27 14:26:24.052,378,1847.507
2026-07-27 14:26:24.053,384,1876.833
2026-07-27 14:26:24.083,389,1901.271
2026-07-27 14:26:24.083,396,1935.484
2026-07-27 14:26:24.083,404,1974.585
2026-07-27 14:26:24.083,412,2013.685
2026-07-27 14:26:24.083,421,2057.674
2026-07-27 14:26:24.084,430,2101.662
2026-07-27 14:26:24.114,436,2130.987
2026-07-27 14:26:24.114,439,2145.65
2026-07-27 14:26:24.114,441,2155.425
2026-07-27 14:26:24.115,442,2160.313
2026-07-27 14:26:24.115,436,2130.987
2026-07-27 14:26:24.115,425,2077.224
2026-07-27 14:26:24.144,410,2003.91
2026-07-27 14:26:24.144,391,1911.046
2026-07-27 14:26:24.144,370,1808.407
2026-07-27 14:26:24.145,351,1715.543
2026-07-27 14:26:24.145,333,1627.566
2026-07-27 14:26:24.146,320,1564.027
2026-07-27 14:26:24.175,309,1510.264
2026-07-27 14:26:24.176,301,1471.163
2026-07-27 14:26:24.176,296,1446.725
2026-07-27 14:26:24.179,292,1427.175
2026-07-27 14:26:24.179,289,1412.512
2026-07-27 14:26:24.179,290,1417.4
2026-07-27 14:26:24.182,290,1417.4
2026-07-27 14:26:24.222,288,1407.625
2026-07-27 14:26:24.222,289,1412.512
2026-07-27 14:26:24.222,291,1422.287
2026-07-27 14:26:24.223,292,1427.175
2026-07-27 14:26:24.223,292,1427.175
2026-07-27 14:26:24.223,294,1436.95
2026-07-27 14:26:24.223,297,1451.613
2026-07-27 14:26:24.224,298,1456.5
2026-07-27 14:26:24.253,298,1456.5
2026-07-27 14:26:24.253,299,1461.388
2026-07-27 14:26:24.253,300,1466.276
2026-07-27 14:26:24.254,303,1480.938
2026-07-27 14:26:24.254,302,1476.051
2026-07-27 14:26:24.255,304,1485.826
2026-07-27 14:26:24.284,305,1490.714
2026-07-27 14:26:24.284,307,1500.489
2026-07-27 14:26:24.284,307,1500.489
2026-07-27 14:26:24.285,307,1500.489
2026-07-27 14:26:24.285,308,1505.376
2026-07-27 14:26:24.286,308,1505.376
2026-07-27 14:26:24.315,308,1505.376
2026-07-27 14:26:24.315,309,1510.264
2026-07-27 14:26:24.315,310,1515.152
2026-07-27 14:26:24.316,311,1520.039
2026-07-27 14:26:24.316,311,1520.039
2026-07-27 14:26:24.318,311,1520.039
2026-07-27 14:26:24.346,313,1529.814
2026-07-27 14:26:24.346,314,1534.702
2026-07-27 14:26:24.346,314,1534.702
2026-07-27 14:26:24.346,313,1529.814
2026-07-27 14:26:24.346,313,1529.814
2026-07-27 14:26:24.349,312,1524.927
2026-07-27 14:26:24.377,311,1520.039
2026-07-27 14:26:24.377,311,1520.039
2026-07-27 14:26:24.377,311,1520.039
2026-07-27 14:26:24.377,311,1520.039
2026-07-27 14:26:24.378,310,1515.152
2026-07-27 14:26:24.381,309,1510.264
2026-07-27 14:26:24.423,309,1510.264
2026-07-27 14:26:24.423,310,1515.152
2026-07-27 14:26:24.423,310,1515.152
2026-07-27 14:26:24.424,310,1515.152
2026-07-27 14:26:24.424,308,1505.376
2026-07-27 14:26:24.424,310,1515.152
2026-07-27 14:26:24.424,310,1515.152
2026-07-27 14:26:24.424,309,1510.264
2026-07-27 14:26:24.427,309,1510.264
2026-07-27 14:26:24.469,312,1524.927
2026-07-27 14:26:24.469,313,1529.814
2026-07-27 14:26:24.470,312,1524.927
2026-07-27 14:26:24.470,311,1520.039
2026-07-27 14:26:24.470,312,1524.927
2026-07-27 14:26:24.470,313,1529.814
2026-07-27 14:26:24.470,313,1529.814
2026-07-27 14:26:24.471,315,1539.589
2026-07-27 14:26:24.474,314,1534.702
2026-07-27 14:26:24.515,313,1529.814
2026-07-27 14:26:24.515,314,1534.702
2026-07-27 14:26:24.516,314,1534.702
2026-07-27 14:26:24.516,313,1529.814
2026-07-27 14:26:24.516,313,1529.814
2026-07-27 14:26:24.516,313,1529.814
2026-07-27 14:26:24.516,314,1534.702
2026-07-27 14:26:24.517,313,1529.814
2026-07-27 14:26:24.520,313,1529.814
2026-07-27 14:26:24.561,315,1539.589
2026-07-27 14:26:24.561,318,1554.252
2026-07-27 14:26:24.561,318,1554.252
2026-07-27 14:26:24.561,318,1554.252
2026-07-27 14:26:24.562,320,1564.027
2026-07-27 14:26:24.562,321,1568.915
2026-07-27 14:26:24.562,321,1568.915
2026-07-27 14:26:24.562,320,1564.027
2026-07-27 14:26:24.607,318,1554.252
2026-07-27 14:26:24.607,314,1534.702
2026-07-27 14:26:24.607,311,1520.039
2026-07-27 14:26:24.608,309,1510.264
2026-07-27 14:26:24.608,306,1495.601
2026-07-27 14:26:24.608,306,1495.601
2026-07-27 14:26:24.608,307,1500.489
2026-07-27 14:26:24.608,309,1510.264
2026-07-27 14:26:24.609,310,1515.152
2026-07-27 14:26:24.654,311,1520.039
2026-07-27 14:26:24.654,314,1534.702
2026-07-27 14:26:24.654,321,1568.915
2026-07-27 14:26:24.655,331,1617.791
2026-07-27 14:26:24.655,348,1700.88
2026-07-27 14:26:24.655,386,1886.608
2026-07-27 14:26:24.655,443,2165.2
2026-07-27 14:26:24.655,503,2458.456
2026-07-27 14:26:24.658,475,2321.603
2026-07-27 14:26:24.661,310,1515.152
2026-07-27 14:26:24.701,169,826.002
2026-07-27 14:26:24.701,158,772.239
2026-07-27 14:26:24.701,238,1163.245
2026-07-27 14:26:24.701,292,1427.175
2026-07-27 14:26:24.705,305,1490.714
2026-07-27 14:26:24.705,316,1544.477
2026-07-27 14:26:24.705,332,1622.678
2026-07-27 14:26:24.705,337,1647.116
2026-07-27 14:26:24.708,333,1627.566
2026-07-27 14:26:24.748,330,1612.903
2026-07-27 14:26:24.748,331,1617.791
2026-07-27 14:26:24.748,334,1632.454
2026-07-27 14:26:24.748,336,1642.229
2026-07-27 14:26:24.748,336,1642.229
2026-07-27 14:26:24.749,337,1647.116
2026-07-27 14:26:24.749,337,1647.116
2026-07-27 14:26:24.750,338,1652.004
2026-07-27 14:26:24.755,339,1656.891
2026-07-27 14:26:24.794,340,1661.779
2026-07-27 14:26:24.794,342,1671.554
2026-07-27 14:26:24.795,344,1681.329
2026-07-27 14:26:24.795,346,1691.105
2026-07-27 14:26:24.795,347,1695.992
2026-07-27 14:26:24.795,349,1705.767
2026-07-27 14:26:24.795,351,1715.543
2026-07-27 14:26:24.796,351,1715.543
2026-07-27 14:26:24.841,353,1725.318
2026-07-27 14:26:24.841,358,1749.756
2026-07-27 14:26:24.841,363,1774.194
2026-07-27 14:26:24.841,367,1793.744
2026-07-27 14:26:24.842,371,1813.294
2026-07-27 14:26:24.842,378,1847.507
2026-07-27 14:26:24.842,385,1881.72
2026-07-27 14:26:24.842,393,1920.821
2026-07-27 14:26:24.845,401,1959.922
2026-07-27 14:26:24.848,406,1984.36
2026-07-27 14:26:24.888,411,2008.798
2026-07-27 14:26:24.889,414,2023.46
2026-07-27 14:26:24.889,416,2033.236
2026-07-27 14:26:24.889,416,2033.236
2026-07-27 14:26:24.889,410,2003.91
2026-07-27 14:26:24.889,401,1959.922
2026-07-27 14:26:24.889,388,1896.383
2026-07-27 14:26:24.890,371,1813.294
2026-07-27 14:26:24.936,353,1725.318
2026-07-27 14:26:24.936,337,1647.116
2026-07-27 14:26:24.936,323,1578.69
2026-07-27 14:26:24.937,313,1529.814
2026-07-27 14:26:24.937,304,1485.826
2026-07-27 14:26:24.937,298,1456.5
2026-07-27 14:26:24.937,295,1441.838
2026-07-27 14:26:24.937,292,1427.175
2026-07-27 14:26:24.938,290,1417.4
2026-07-27 14:26:24.942,290,1417.4
2026-07-27 14:26:24.982,289,1412.512
2026-07-27 14:26:24.982,289,1412.512
2026-07-27 14:26:24.982,290,1417.4
2026-07-27 14:26:24.982,291,1422.287
2026-07-27 14:26:24.983,292,1427.175
2026-07-27 14:26:24.983,294,1436.95
2026-07-27 14:26:24.983,294,1436.95
2026-07-27 14:26:24.983,296,1446.725
2026-07-27 14:26:25.029,296,1446.725
2026-07-27 14:26:25.029,297,1451.613
2026-07-27 14:26:25.029,298,1456.5
2026-07-27 14:26:25.029,299,1461.388
2026-07-27 14:26:25.030,300,1466.276
2026-07-27 14:26:25.030,303,1480.938
2026-07-27 14:26:25.030,303,1480.938
2026-07-27 14:26:25.030,302,1476.051
2026-07-27 14:26:25.030,302,1476.051
2026-07-27 14:26:25.076,303,1480.938
2026-07-27 14:26:25.076,304,1485.826
2026-07-27 14:26:25.076,305,1490.714
2026-07-27 14:26:25.076,307,1500.489
2026-07-27 14:26:25.076,308,1505.376
2026-07-27 14:26:25.076,308,1505.376
2026-07-27 14:26:25.076,308,1505.376
2026-07-27 14:26:25.076,310,1515.152
2026-07-27 14:26:25.077,310,1515.152
2026-07-27 14:26:25.123,311,1520.039
2026-07-27 14:26:25.123,312,1524.927
2026-07-27 14:26:25.123,312,1524.927
2026-07-27 14:26:25.124,313,1529.814
2026-07-27 14:26:25.124,313,1529.814
2026-07-27 14:26:25.124,313,1529.814
2026-07-27 14:26:25.124,313,1529.814
2026-07-27 14:26:25.124,312,1524.927
2026-07-27 14:26:25.124,312,1524.927
2026-07-27 14:26:25.171,312,1524.927
2026-07-27 14:26:25.171,314,1534.702
2026-07-27 14:26:25.171,314,1534.702
2026-07-27 14:26:25.172,315,1539.589
2026-07-27 14:26:25.172,315,1539.589
2026-07-27 14:26:25.172,316,1544.477
2026-07-27 14:26:25.172,318,1554.252
2026-07-27 14:26:25.172,318,1554.252
2026-07-27 14:26:25.175,318,1554.252
2026-07-27 14:26:25.176,317,1549.365
2026-07-27 14:26:25.218,317,1549.365
2026-07-27 14:26:25.218,318,1554.252
2026-07-27 14:26:25.218,317,1549.365
2026-07-27 14:26:25.218,317,1549.365
2026-07-27 14:26:25.219,319,1559.14
2026-07-27 14:26:25.222,322,1573.803
2026-07-27 14:26:25.222,323,1578.69
2026-07-27 14:26:25.222,322,1573.803
2026-07-27 14:26:25.223,322,1573.803
2026-07-27 14:26:25.264,324,1583.578
2026-07-27 14:26:25.265,323,1578.69
2026-07-27 14:26:25.265,322,1573.803
2026-07-27 14:26:25.265,321,1568.915
2026-07-27 14:26:25.265,322,1573.803
2026-07-27 14:26:25.265,324,1583.578
2026-07-27 14:26:25.265,327,1598.24
2026-07-27 14:26:25.269,326,1593.353
2026-07-27 14:26:25.271,324,1583.578
2026-07-27 14:26:25.275,324,1583.578
2026-07-27 14:26:25.309,326,1593.353
2026-07-27 14:26:25.310,329,1608.016
2026-07-27 14:26:25.310,332,1622.678
2026-07-27 14:26:25.310,335,1637.341
2026-07-27 14:26:25.310,336,1642.229
2026-07-27 14:26:25.310,335,1637.341
2026-07-27 14:26:25.311,333,1627.566
2026-07-27 14:26:25.357,332,1622.678
2026-07-27 14:26:25.357,331,1617.791
2026-07-27 14:26:25.357,329,1608.016
2026-07-27 14:26:25.357,326,1593.353
2026-07-27 14:26:25.357,323,1578.69
2026-07-27 14:26:25.357,323,1578.69
2026-07-27 14:26:25.358,323,1578.69
2026-07-27 14:26:25.358,323,1578.69
2026-07-27 14:26:25.358,323,1578.69
2026-07-27 14:26:25.403,325,1588.465
2026-07-27 14:26:25.403,328,1603.128
2026-07-27 14:26:25.403,331,1617.791
2026-07-27 14:26:25.404,342,1671.554
2026-07-27 14:26:25.404,359,1754.643
2026-07-27 14:26:25.404,401,1959.922
2026-07-27 14:26:25.404,464,2267.84
2026-07-27 14:26:25.404,521,2546.432
2026-07-27 14:26:25.405,461,2253.177
2026-07-27 14:26:25.451,306,1495.601
2026-07-27 14:26:25.451,196,957.967
2026-07-27 14:26:25.451,189,923.754
2026-07-27 14:26:25.451,259,1265.885
2026-07-27 14:26:25.452,313,1529.814
2026-07-27 14:26:25.452,333,1627.566
2026-07-27 14:26:25.452,345,1686.217
2026-07-27 14:26:25.452,351,1715.543
2026-07-27 14:26:25.453,348,1700.88
2026-07-27 14:26:25.456,343,1676.442
2026-07-27 14:26:25.498,341,1666.667
2026-07-27 14:26:25.498,343,1676.442
2026-07-27 14:26:25.498,346,1691.105
2026-07-27 14:26:25.499,349,1705.767
2026-07-27 14:26:25.499,350,1710.655
2026-07-27 14:26:25.499,350,1710.655
2026-07-27 14:26:25.499,350,1710.655
2026-07-27 14:26:25.499,350,1710.655
2026-07-27 14:26:25.544,352,1720.43
2026-07-27 14:26:25.544,351,1715.543
2026-07-27 14:26:25.544,352,1720.43
2026-07-27 14:26:25.544,352,1720.43
2026-07-27 14:26:25.544,354,1730.205
2026-07-27 14:26:25.545,355,1735.093
2026-07-27 14:26:25.545,356,1739.98
2026-07-27 14:26:25.545,359,1754.643
2026-07-27 14:26:25.545,363,1774.194
2026-07-27 14:26:25.590,366,1788.856
2026-07-27 14:26:25.591,366,1788.856
2026-07-27 14:26:25.591,370,1808.407
2026-07-27 14:26:25.591,375,1832.845
2026-07-27 14:26:25.591,381,1862.17
2026-07-27 14:26:25.591,388,1896.383
2026-07-27 14:26:25.591,394,1925.709
2026-07-27 14:26:25.591,401,1959.922
2026-07-27 14:26:25.594,409,1999.022
2026-07-27 14:26:25.597,417,2038.123
2026-07-27 14:26:25.637,422,2062.561
2026-07-27 14:26:25.638,425,2077.224
2026-07-27 14:26:25.638,427,2086.999
2026-07-27 14:26:25.638,428,2091.887
2026-07-27 14:26:25.638,423,2067.449
2026-07-27 14:26:25.638,414,2023.46
2026-07-27 14:26:25.638,400,1955.034
2026-07-27 14:26:25.639,380,1857.283
2026-07-27 14:26:25.685,360,1759.531
2026-07-27 14:26:25.685,343,1676.442
2026-07-27 14:26:25.685,330,1612.903
2026-07-27 14:26:25.685,318,1554.252
2026-07-27 14:26:25.686,310,1515.152
2026-07-27 14:26:25.686,304,1485.826
2026-07-27 14:26:25.686,299,1461.388
2026-07-27 14:26:25.686,298,1456.5
2026-07-27 14:26:25.688,295,1441.838
2026-07-27 14:26:25.691,295,1441.838
2026-07-27 14:26:25.732,295,1441.838
2026-07-27 14:26:25.732,296,1446.725
2026-07-27 14:26:25.732,297,1451.613
2026-07-27 14:26:25.732,299,1461.388
2026-07-27 14:26:25.732,298,1456.5
2026-07-27 14:26:25.733,297,1451.613
2026-07-27 14:26:25.736,298,1456.5
2026-07-27 14:26:25.736,299,1461.388
2026-07-27 14:26:25.737,300,1466.276
2026-07-27 14:26:25.779,301,1471.163
2026-07-27 14:26:25.779,302,1476.051
2026-07-27 14:26:25.779,303,1480.938
2026-07-27 14:26:25.779,304,1485.826
2026-07-27 14:26:25.779,306,1495.601
2026-07-27 14:26:25.780,306,1495.601
2026-07-27 14:26:25.780,305,1490.714
2026-07-27 14:26:25.780,306,1495.601
2026-07-27 14:26:25.825,308,1505.376
2026-07-27 14:26:25.825,308,1505.376
2026-07-27 14:26:25.825,308,1505.376
2026-07-27 14:26:25.825,307,1500.489
2026-07-27 14:26:25.825,307,1500.489
2026-07-27 14:26:25.826,308,1505.376
2026-07-27 14:26:25.826,309,1510.264
2026-07-27 14:26:25.826,310,1515.152
2026-07-27 14:26:25.836,309,1510.264
2026-07-27 14:26:25.837,308,1505.376
2026-07-27 14:26:25.837,309,1510.264
2026-07-27 14:26:25.871,309,1510.264
2026-07-27 14:26:25.871,309,1510.264
2026-07-27 14:26:25.872,309,1510.264
2026-07-27 14:26:25.872,310,1515.152
2026-07-27 14:26:25.872,311,1520.039
2026-07-27 14:26:25.872,311,1520.039
2026-07-27 14:26:25.915,311,1520.039
2026-07-27 14:26:25.915,312,1524.927
2026-07-27 14:26:25.915,312,1524.927
2026-07-27 14:26:25.915,313,1529.814
2026-07-27 14:26:25.916,314,1534.702
2026-07-27 14:26:25.916,314,1534.702
2026-07-27 14:26:25.916,313,1529.814
2026-07-27 14:26:25.916,314,1534.702
2026-07-27 14:26:25.916,315,1539.589
2026-07-27 14:26:25.919,316,1544.477
2026-07-27 14:26:25.964,315,1539.589
2026-07-27 14:26:25.964,315,1539.589
2026-07-27 14:26:25.964,318,1554.252
2026-07-27 14:26:25.965,319,1559.14
2026-07-27 14:26:25.965,321,1568.915
2026-07-27 14:26:25.965,320,1564.027
2026-07-27 14:26:25.965,320,1564.027
2026-07-27 14:26:25.965,320,1564.027
2026-07-27 14:26:25.966,319,1559.14
2026-07-27 14:26:26.011,317,1549.365
2026-07-27 14:26:26.011,317,1549.365
2026-07-27 14:26:26.011,317,1549.365
2026-07-27 14:26:26.011,319,1559.14
2026-07-27 14:26:26.012,320,1564.027
2026-07-27 14:26:26.012,319,1559.14
2026-07-27 14:26:26.012,317,1549.365
2026-07-27 14:26:26.012,320,1564.027
2026-07-27 14:26:26.013,321,1568.915
2026-07-27 14:26:26.058,321,1568.915
2026-07-27 14:26:26.058,320,1564.027
2026-07-27 14:26:26.058,323,1578.69
2026-07-27 14:26:26.058,325,1588.465
2026-07-27 14:26:26.058,325,1588.465
2026-07-27 14:26:26.058,327,1598.24
2026-07-27 14:26:26.059,329,1608.016
2026-07-27 14:26:26.059,330,1612.903
2026-07-27 14:26:26.060,330,1612.903
2026-07-27 14:26:26.105,328,1603.128
2026-07-27 14:26:26.105,324,1583.578
2026-07-27 14:26:26.105,324,1583.578
2026-07-27 14:26:26.105,324,1583.578
2026-07-27 14:26:26.106,321,1568.915
2026-07-27 14:26:26.106,318,1554.252
2026-07-27 14:26:26.106,317,1549.365
2026-07-27 14:26:26.106,320,1564.027
2026-07-27 14:26:26.107,321,1568.915
2026-07-27 14:26:26.151,322,1573.803
2026-07-27 14:26:26.151,324,1583.578
2026-07-27 14:26:26.152,326,1593.353
2026-07-27 14:26:26.152,332,1622.678
2026-07-27 14:26:26.152,344,1681.329
2026-07-27 14:26:26.152,377,1842.62
2026-07-27 14:26:26.152,435,2126.1
2026-07-27 14:26:26.152,502,2453.568
2026-07-27 14:26:26.154,505,2468.231
2026-07-27 14:26:26.197,368,1798.631
2026-07-27 14:26:26.197,228,1114.37
2026-07-27 14:26:26.198,167,816.227
2026-07-27 14:26:26.198,221,1080.156
2026-07-27 14:26:26.198,288,1407.625
2026-07-27 14:26:26.198,316,1544.477
2026-07-27 14:26:26.199,329,1608.016
2026-07-27 14:26:26.200,341,1666.667
2026-07-27 14:26:26.244,341,1666.667
2026-07-27 14:26:26.245,336,1642.229
2026-07-27 14:26:26.245,332,1622.678
2026-07-27 14:26:26.245,333,1627.566
2026-07-27 14:26:26.245,336,1642.229
2026-07-27 14:26:26.245,337,1647.116
2026-07-27 14:26:26.245,337,1647.116
2026-07-27 14:26:26.245,338,1652.004
2026-07-27 14:26:26.246,339,1656.891
2026-07-27 14:26:26.249,340,1661.779
2026-07-27 14:26:26.252,342,1671.554
2026-07-27 14:26:26.291,342,1671.554
2026-07-27 14:26:26.291,342,1671.554
2026-07-27 14:26:26.291,345,1686.217
2026-07-27 14:26:26.292,347,1695.992
2026-07-27 14:26:26.292,348,1700.88
2026-07-27 14:26:26.292,351,1715.543
2026-07-27 14:26:26.292,354,1730.205
2026-07-27 14:26:26.295,357,1744.868
2026-07-27 14:26:26.336,358,1749.756
2026-07-27 14:26:26.337,361,1764.418
2026-07-27 14:26:26.337,366,1788.856
2026-07-27 14:26:26.337,371,1813.294
2026-07-27 14:26:26.337,376,1837.732
2026-07-27 14:26:26.337,383,1871.945
2026-07-27 14:26:26.337,390,1906.158
2026-07-27 14:26:26.337,398,1945.259
2026-07-27 14:26:26.341,406,1984.36
2026-07-27 14:26:26.383,412,2013.685
2026-07-27 14:26:26.383,418,2043.011
2026-07-27 14:26:26.383,423,2067.449
2026-07-27 14:26:26.384,425,2077.224
2026-07-27 14:26:26.384,426,2082.111
2026-07-27 14:26:26.384,421,2057.674
2026-07-27 14:26:26.384,413,2018.573
2026-07-27 14:26:26.387,399,1950.147
2026-07-27 14:26:26.389,382,1867.058
2026-07-27 14:26:26.401,362,1769.306
2026-07-27 14:26:26.401,342,1671.554
2026-07-27 14:26:26.403,328,1603.128
2026-07-27 14:26:26.446,317,1549.365
2026-07-27 14:26:26.446,310,1515.152
2026-07-27 14:26:26.446,301,1471.163
2026-07-27 14:26:26.446,296,1446.725
2026-07-27 14:26:26.447,292,1427.175
2026-07-27 14:26:26.447,289,1412.512
2026-07-27 14:26:26.447,289,1412.512
2026-07-27 14:26:26.447,290,1417.4
2026-07-27 14:26:26.450,289,1412.512
2026-07-27 14:26:26.494,290,1417.4
2026-07-27 14:26:26.494,290,1417.4
2026-07-27 14:26:26.494,291,1422.287
2026-07-27 14:26:26.494,293,1432.063
2026-07-27 14:26:26.496,292,1427.175
2026-07-27 14:26:26.496,293,1432.063
2026-07-27 14:26:26.496,295,1441.838
2026-07-27 14:26:26.496,298,1456.5
2026-07-27 14:26:26.539,300,1466.276
2026-07-27 14:26:26.540,300,1466.276
2026-07-27 14:26:26.540,299,1461.388
2026-07-27 14:26:26.540,300,1466.276
2026-07-27 14:26:26.540,300,1466.276
2026-07-27 14:26:26.540,302,1476.051
2026-07-27 14:26:26.540,304,1485.826
2026-07-27 14:26:26.540,303,1480.938
2026-07-27 14:26:26.541,303,1480.938
2026-07-27 14:26:26.543,304,1485.826
2026-07-27 14:26:26.586,306,1495.601
2026-07-27 14:26:26.586,306,1495.601
2026-07-27 14:26:26.586,308,1505.376
2026-07-27 14:26:26.587,307,1500.489
2026-07-27 14:26:26.587,307,1500.489
2026-07-27 14:26:26.587,309,1510.264
2026-07-27 14:26:26.587,311,1520.039
2026-07-27 14:26:26.587,311,1520.039
2026-07-27 14:26:26.590,310,1515.152
2026-07-27 14:26:26.632,310,1515.152
2026-07-27 14:26:26.632,311,1520.039
2026-07-27 14:26:26.632,313,1529.814
2026-07-27 14:26:26.632,315,1539.589
2026-07-27 14:26:26.632,316,1544.477
2026-07-27 14:26:26.632,316,1544.477
2026-07-27 14:26:26.632,317,1549.365
2026-07-27 14:26:26.633,318,1554.252
2026-07-27 14:26:26.662,318,1554.252
2026-07-27 14:26:26.663,317,1549.365
2026-07-27 14:26:26.663,317,1549.365
2026-07-27 14:26:26.663,317,1549.365
2026-07-27 14:26:26.663,317,1549.365
2026-07-27 14:26:26.663,317,1549.365
2026-07-27 14:26:26.693,320,1564.027
2026-07-27 14:26:26.693,321,1568.915
2026-07-27 14:26:26.693,321,1568.915
2026-07-27 14:26:26.693,322,1573.803
2026-07-27 14:26:26.694,322,1573.803
2026-07-27 14:26:26.694,322,1573.803
2026-07-27 14:26:26.740,323,1578.69
2026-07-27 14:26:26.740,323,1578.69
2026-07-27 14:26:26.740,324,1583.578
2026-07-27 14:26:26.740,325,1588.465
2026-07-27 14:26:26.740,326,1593.353
2026-07-27 14:26:26.741,326,1593.353
2026-07-27 14:26:26.741,327,1598.24
2026-07-27 14:26:26.741,328,1603.128
2026-07-27 14:26:26.742,328,1603.128
2026-07-27 14:26:26.771,328,1603.128
2026-07-27 14:26:26.771,330,1612.903
2026-07-27 14:26:26.771,330,1612.903
2026-07-27 14:26:26.771,330,1612.903
2026-07-27 14:26:26.774,330,1612.903
2026-07-27 14:26:26.774,331,1617.791
2026-07-27 14:26:26.778,334,1632.454
2026-07-27 14:26:26.819,337,1647.116
2026-07-27 14:26:26.819,339,1656.891
2026-07-27 14:26:26.820,338,1652.004
2026-07-27 14:26:26.820,338,1652.004
2026-07-27 14:26:26.820,337,1647.116
2026-07-27 14:26:26.820,334,1632.454
2026-07-27 14:26:26.820,334,1632.454
2026-07-27 14:26:26.820,333,1627.566
2026-07-27 14:26:26.824,329,1608.016
2026-07-27 14:26:26.866,326,1593.353
2026-07-27 14:26:26.866,328,1603.128
2026-07-27 14:26:26.866,329,1608.016
2026-07-27 14:26:26.867,330,1612.903
2026-07-27 14:26:26.867,330,1612.903
2026-07-27 14:26:26.867,332,1622.678
2026-07-27 14:26:26.867,333,1627.566
2026-07-27 14:26:26.867,341,1666.667
2026-07-27 14:26:26.871,351,1715.543
2026-07-27 14:26:26.914,376,1837.732
2026-07-27 14:26:26.914,423,2067.449
2026-07-27 14:26:26.914,480,2346.041
2026-07-27 14:26:26.914,516,2521.994
2026-07-27 14:26:26.914,416,2033.236
2026-07-27 14:26:26.915,256,1251.222
2026-07-27 14:26:26.915,170,830.89
2026-07-27 14:26:26.915,210,1026.393
2026-07-27 14:26:26.945,282,1378.299
2026-07-27 14:26:26.945,316,1544.477
2026-07-27 14:26:26.945,328,1603.128
2026-07-27 14:26:26.945,340,1661.779
2026-07-27 14:26:26.945,349,1705.767
2026-07-27 14:26:26.945,347,1695.992
2026-07-27 14:26:26.949,342,1671.554
2026-07-27 14:26:26.992,340,1661.779
2026-07-27 14:26:26.992,342,1671.554
2026-07-27 14:26:26.992,344,1681.329
2026-07-27 14:26:26.992,345,1686.217
2026-07-27 14:26:26.992,346,1691.105
2026-07-27 14:26:26.992,347,1695.992
2026-07-27 14:26:26.993,348,1700.88
2026-07-27 14:26:26.993,348,1700.88
2026-07-27 14:26:26.996,350,1710.655
2026-07-27 14:26:27.038,352,1720.43
2026-07-27 14:26:27.038,352,1720.43
2026-07-27 14:26:27.039,353,1725.318
2026-07-27 14:26:27.039,353,1725.318
2026-07-27 14:26:27.039,354,1730.205
2026-07-27 14:26:27.039,356,1739.98
2026-07-27 14:26:27.039,357,1744.868
2026-07-27 14:26:27.039,359,1754.643
2026-07-27 14:26:27.043,360,1759.531
2026-07-27 14:26:27.086,362,1769.306
2026-07-27 14:26:27.086,367,1793.744
2026-07-27 14:26:27.087,371,1813.294
2026-07-27 14:26:27.087,374,1827.957
2026-07-27 14:26:27.087,381,1862.17
2026-07-27 14:26:27.087,389,1901.271
2026-07-27 14:26:27.088,396,1935.484
2026-07-27 14:26:27.088,402,1964.809
2026-07-27 14:26:27.090,409,1999.022
2026-07-27 14:26:27.132,412,2013.685
2026-07-27 14:26:27.133,415,2028.348
2026-07-27 14:26:27.133,416,2033.236
2026-07-27 14:26:27.133,414,2023.46
2026-07-27 14:26:27.133,408,1994.135
2026-07-27 14:26:27.133,397,1940.371
2026-07-27 14:26:27.133,381,1862.17
2026-07-27 14:26:27.133,364,1779.081
2026-07-27 14:26:27.136,347,1695.992
2026-07-27 14:26:27.179,333,1627.566
2026-07-27 14:26:27.179,322,1573.803
2026-07-27 14:26:27.179,313,1529.814
2026-07-27 14:26:27.179,309,1510.264
2026-07-27 14:26:27.179,304,1485.826
2026-07-27 14:26:27.179,302,1476.051
2026-07-27 14:26:27.179,299,1461.388
2026-07-27 14:26:27.179,298,1456.5
2026-07-27 14:26:27.183,297,1451.613
2026-07-27 14:26:27.225,297,1451.613
2026-07-27 14:26:27.225,298,1456.5
2026-07-27 14:26:27.225,299,1461.388
2026-07-27 14:26:27.225,298,1456.5
2026-07-27 14:26:27.225,299,1461.388
2026-07-27 14:26:27.225,300,1466.276
2026-07-27 14:26:27.225,299,1461.388
2026-07-27 14:26:27.225,298,1456.5
2026-07-27 14:26:27.256,299,1461.388
2026-07-27 14:26:27.256,301,1471.163
2026-07-27 14:26:27.256,302,1476.051
2026-07-27 14:26:27.256,302,1476.051
2026-07-27 14:26:27.257,303,1480.938
2026-07-27 14:26:27.257,305,1490.714
2026-07-27 14:26:27.261,306,1495.601
2026-07-27 14:26:27.304,306,1495.601
2026-07-27 14:26:27.304,307,1500.489
2026-07-27 14:26:27.304,307,1500.489
2026-07-27 14:26:27.304,307,1500.489
2026-07-27 14:26:27.308,308,1505.376
2026-07-27 14:26:27.308,311,1520.039
2026-07-27 14:26:27.308,312,1524.927
2026-07-27 14:26:27.308,313,1529.814
2026-07-27 14:26:27.310,314,1534.702
2026-07-27 14:26:27.350,315,1539.589
2026-07-27 14:26:27.350,315,1539.589
2026-07-27 14:26:27.350,315,1539.589
2026-07-27 14:26:27.350,316,1544.477
2026-07-27 14:26:27.350,316,1544.477
2026-07-27 14:26:27.351,315,1539.589
2026-07-27 14:26:27.351,316,1544.477
2026-07-27 14:26:27.351,317,1549.365
2026-07-27 14:26:27.355,317,1549.365
2026-07-27 14:26:27.396,318,1554.252
2026-07-27 14:26:27.396,316,1544.477
2026-07-27 14:26:27.396,315,1539.589
2026-07-27 14:26:27.396,315,1539.589
2026-07-27 14:26:27.397,317,1549.365
2026-07-27 14:26:27.397,317,1549.365
2026-07-27 14:26:27.397,318,1554.252
2026-07-27 14:26:27.399,317,1549.365
2026-07-27 14:26:27.402,318,1554.252
2026-07-27 14:26:27.443,320,1564.027
2026-07-27 14:26:27.443,320,1564.027
2026-07-27 14:26:27.444,319,1559.14
2026-07-27 14:26:27.444,320,1564.027
2026-07-27 14:26:27.444,321,1568.915
2026-07-27 14:26:27.444,322,1573.803
2026-07-27 14:26:27.444,321,1568.915
2026-07-27 14:26:27.447,321,1568.915
2026-07-27 14:26:27.448,321,1568.915
2026-07-27 14:26:27.489,322,1573.803
2026-07-27 14:26:27.489,322,1573.803
2026-07-27 14:26:27.490,322,1573.803
2026-07-27 14:26:27.490,323,1578.69
2026-07-27 14:26:27.490,324,1583.578
2026-07-27 14:26:27.490,324,1583.578
2026-07-27 14:26:27.490,323,1578.69
2026-07-27 14:26:27.490,326,1593.353
2026-07-27 14:26:27.521,327,1598.24
2026-07-27 14:26:27.521,328,1603.128
2026-07-27 14:26:27.521,329,1608.016
2026-07-27 14:26:27.521,328,1603.128
2026-07-27 14:26:27.521,330,1612.903
2026-07-27 14:26:27.522,332,1622.678
2026-07-27 14:26:27.551,333,1627.566
2026-07-27 14:26:27.551,335,1637.341
2026-07-27 14:26:27.551,336,1642.229
2026-07-27 14:26:27.551,338,1652.004
2026-07-27 14:26:27.552,339,1656.891
2026-07-27 14:26:27.552,340,1661.779
2026-07-27 14:26:27.582,339,1656.891
2026-07-27 14:26:27.582,337,1647.116
2026-07-27 14:26:27.582,336,1642.229
2026-07-27 14:26:27.582,335,1637.341
2026-07-27 14:26:27.583,333,1627.566
2026-07-27 14:26:27.584,330,1612.903
2026-07-27 14:26:27.613,329,1608.016
2026-07-27 14:26:27.613,330,1612.903
2026-07-27 14:26:27.613,331,1617.791
2026-07-27 14:26:27.614,333,1627.566
2026-07-27 14:26:27.614,334,1632.454
2026-07-27 14:26:27.615,335,1637.341
2026-07-27 14:26:27.644,336,1642.229
2026-07-27 14:26:27.644,343,1676.442
2026-07-27 14:26:27.644,363,1774.194
2026-07-27 14:26:27.645,410,2003.91
2026-07-27 14:26:27.645,475,2321.603
2026-07-27 14:26:27.646,527,2575.758
2026-07-27 14:26:27.675,459,2243.402
2026-07-27 14:26:27.675,313,1529.814
2026-07-27 14:26:27.676,207,1011.73
2026-07-27 14:26:27.676,203,992.18
2026-07-27 14:26:27.676,273,1334.311
2026-07-27 14:26:27.677,319,1559.14
2026-07-27 14:26:27.707,335,1637.341
2026-07-27 14:26:27.707,347,1695.992
2026-07-27 14:26:27.707,355,1735.093
2026-07-27 14:26:27.708,354,1730.205
2026-07-27 14:26:27.709,350,1710.655
2026-07-27 14:26:27.710,349,1705.767
2026-07-27 14:26:27.715,350,1710.655
2026-07-27 14:26:27.752,353,1725.318
2026-07-27 14:26:27.752,354,1730.205
2026-07-27 14:26:27.752,356,1739.98
2026-07-27 14:26:27.753,355,1735.093
2026-07-27 14:26:27.753,356,1739.98
2026-07-27 14:26:27.753,357,1744.868
2026-07-27 14:26:27.753,357,1744.868
2026-07-27 14:26:27.755,358,1749.756
2026-07-27 14:26:27.784,358,1749.756
2026-07-27 14:26:27.784,360,1759.531
2026-07-27 14:26:27.784,363,1774.194
2026-07-27 14:26:27.784,364,1779.081
2026-07-27 14:26:27.785,364,1779.081
2026-07-27 14:26:27.787,366,1788.856
2026-07-27 14:26:27.815,368,1798.631
2026-07-27 14:26:27.815,370,1808.407
2026-07-27 14:26:27.816,373,1823.069
2026-07-27 14:26:27.818,378,1847.507
2026-07-27 14:26:27.818,384,1876.833
2026-07-27 14:26:27.822,392,1915.934
2026-07-27 14:26:27.825,400,1955.034
2026-07-27 14:26:27.830,409,1999.022
2026-07-27 14:26:27.833,415,2028.348
2026-07-27 14:26:27.861,420,2052.786
2026-07-27 14:26:27.862,426,2082.111
2026-07-27 14:26:27.862,431,2106.549
2026-07-27 14:26:27.862,434,2121.212
2026-07-27 14:26:27.862,434,2121.212
2026-07-27 14:26:27.865,434,2121.212
2026-07-27 14:26:27.893,429,2096.774
2026-07-27 14:26:27.893,416,2033.236
2026-07-27 14:26:27.893,398,1945.259
2026-07-27 14:26:27.894,378,1847.507
2026-07-27 14:26:27.897,360,1759.531
2026-07-27 14:26:27.897,344,1681.329
2026-07-27 14:26:27.901,330,1612.903
2026-07-27 14:26:27.925,320,1564.027
2026-07-27 14:26:27.925,314,1534.702
2026-07-27 14:26:27.925,310,1515.152
2026-07-27 14:26:27.925,306,1495.601
2026-07-27 14:26:27.929,301,1471.163
2026-07-27 14:26:27.955,301,1471.163
2026-07-27 14:26:27.955,302,1476.051
2026-07-27 14:26:27.956,299,1461.388
2026-07-27 14:26:27.956,297,1451.613
2026-07-27 14:26:27.956,297,1451.613
2026-07-27 14:26:27.960,299,1461.388
2026-07-27 14:26:27.963,300,1466.276
2026-07-27 14:26:27.987,304,1485.826
2026-07-27 14:26:27.987,303,1480.938
2026-07-27 14:26:27.987,303,1480.938
2026-07-27 14:26:27.987,304,1485.826
2026-07-27 14:26:27.990,304,1485.826
2026-07-27 14:26:28.019,304,1485.826
2026-07-27 14:26:28.019,305,1490.714
2026-07-27 14:26:28.019,307,1500.489
2026-07-27 14:26:28.019,309,1510.264
2026-07-27 14:26:28.019,309,1510.264
2026-07-27 14:26:28.021,311,1520.039
2026-07-27 14:26:28.051,312,1524.927
2026-07-27 14:26:28.051,312,1524.927
2026-07-27 14:26:28.052,311,1520.039
2026-07-27 14:26:28.052,311,1520.039
2026-07-27 14:26:28.052,312,1524.927
2026-07-27 14:26:28.081,312,1524.927
2026-07-27 14:26:28.081,312,1524.927
2026-07-27 14:26:28.081,312,1524.927
2026-07-27 14:26:28.081,313,1529.814
2026-07-27 14:26:28.082,313,1529.814
2026-07-27 14:26:28.082,313,1529.814
2026-07-27 14:26:28.083,314,1534.702
2026-07-27 14:26:28.126,315,1539.589
2026-07-27 14:26:28.126,316,1544.477
2026-07-27 14:26:28.127,318,1554.252
2026-07-27 14:26:28.127,321,1568.915
2026-07-27 14:26:28.127,320,1564.027
2026-07-27 14:26:28.127,321,1568.915
2026-07-27 14:26:28.127,322,1573.803
2026-07-27 14:26:28.127,322,1573.803
2026-07-27 14:26:28.130,320,1564.027
2026-07-27 14:26:28.158,318,1554.252
2026-07-27 14:26:28.159,317,1549.365
2026-07-27 14:26:28.159,318,1554.252
2026-07-27 14:26:28.160,321,1568.915
2026-07-27 14:26:28.164,321,1568.915
2026-07-27 14:26:28.170,322,1573.803
2026-07-27 14:26:28.170,322,1573.803
2026-07-27 14:26:28.175,325,1588.465
2026-07-27 14:26:28.177,326,1593.353
2026-07-27 14:26:28.220,328,1603.128
2026-07-27 14:26:28.220,327,1598.24
2026-07-27 14:26:28.220,328,1603.128
2026-07-27 14:26:28.220,331,1617.791
2026-07-27 14:26:28.221,333,1627.566
2026-07-27 14:26:28.221,331,1617.791
2026-07-27 14:26:28.221,329,1608.016
2026-07-27 14:26:28.221,330,1612.903
2026-07-27 14:26:28.223,332,1622.678
2026-07-27 14:26:28.253,331,1617.791
2026-07-27 14:26:28.253,330,1612.903
2026-07-27 14:26:28.254,330,1612.903
2026-07-27 14:26:28.254,331,1617.791
2026-07-27 14:26:28.254,330,1612.903
2026-07-27 14:26:28.297,330,1612.903
2026-07-27 14:26:28.298,331,1617.791
2026-07-27 14:26:28.298,332,1622.678
2026-07-27 14:26:28.298,334,1632.454
2026-07-27 14:26:28.298,339,1656.891
2026-07-27 14:26:28.298,342,1671.554
2026-07-27 14:26:28.298,340,1661.779
2026-07-27 14:26:28.298,340,1661.779
2026-07-27 14:26:28.298,342,1671.554
2026-07-27 14:26:28.345,341,1666.667
2026-07-27 14:26:28.345,338,1652.004
2026-07-27 14:26:28.346,335,1637.341
2026-07-27 14:26:28.346,334,1632.454
2026-07-27 14:26:28.346,334,1632.454
2026-07-27 14:26:28.349,334,1632.454
2026-07-27 14:26:28.349,332,1622.678
2026-07-27 14:26:28.349,333,1627.566
2026-07-27 14:26:28.349,334,1632.454
2026-07-27 14:26:28.393,336,1642.229
2026-07-27 14:26:28.393,335,1637.341
2026-07-27 14:26:28.393,340,1661.779
2026-07-27 14:26:28.393,350,1710.655
2026-07-27 14:26:28.393,384,1876.833
2026-07-27 14:26:28.393,444,2170.088
2026-07-27 14:26:28.393,523,2556.207
2026-07-27 14:26:28.393,537,2624.633
2026-07-27 14:26:28.393,406,1984.36
2026-07-27 14:26:28.395,257,1256.109
2026-07-27 14:26:28.440,177,865.103
2026-07-27 14:26:28.440,223,1089.932
2026-07-27 14:26:28.440,294,1436.95
2026-07-27 14:26:28.440,322,1573.803
2026-07-27 14:26:28.440,333,1627.566
2026-07-27 14:26:28.440,347,1695.992
2026-07-27 14:26:28.440,352,1720.43
2026-07-27 14:26:28.441,347,1695.992
2026-07-27 14:26:28.446,341,1666.667
2026-07-27 14:26:28.448,342,1671.554
2026-07-27 14:26:28.487,345,1686.217
2026-07-27 14:26:28.487,348,1700.88
2026-07-27 14:26:28.487,348,1700.88
2026-07-27 14:26:28.487,348,1700.88
2026-07-27 14:26:28.487,349,1705.767
2026-07-27 14:26:28.488,352,1720.43
2026-07-27 14:26:28.488,353,1725.318
2026-07-27 14:26:28.489,354,1730.205
2026-07-27 14:26:28.518,353,1725.318
2026-07-27 14:26:28.519,353,1725.318
2026-07-27 14:26:28.519,356,1739.98
2026-07-27 14:26:28.519,360,1759.531
2026-07-27 14:26:28.519,362,1769.306
2026-07-27 14:26:28.520,365,1783.969
2026-07-27 14:26:28.549,367,1793.744
2026-07-27 14:26:28.549,368,1798.631
2026-07-27 14:26:28.549,370,1808.407
2026-07-27 14:26:28.549,375,1832.845
2026-07-27 14:26:28.550,380,1857.283
2026-07-27 14:26:28.551,386,1886.608
2026-07-27 14:26:28.596,393,1920.821
2026-07-27 14:26:28.596,402,1964.809
2026-07-27 14:26:28.596,411,2008.798
2026-07-27 14:26:28.596,420,2052.786
2026-07-27 14:26:28.597,428,2091.887
2026-07-27 14:26:28.597,434,2121.212
2026-07-27 14:26:28.597,439,2145.65
2026-07-27 14:26:28.597,441,2155.425
2026-07-27 14:26:28.598,440,2150.538
2026-07-27 14:26:28.627,432,2111.437
2026-07-27 14:26:28.627,420,2052.786
2026-07-27 14:26:28.627,403,1969.697
2026-07-27 14:26:28.627,382,1867.058
2026-07-27 14:26:28.627,361,1764.418
2026-07-27 14:26:28.629,341,1666.667
2026-07-27 14:26:28.659,326,1593.353
2026-07-27 14:26:28.659,312,1524.927
2026-07-27 14:26:28.659,302,1476.051
2026-07-27 14:26:28.659,295,1441.838
2026-07-27 14:26:28.659,290,1417.4
2026-07-27 14:26:28.660,287,1402.737
2026-07-27 14:26:28.690,283,1383.187
2026-07-27 14:26:28.690,282,1378.299
2026-07-27 14:26:28.690,282,1378.299
2026-07-27 14:26:28.690,284,1388.074
2026-07-27 14:26:28.690,283,1383.187
2026-07-27 14:26:28.691,283,1383.187
2026-07-27 14:26:28.721,284,1388.074
2026-07-27 14:26:28.722,285,1392.962
2026-07-27 14:26:28.722,286,1397.849
2026-07-27 14:26:28.722,288,1407.625
2026-07-27 14:26:28.722,289,1412.512
2026-07-27 14:26:28.723,290,1417.4
2026-07-27 14:26:28.752,291,1422.287
2026-07-27 14:26:28.753,291,1422.287
2026-07-27 14:26:28.753,291,1422.287
2026-07-27 14:26:28.753,294,1436.95
2026-07-27 14:26:28.753,295,1441.838
2026-07-27 14:26:28.756,295,1441.838
2026-07-27 14:26:28.759,295,1441.838
2026-07-27 14:26:28.783,297,1451.613
2026-07-27 14:26:28.783,297,1451.613
2026-07-27 14:26:28.783,298,1456.5
2026-07-27 14:26:28.784,299,1461.388
2026-07-27 14:26:28.785,298,1456.5
2026-07-27 14:26:28.815,298,1456.5
2026-07-27 14:26:28.815,300,1466.276
2026-07-27 14:26:28.815,303,1480.938
2026-07-27 14:26:28.815,305,1490.714
2026-07-27 14:26:28.815,306,1495.601
2026-07-27 14:26:28.816,305,1490.714
2026-07-27 14:26:28.860,305,1490.714
2026-07-27 14:26:28.861,307,1500.489
2026-07-27 14:26:28.861,308,1505.376
2026-07-27 14:26:28.861,309,1510.264
2026-07-27 14:26:28.861,309,1510.264
2026-07-27 14:26:28.864,310,1515.152
2026-07-27 14:26:28.864,311,1520.039
2026-07-27 14:26:28.865,311,1520.039
2026-07-27 14:26:28.865,312,1524.927
2026-07-27 14:26:28.907,313,1529.814
2026-07-27 14:26:28.908,314,1534.702
2026-07-27 14:26:28.908,314,1534.702
2026-07-27 14:26:28.908,312,1524.927
2026-07-27 14:26:28.908,313,1529.814
2026-07-27 14:26:28.908,316,1544.477
2026-07-27 14:26:28.908,320,1564.027
2026-07-27 14:26:28.909,318,1554.252
2026-07-27 14:26:28.910,315,1539.589
2026-07-27 14:26:28.954,317,1549.365
2026-07-27 14:26:28.954,320,1564.027
2026-07-27 14:26:28.954,321,1568.915
2026-07-27 14:26:28.954,321,1568.915
2026-07-27 14:26:28.954,321,1568.915
2026-07-27 14:26:28.954,321,1568.915
2026-07-27 14:26:28.955,321,1568.915
2026-07-27 14:26:28.955,322,1573.803
2026-07-27 14:26:28.957,322,1573.803
2026-07-27 14:26:29.000,322,1573.803
2026-07-27 14:26:29.000,323,1578.69
2026-07-27 14:26:29.000,325,1588.465
2026-07-27 14:26:29.000,326,1593.353
2026-07-27 14:26:29.001,328,1603.128
2026-07-27 14:26:29.001,331,1617.791
2026-07-27 14:26:29.001,334,1632.454
2026-07-27 14:26:29.001,336,1642.229
2026-07-27 14:26:29.046,336,1642.229
2026-07-27 14:26:29.046,337,1647.116
2026-07-27 14:26:29.046,338,1652.004
2026-07-27 14:26:29.046,337,1647.116
2026-07-27 14:26:29.046,333,1627.566
2026-07-27 14:26:29.046,333,1627.566
2026-07-27 14:26:29.047,332,1622.678
2026-07-27 14:26:29.047,330,1612.903
2026-07-27 14:26:29.047,329,1608.016
2026-07-27 14:26:29.051,329,1608.016
2026-07-27 14:26:29.080,330,1612.903
2026-07-27 14:26:29.080,332,1622.678
2026-07-27 14:26:29.080,332,1622.678
2026-07-27 14:26:29.081,332,1622.678
2026-07-27 14:26:29.081,332,1622.678
2026-07-27 14:26:29.081,338,1652.004
2026-07-27 14:26:29.124,355,1735.093
2026-07-27 14:26:29.124,394,1925.709
2026-07-27 14:26:29.125,460,2248.289
2026-07-27 14:26:29.125,537,2624.633
2026-07-27 14:26:29.125,527,2575.758
2026-07-27 14:26:29.125,374,1827.957
2026-07-27 14:26:29.125,225,1099.707
2026-07-27 14:26:29.125,174,850.44
2026-07-27 14:26:29.128,239,1168.133
2026-07-27 14:26:29.171,300,1466.276
2026-07-27 14:26:29.171,319,1559.14
2026-07-27 14:26:29.172,332,1622.678
2026-07-27 14:26:29.172,349,1705.767
2026-07-27 14:26:29.172,353,1725.318
2026-07-27 14:26:29.172,346,1691.105
2026-07-27 14:26:29.172,341,1666.667
2026-07-27 14:26:29.172,343,1676.442
2026-07-27 14:26:29.217,347,1695.992
2026-07-27 14:26:29.217,348,1700.88
2026-07-27 14:26:29.217,348,1700.88
2026-07-27 14:26:29.217,350,1710.655
2026-07-27 14:26:29.218,350,1710.655
2026-07-27 14:26:29.218,351,1715.543
2026-07-27 14:26:29.218,353,1725.318
2026-07-27 14:26:29.218,354,1730.205
2026-07-27 14:26:29.218,354,1730.205
2026-07-27 14:26:29.222,354,1730.205
2026-07-27 14:26:29.264,356,1739.98
2026-07-27 14:26:29.264,358,1749.756
2026-07-27 14:26:29.265,360,1759.531
2026-07-27 14:26:29.265,361,1764.418
2026-07-27 14:26:29.265,363,1774.194
2026-07-27 14:26:29.265,366,1788.856
2026-07-27 14:26:29.265,368,1798.631
2026-07-27 14:26:29.268,371,1813.294
2026-07-27 14:26:29.269,376,1837.732
2026-07-27 14:26:29.310,383,1871.945
2026-07-27 14:26:29.310,390,1906.158
2026-07-27 14:26:29.310,398,1945.259
2026-07-27 14:26:29.310,408,1994.135
2026-07-27 14:26:29.310,417,2038.123
2026-07-27 14:26:29.310,423,2067.449
2026-07-27 14:26:29.310,427,2086.999
2026-07-27 14:26:29.311,430,2101.662
2026-07-27 14:26:29.356,431,2106.549
2026-07-27 14:26:29.358,430,2101.662
2026-07-27 14:26:29.358,425,2077.224
2026-07-27 14:26:29.358,414,2023.46
2026-07-27 14:26:29.358,394,1925.709
2026-07-27 14:26:29.358,371,1813.294
2026-07-27 14:26:29.358,351,1715.543
2026-07-27 14:26:29.358,332,1622.678
2026-07-27 14:26:29.365,319,1559.14
2026-07-27 14:26:29.365,306,1495.601
2026-07-27 14:26:29.368,299,1461.388
2026-07-27 14:26:29.418,293,1432.063
2026-07-27 14:26:29.419,287,1402.737
2026-07-27 14:26:29.419,284,1388.074
2026-07-27 14:26:29.419,282,1378.299
2026-07-27 14:26:29.419,282,1378.299
2026-07-27 14:26:29.419,284,1388.074
2026-07-27 14:26:29.419,282,1378.299
2026-07-27 14:26:29.419,278,1358.749
2026-07-27 14:26:29.420,277,1353.861
2026-07-27 14:26:29.420,280,1368.524
2026-07-27 14:26:29.464,283,1383.187
2026-07-27 14:26:29.464,283,1383.187
2026-07-27 14:26:29.464,283,1383.187
2026-07-27 14:26:29.465,283,1383.187
2026-07-27 14:26:29.465,284,1388.074
2026-07-27 14:26:29.465,286,1397.849
2026-07-27 14:26:29.465,287,1402.737
2026-07-27 14:26:29.466,285,1392.962
2026-07-27 14:26:29.469,284,1388.074
2026-07-27 14:26:29.472,286,1397.849
2026-07-27 14:26:29.510,288,1407.625
2026-07-27 14:26:29.510,289,1412.512
2026-07-27 14:26:29.511,289,1412.512
2026-07-27 14:26:29.511,290,1417.4
2026-07-27 14:26:29.511,289,1412.512
2026-07-27 14:26:29.511,291,1422.287
2026-07-27 14:26:29.511,292,1427.175
2026-07-27 14:26:29.515,292,1427.175
2026-07-27 14:26:29.518,290,1417.4
2026-07-27 14:26:29.556,292,1427.175
2026-07-27 14:26:29.557,293,1432.063
2026-07-27 14:26:29.557,292,1427.175
2026-07-27 14:26:29.557,293,1432.063
2026-07-27 14:26:29.557,294,1436.95
2026-07-27 14:26:29.557,294,1436.95
2026-07-27 14:26:29.557,293,1432.063
2026-07-27 14:26:29.560,293,1432.063
2026-07-27 14:26:29.603,293,1432.063
2026-07-27 14:26:29.603,294,1436.95
2026-07-27 14:26:29.603,293,1432.063
2026-07-27 14:26:29.604,293,1432.063
2026-07-27 14:26:29.604,294,1436.95
2026-07-27 14:26:29.604,293,1432.063
2026-07-27 14:26:29.604,294,1436.95
2026-07-27 14:26:29.604,295,1441.838
2026-07-27 14:26:29.607,294,1436.95
2026-07-27 14:26:29.650,295,1441.838
2026-07-27 14:26:29.650,298,1456.5
2026-07-27 14:26:29.650,299,1461.388
2026-07-27 14:26:29.650,299,1461.388
2026-07-27 14:26:29.650,300,1466.276
2026-07-27 14:26:29.650,301,1471.163
2026-07-27 14:26:29.651,302,1476.051
2026-07-27 14:26:29.651,302,1476.051
2026-07-27 14:26:29.681,303,1480.938
2026-07-27 14:26:29.681,304,1485.826
2026-07-27 14:26:29.681,305,1490.714
2026-07-27 14:26:29.681,304,1485.826
2026-07-27 14:26:29.681,305,1490.714
2026-07-27 14:26:29.682,306,1495.601
2026-07-27 14:26:29.713,307,1500.489
2026-07-27 14:26:29.713,309,1510.264
2026-07-27 14:26:29.713,308,1505.376
2026-07-27 14:26:29.713,308,1505.376
2026-07-27 14:26:29.713,309,1510.264
2026-07-27 14:26:29.713,309,1510.264
2026-07-27 14:26:29.716,310,1515.152
2026-07-27 14:26:29.759,313,1529.814
2026-07-27 14:26:29.759,316,1544.477
2026-07-27 14:26:29.759,319,1559.14
2026-07-27 14:26:29.760,319,1559.14
2026-07-27 14:26:29.760,319,1559.14
2026-07-27 14:26:29.760,322,1573.803
2026-07-27 14:26:29.760,325,1588.465
2026-07-27 14:26:29.760,322,1573.803
2026-07-27 14:26:29.763,318,1554.252
2026-07-27 14:26:29.805,316,1544.477
2026-07-27 14:26:29.806,315,1539.589
2026-07-27 14:26:29.806,315,1539.589
2026-07-27 14:26:29.806,314,1534.702
2026-07-27 14:26:29.806,314,1534.702
2026-07-27 14:26:29.806,315,1539.589
2026-07-27 14:26:29.807,316,1544.477
2026-07-27 14:26:29.807,316,1544.477
2026-07-27 14:26:29.810,317,1549.365
2026-07-27 14:26:29.853,317,1549.365
2026-07-27 14:26:29.853,323,1578.69
2026-07-27 14:26:29.853,339,1656.891
2026-07-27 14:26:29.854,373,1823.069
2026-07-27 14:26:29.854,431,2106.549
2026-07-27 14:26:29.854,506,2473.118
2026-07-27 14:26:29.854,530,2590.42
2026-07-27 14:26:29.854,399,1950.147
2026-07-27 14:26:29.856,238,1163.245
2026-07-27 14:26:29.899,161,786.901
2026-07-27 14:26:29.899,214,1045.943
2026-07-27 14:26:29.899,286,1397.849
2026-07-27 14:26:29.899,310,1515.152
2026-07-27 14:26:29.899,320,1564.027
2026-07-27 14:26:29.903,338,1652.004
2026-07-27 14:26:29.903,346,1691.105
2026-07-27 14:26:29.903,342,1671.554
2026-07-27 14:26:29.905,335,1637.341
2026-07-27 14:26:29.908,335,1637.341
2026-07-27 14:26:29.944,339,1656.891
2026-07-27 14:26:29.944,341,1666.667
2026-07-27 14:26:29.944,342,1671.554
2026-07-27 14:26:29.945,341,1666.667
2026-07-27 14:26:29.945,342,1671.554
2026-07-27 14:26:29.945,342,1671.554
2026-07-27 14:26:29.945,341,1666.667
2026-07-27 14:26:29.976,339,1656.891
2026-07-27 14:26:29.977,338,1652.004
2026-07-27 14:26:29.977,338,1652.004
2026-07-27 14:26:29.977,340,1661.779
2026-07-27 14:26:29.977,342,1671.554
2026-07-27 14:26:29.979,341,1666.667
2026-07-27 14:26:29.981,341,1666.667
2026-07-27 14:26:30.022,344,1681.329
2026-07-27 14:26:30.022,346,1691.105
2026-07-27 14:26:30.022,349,1705.767
2026-07-27 14:26:30.022,353,1725.318
2026-07-27 14:26:30.023,358,1749.756
2026-07-27 14:26:30.023,364,1779.081
2026-07-27 14:26:30.023,370,1808.407
2026-07-27 14:26:30.024,376,1837.732
2026-07-27 14:26:30.028,386,1886.608
2026-07-27 14:26:30.069,395,1930.596
2026-07-27 14:26:30.069,401,1959.922
2026-07-27 14:26:30.069,406,1984.36
2026-07-27 14:26:30.069,410,2003.91
2026-07-27 14:26:30.069,414,2023.46
2026-07-27 14:26:30.069,415,2028.348
2026-07-27 14:26:30.070,409,1999.022
2026-07-27 14:26:30.070,398,1945.259
2026-07-27 14:26:30.116,383,1871.945
2026-07-27 14:26:30.116,365,1783.969
2026-07-27 14:26:30.116,345,1686.217
2026-07-27 14:26:30.116,327,1598.24
2026-07-27 14:26:30.116,311,1520.039
2026-07-27 14:26:30.117,300,1466.276
2026-07-27 14:26:30.117,292,1427.175
2026-07-27 14:26:30.117,285,1392.962
2026-07-27 14:26:30.117,282,1378.299
2026-07-27 14:26:30.148,280,1368.524
2026-07-27 14:26:30.149,276,1348.974
2026-07-27 14:26:30.149,275,1344.086
2026-07-27 14:26:30.149,278,1358.749
2026-07-27 14:26:30.149,279,1363.636
2026-07-27 14:26:30.149,278,1358.749
2026-07-27 14:26:30.153,277,1353.861
2026-07-27 14:26:30.195,277,1353.861
2026-07-27 14:26:30.195,279,1363.636
2026-07-27 14:26:30.196,281,1373.412
2026-07-27 14:26:30.196,282,1378.299
2026-07-27 14:26:30.196,283,1383.187
2026-07-27 14:26:30.196,284,1388.074
2026-07-27 14:26:30.196,286,1397.849
2026-07-27 14:26:30.196,289,1412.512
2026-07-27 14:26:30.200,290,1417.4
2026-07-27 14:26:30.242,289,1412.512
2026-07-27 14:26:30.242,289,1412.512
2026-07-27 14:26:30.242,291,1422.287
2026-07-27 14:26:30.242,293,1432.063
2026-07-27 14:26:30.242,296,1446.725
2026-07-27 14:26:30.242,299,1461.388
2026-07-27 14:26:30.243,300,1466.276
2026-07-27 14:26:30.243,301,1471.163
2026-07-27 14:26:30.246,302,1476.051
2026-07-27 14:26:30.288,304,1485.826
2026-07-27 14:26:30.289,304,1485.826
2026-07-27 14:26:30.289,306,1495.601
2026-07-27 14:26:30.289,306,1495.601
2026-07-27 14:26:30.289,306,1495.601
2026-07-27 14:26:30.289,308,1505.376
2026-07-27 14:26:30.289,310,1515.152
2026-07-27 14:26:30.289,311,1520.039
2026-07-27 14:26:30.293,310,1515.152
2026-07-27 14:26:30.334,309,1510.264
2026-07-27 14:26:30.334,310,1515.152
2026-07-27 14:26:30.334,313,1529.814
2026-07-27 14:26:30.335,312,1524.927
2026-07-27 14:26:30.335,312,1524.927
2026-07-27 14:26:30.335,312,1524.927
2026-07-27 14:26:30.335,314,1534.702
2026-07-27 14:26:30.335,314,1534.702
2026-07-27 14:26:30.366,315,1539.589
2026-07-27 14:26:30.366,314,1534.702
2026-07-27 14:26:30.366,314,1534.702
2026-07-27 14:26:30.366,314,1534.702
2026-07-27 14:26:30.366,315,1539.589
2026-07-27 14:26:30.367,317,1549.365
2026-07-27 14:26:30.397,320,1564.027
2026-07-27 14:26:30.397,320,1564.027
2026-07-27 14:26:30.397,321,1568.915
2026-07-27 14:26:30.397,322,1573.803
2026-07-27 14:26:30.397,320,1564.027
2026-07-27 14:26:30.398,318,1554.252
2026-07-27 14:26:30.402,317,1549.365
2026-07-27 14:26:30.409,319,1559.14
2026-07-27 14:26:30.413,321,1568.915
2026-07-27 14:26:30.443,322,1573.803
2026-07-27 14:26:30.444,322,1573.803
2026-07-27 14:26:30.444,320,1564.027
2026-07-27 14:26:30.444,320,1564.027
2026-07-27 14:26:30.444,321,1568.915
2026-07-27 14:26:30.444,323,1578.69
2026-07-27 14:26:30.475,324,1583.578
2026-07-27 14:26:30.475,323,1578.69
2026-07-27 14:26:30.475,323,1578.69
2026-07-27 14:26:30.475,324,1583.578
2026-07-27 14:26:30.475,323,1578.69
2026-07-27 14:26:30.476,323,1578.69
2026-07-27 14:26:30.480,323,1578.69
2026-07-27 14:26:30.522,322,1573.803
2026-07-27 14:26:30.522,323,1578.69
2026-07-27 14:26:30.522,322,1573.803
2026-07-27 14:26:30.522,325,1588.465
2026-07-27 14:26:30.522,329,1608.016
2026-07-27 14:26:30.522,334,1632.454
2026-07-27 14:26:30.523,336,1642.229
2026-07-27 14:26:30.523,336,1642.229
2026-07-27 14:26:30.553,337,1647.116
2026-07-27 14:26:30.553,339,1656.891
2026-07-27 14:26:30.553,337,1647.116
2026-07-27 14:26:30.553,337,1647.116
2026-07-27 14:26:30.554,334,1632.454
2026-07-27 14:26:30.555,332,1622.678
2026-07-27 14:26:30.558,331,1617.791
2026-07-27 14:26:30.600,329,1608.016
2026-07-27 14:26:30.600,327,1598.24
2026-07-27 14:26:30.600,329,1608.016
2026-07-27 14:26:30.600,330,1612.903
2026-07-27 14:26:30.600,331,1617.791
2026-07-27 14:26:30.600,334,1632.454
2026-07-27 14:26:30.600,333,1627.566
2026-07-27 14:26:30.601,333,1627.566
2026-07-27 14:26:30.630,343,1676.442
2026-07-27 14:26:30.631,365,1783.969
2026-07-27 14:26:30.631,414,2023.46
2026-07-27 14:26:30.631,486,2375.367
2026-07-27 14:26:30.631,546,2668.622
2026-07-27 14:26:30.631,472,2306.94
2026-07-27 14:26:30.661,316,1544.477
2026-07-27 14:26:30.661,202,987.292
2026-07-27 14:26:30.662,197,962.854
2026-07-27 14:26:30.662,268,1309.873
2026-07-27 14:26:30.662,312,1524.927
2026-07-27 14:26:30.663,327,1598.24
2026-07-27 14:26:30.692,342,1671.554
2026-07-27 14:26:30.693,352,1720.43
2026-07-27 14:26:30.693,351,1715.543
2026-07-27 14:26:30.693,346,1691.105
2026-07-27 14:26:30.693,343,1676.442
2026-07-27 14:26:30.697,346,1691.105
2026-07-27 14:26:30.699,349,1705.767
2026-07-27 14:26:30.737,350,1710.655
2026-07-27 14:26:30.738,350,1710.655
2026-07-27 14:26:30.738,351,1715.543
2026-07-27 14:26:30.738,352,1720.43
2026-07-27 14:26:30.739,352,1720.43
2026-07-27 14:26:30.739,354,1730.205
2026-07-27 14:26:30.739,354,1730.205
2026-07-27 14:26:30.741,354,1730.205
2026-07-27 14:26:30.768,355,1735.093
2026-07-27 14:26:30.768,358,1749.756
2026-07-27 14:26:30.768,360,1759.531
2026-07-27 14:26:30.769,360,1759.531
2026-07-27 14:26:30.769,361,1764.418
2026-07-27 14:26:30.772,364,1779.081
2026-07-27 14:26:30.800,369,1803.519
2026-07-27 14:26:30.801,372,1818.182
2026-07-27 14:26:30.801,376,1837.732
2026-07-27 14:26:30.801,383,1871.945
2026-07-27 14:26:30.801,389,1901.271
2026-07-27 14:26:30.831,396,1935.484
2026-07-27 14:26:30.831,403,1969.697
2026-07-27 14:26:30.831,411,2008.798
2026-07-27 14:26:30.831,418,2043.011
2026-07-27 14:26:30.831,425,2077.224
2026-07-27 14:26:30.831,430,2101.662
2026-07-27 14:26:30.834,434,2121.212
2026-07-27 14:26:30.862,435,2126.1
2026-07-27 14:26:30.862,432,2111.437
2026-07-27 14:26:30.862,426,2082.111
2026-07-27 14:26:30.862,414,2023.46
2026-07-27 14:26:30.862,397,1940.371
2026-07-27 14:26:30.865,374,1827.957
2026-07-27 14:26:30.894,354,1730.205
2026-07-27 14:26:30.895,336,1642.229
2026-07-27 14:26:30.895,323,1578.69
2026-07-27 14:26:30.895,313,1529.814
2026-07-27 14:26:30.895,306,1495.601
2026-07-27 14:26:30.924,300,1466.276
2026-07-27 14:26:30.925,296,1446.725
2026-07-27 14:26:30.925,293,1432.063
2026-07-27 14:26:30.925,290,1417.4
2026-07-27 14:26:30.925,289,1412.512
2026-07-27 14:26:30.925,289,1412.512
2026-07-27 14:26:30.928,290,1417.4
2026-07-27 14:26:30.955,291,1422.287
2026-07-27 14:26:30.956,290,1417.4
2026-07-27 14:26:30.956,290,1417.4
2026-07-27 14:26:30.956,290,1417.4
2026-07-27 14:26:30.956,291,1422.287
2026-07-27 14:26:31.003,292,1427.175
2026-07-27 14:26:31.003,292,1427.175
2026-07-27 14:26:31.003,293,1432.063
2026-07-27 14:26:31.003,291,1422.287
2026-07-27 14:26:31.003,293,1432.063
2026-07-27 14:26:31.003,295,1441.838
2026-07-27 14:26:31.004,296,1446.725
2026-07-27 14:26:31.004,296,1446.725
2026-07-27 14:26:31.005,297,1451.613
2026-07-27 14:26:31.007,298,1456.5
2026-07-27 14:26:31.011,300,1466.276
2026-07-27 14:26:31.064,300,1466.276
2026-07-27 14:26:31.064,299,1461.388
2026-07-27 14:26:31.064,298,1456.5
2026-07-27 14:26:31.064,300,1466.276
2026-07-27 14:26:31.064,302,1476.051
2026-07-27 14:26:31.064,303,1480.938
2026-07-27 14:26:31.065,305,1490.714
2026-07-27 14:26:31.065,306,1495.601
2026-07-27 14:26:31.065,304,1485.826
2026-07-27 14:26:31.068,302,1476.051
2026-07-27 14:26:31.068,303,1480.938
2026-07-27 14:26:31.096,305,1490.714
2026-07-27 14:26:31.096,306,1495.601
2026-07-27 14:26:31.096,307,1500.489
2026-07-27 14:26:31.096,307,1500.489
2026-07-27 14:26:31.097,307,1500.489
2026-07-27 14:26:31.101,308,1505.376
2026-07-27 14:26:31.105,308,1505.376
2026-07-27 14:26:31.157,307,1500.489
2026-07-27 14:26:31.157,306,1495.601
2026-07-27 14:26:31.157,307,1500.489
2026-07-27 14:26:31.158,306,1495.601
2026-07-27 14:26:31.158,306,1495.601
2026-07-27 14:26:31.158,308,1505.376
2026-07-27 14:26:31.158,308,1505.376
2026-07-27 14:26:31.158,308,1505.376
2026-07-27 14:26:31.159,309,1510.264
2026-07-27 14:26:31.159,307,1500.489
2026-07-27 14:26:31.162,307,1500.489
2026-07-27 14:26:31.204,309,1510.264
2026-07-27 14:26:31.204,311,1520.039
2026-07-27 14:26:31.204,310,1515.152
2026-07-27 14:26:31.204,309,1510.264
2026-07-27 14:26:31.204,309,1510.264
2026-07-27 14:26:31.205,309,1510.264
2026-07-27 14:26:31.205,310,1515.152
2026-07-27 14:26:31.205,310,1515.152
2026-07-27 14:26:31.210,311,1520.039
2026-07-27 14:26:31.214,311,1520.039
2026-07-27 14:26:31.265,311,1520.039
2026-07-27 14:26:31.266,311,1520.039
2026-07-27 14:26:31.266,312,1524.927
2026-07-27 14:26:31.266,312,1524.927
2026-07-27 14:26:31.266,311,1520.039
2026-07-27 14:26:31.266,311,1520.039
2026-07-27 14:26:31.266,310,1515.152
2026-07-27 14:26:31.267,311,1520.039
2026-07-27 14:26:31.267,311,1520.039
2026-07-27 14:26:31.267,314,1534.702
2026-07-27 14:26:31.271,314,1534.702
2026-07-27 14:26:31.311,312,1524.927
2026-07-27 14:26:31.311,312,1524.927
2026-07-27 14:26:31.311,313,1529.814
2026-07-27 14:26:31.312,313,1529.814
2026-07-27 14:26:31.312,312,1524.927
2026-07-27 14:26:31.312,313,1529.814
2026-07-27 14:26:31.312,313,1529.814
2026-07-27 14:26:31.313,312,1524.927
2026-07-27 14:26:31.357,313,1529.814
2026-07-27 14:26:31.357,313,1529.814
2026-07-27 14:26:31.358,313,1529.814
2026-07-27 14:26:31.358,312,1524.927
2026-07-27 14:26:31.358,316,1544.477
2026-07-27 14:26:31.358,322,1573.803
2026-07-27 14:26:31.359,325,1588.465
2026-07-27 14:26:31.359,325,1588.465
2026-07-27 14:26:31.362,324,1583.578
2026-07-27 14:26:31.365,326,1593.353
2026-07-27 14:26:31.403,326,1593.353
2026-07-27 14:26:31.403,322,1573.803
2026-07-27 14:26:31.404,320,1564.027
2026-07-27 14:26:31.404,320,1564.027
2026-07-27 14:26:31.404,319,1559.14
2026-07-27 14:26:31.404,316,1544.477
2026-07-27 14:26:31.404,315,1539.589
2026-07-27 14:26:31.450,317,1549.365
2026-07-27 14:26:31.450,318,1554.252
2026-07-27 14:26:31.450,318,1554.252
2026-07-27 14:26:31.451,320,1564.027
2026-07-27 14:26:31.451,322,1573.803
2026-07-27 14:26:31.451,320,1564.027
2026-07-27 14:26:31.451,325,1588.465
2026-07-27 14:26:31.451,338,1652.004
2026-07-27 14:26:31.455,373,1823.069
2026-07-27 14:26:31.455,434,2121.212
2026-07-27 14:26:31.458,507,2478.006
2026-07-27 14:26:31.496,498,2434.018
2026-07-27 14:26:31.497,364,1779.081
2026-07-27 14:26:31.497,239,1168.133
2026-07-27 14:26:31.497,176,860.215
2026-07-27 14:26:31.497,225,1099.707
2026-07-27 14:26:31.497,288,1407.625
2026-07-27 14:26:31.497,314,1534.702
2026-07-27 14:26:31.500,327,1598.24
2026-07-27 14:26:31.542,342,1671.554
2026-07-27 14:26:31.542,347,1695.992
2026-07-27 14:26:31.543,342,1671.554
2026-07-27 14:26:31.543,337,1647.116
2026-07-27 14:26:31.543,336,1642.229
2026-07-27 14:26:31.543,339,1656.891
2026-07-27 14:26:31.543,341,1666.667
2026-07-27 14:26:31.543,342,1671.554
2026-07-27 14:26:31.547,343,1676.442
2026-07-27 14:26:31.588,342,1671.554
2026-07-27 14:26:31.589,344,1681.329
2026-07-27 14:26:31.589,346,1691.105
2026-07-27 14:26:31.589,347,1695.992
2026-07-27 14:26:31.589,347,1695.992
2026-07-27 14:26:31.589,347,1695.992
2026-07-27 14:26:31.590,348,1700.88
2026-07-27 14:26:31.593,351,1715.543
2026-07-27 14:26:31.594,353,1725.318
2026-07-27 14:26:31.636,353,1725.318
2026-07-27 14:26:31.636,356,1739.98
2026-07-27 14:26:31.636,359,1754.643
2026-07-27 14:26:31.636,362,1769.306
2026-07-27 14:26:31.636,366,1788.856
2026-07-27 14:26:31.637,372,1818.182
2026-07-27 14:26:31.637,378,1847.507
2026-07-27 14:26:31.639,384,1876.833
2026-07-27 14:26:31.640,393,1920.821
2026-07-27 14:26:31.683,401,1959.922
2026-07-27 14:26:31.683,410,2003.91
2026-07-27 14:26:31.683,418,2043.011
2026-07-27 14:26:31.683,424,2072.336
2026-07-27 14:26:31.683,430,2101.662
2026-07-27 14:26:31.683,433,2116.325
2026-07-27 14:26:31.683,437,2135.875
2026-07-27 14:26:31.683,433,2116.325
2026-07-27 14:26:31.687,422,2062.561
2026-07-27 14:26:31.729,406,1984.36
2026-07-27 14:26:31.730,388,1896.383
2026-07-27 14:26:31.730,369,1803.519
2026-07-27 14:26:31.730,350,1710.655
2026-07-27 14:26:31.730,334,1632.454
2026-07-27 14:26:31.730,320,1564.027
2026-07-27 14:26:31.730,310,1515.152
2026-07-27 14:26:31.730,303,1480.938
2026-07-27 14:26:31.734,298,1456.5
2026-07-27 14:26:31.776,294,1436.95
2026-07-27 14:26:31.776,291,1422.287
2026-07-27 14:26:31.777,289,1412.512
2026-07-27 14:26:31.777,290,1417.4
2026-07-27 14:26:31.777,290,1417.4
2026-07-27 14:26:31.777,290,1417.4
2026-07-27 14:26:31.777,290,1417.4
2026-07-27 14:26:31.778,290,1417.4
2026-07-27 14:26:31.781,291,1422.287
2026-07-27 14:26:31.824,294,1436.95
2026-07-27 14:26:31.825,295,1441.838
2026-07-27 14:26:31.825,296,1446.725
2026-07-27 14:26:31.825,295,1441.838
2026-07-27 14:26:31.826,297,1451.613
2026-07-27 14:26:31.826,296,1446.725
2026-07-27 14:26:31.826,297,1451.613
2026-07-27 14:26:31.826,299,1461.388
2026-07-27 14:26:31.827,300,1466.276
2026-07-27 14:26:31.869,300,1466.276
2026-07-27 14:26:31.869,301,1471.163
2026-07-27 14:26:31.870,302,1476.051
2026-07-27 14:26:31.870,302,1476.051
2026-07-27 14:26:31.870,303,1480.938
2026-07-27 14:26:31.870,305,1490.714
2026-07-27 14:26:31.871,306,1495.601
2026-07-27 14:26:31.871,305,1490.714
2026-07-27 14:26:31.874,306,1495.601
2026-07-27 14:26:31.917,308,1505.376
2026-07-27 14:26:31.918,310,1515.152
2026-07-27 14:26:31.918,309,1510.264
2026-07-27 14:26:31.918,309,1510.264
2026-07-27 14:26:31.918,310,1515.152
2026-07-27 14:26:31.918,311,1520.039
2026-07-27 14:26:31.919,311,1520.039
2026-07-27 14:26:31.923,311,1520.039
2026-07-27 14:26:31.923,312,1524.927
2026-07-27 14:26:31.927,312,1524.927
2026-07-27 14:26:31.962,312,1524.927
2026-07-27 14:26:31.963,312,1524.927
2026-07-27 14:26:31.963,311,1520.039
2026-07-27 14:26:31.963,311,1520.039
2026-07-27 14:26:31.963,311,1520.039
2026-07-27 14:26:31.963,312,1524.927
2026-07-27 14:26:31.963,313,1529.814
2026-07-27 14:26:31.968,312,1524.927
2026-07-27 14:26:32.009,310,1515.152
2026-07-27 14:26:32.009,310,1515.152
2026-07-27 14:26:32.009,312,1524.927
2026-07-27 14:26:32.009,312,1524.927
2026-07-27 14:26:32.009,312,1524.927
2026-07-27 14:26:32.010,313,1529.814
2026-07-27 14:26:32.010,315,1539.589
2026-07-27 14:26:32.011,314,1534.702
2026-07-27 14:26:32.015,315,1539.589
2026-07-27 14:26:32.055,316,1544.477
2026-07-27 14:26:32.056,318,1554.252
2026-07-27 14:26:32.056,318,1554.252
2026-07-27 14:26:32.056,319,1559.14
2026-07-27 14:26:32.056,320,1564.027
2026-07-27 14:26:32.056,322,1573.803
2026-07-27 14:26:32.056,324,1583.578
2026-07-27 14:26:32.056,323,1578.69
2026-07-27 14:26:32.086,322,1573.803
2026-07-27 14:26:32.087,322,1573.803
2026-07-27 14:26:32.087,322,1573.803
2026-07-27 14:26:32.087,322,1573.803
2026-07-27 14:26:32.087,323,1578.69
2026-07-27 14:26:32.088,324,1583.578
2026-07-27 14:26:32.134,324,1583.578
2026-07-27 14:26:32.134,325,1588.465
2026-07-27 14:26:32.134,325,1588.465
2026-07-27 14:26:32.134,324,1583.578
2026-07-27 14:26:32.134,326,1593.353
2026-07-27 14:26:32.134,327,1598.24
2026-07-27 14:26:32.134,326,1593.353
2026-07-27 14:26:32.135,326,1593.353
2026-07-27 14:26:32.135,328,1603.128
2026-07-27 14:26:32.164,328,1603.128
2026-07-27 14:26:32.165,327,1598.24
2026-07-27 14:26:32.165,327,1598.24
2026-07-27 14:26:32.165,329,1608.016
2026-07-27 14:26:32.165,329,1608.016
2026-07-27 14:26:32.166,329,1608.016
2026-07-27 14:26:32.211,328,1603.128
2026-07-27 14:26:32.211,327,1598.24
2026-07-27 14:26:32.212,327,1598.24
2026-07-27 14:26:32.212,330,1612.903
2026-07-27 14:26:32.212,330,1612.903
2026-07-27 14:26:32.212,330,1612.903
2026-07-27 14:26:32.212,329,1608.016
2026-07-27 14:26:32.212,328,1603.128
2026-07-27 14:26:32.213,328,1603.128
2026-07-27 14:26:32.257,332,1622.678
2026-07-27 14:26:32.257,335,1637.341
2026-07-27 14:26:32.257,338,1652.004
2026-07-27 14:26:32.257,339,1656.891
2026-07-27 14:26:32.257,340,1661.779
2026-07-27 14:26:32.258,340,1661.779
2026-07-27 14:26:32.260,340,1661.779
2026-07-27 14:26:32.260,339,1656.891
2026-07-27 14:26:32.304,336,1642.229
2026-07-27 14:26:32.304,332,1622.678
2026-07-27 14:26:32.304,330,1612.903
2026-07-27 14:26:32.304,328,1603.128
2026-07-27 14:26:32.304,327,1598.24
2026-07-27 14:26:32.305,328,1603.128
2026-07-27 14:26:32.305,328,1603.128
2026-07-27 14:26:32.305,327,1598.24
2026-07-27 14:26:32.305,330,1612.903
2026-07-27 14:26:32.306,333,1627.566
2026-07-27 14:26:32.335,333,1627.566
2026-07-27 14:26:32.335,337,1647.116
2026-07-27 14:26:32.335,348,1700.88
2026-07-27 14:26:32.335,381,1862.17
2026-07-27 14:26:32.336,441,2155.425
2026-07-27 14:26:32.337,514,2512.219
2026-07-27 14:26:32.366,527,2575.758
2026-07-27 14:26:32.366,407,1989.247
2026-07-27 14:26:32.366,278,1358.749
2026-07-27 14:26:32.366,198,967.742
2026-07-27 14:26:32.366,226,1104.594
2026-07-27 14:26:32.371,290,1417.4
2026-07-27 14:26:32.374,321,1568.915
2026-07-27 14:26:32.412,336,1642.229
2026-07-27 14:26:32.412,350,1710.655
2026-07-27 14:26:32.412,355,1735.093
2026-07-27 14:26:32.413,351,1715.543
2026-07-27 14:26:32.413,344,1681.329
2026-07-27 14:26:32.413,344,1681.329
2026-07-27 14:26:32.413,348,1700.88
2026-07-27 14:26:32.415,350,1710.655
2026-07-27 14:26:32.445,351,1715.543
2026-07-27 14:26:32.445,349,1705.767
2026-07-27 14:26:32.445,349,1705.767
2026-07-27 14:26:32.445,351,1715.543
2026-07-27 14:26:32.445,355,1735.093
2026-07-27 14:26:32.448,357,1744.868
2026-07-27 14:26:32.452,355,1735.093
2026-07-27 14:26:32.491,356,1739.98
2026-07-27 14:26:32.491,357,1744.868
2026-07-27 14:26:32.491,361,1764.418
2026-07-27 14:26:32.491,363,1774.194
2026-07-27 14:26:32.492,364,1779.081
2026-07-27 14:26:32.492,367,1793.744
2026-07-27 14:26:32.496,368,1798.631
2026-07-27 14:26:32.496,368,1798.631
2026-07-27 14:26:32.498,369,1803.519
2026-07-27 14:26:32.539,376,1837.732
2026-07-27 14:26:32.539,381,1862.17
2026-07-27 14:26:32.539,386,1886.608
2026-07-27 14:26:32.539,394,1925.709
2026-07-27 14:26:32.539,403,1969.697
2026-07-27 14:26:32.540,409,1999.022
2026-07-27 14:26:32.540,419,2047.898
2026-07-27 14:26:32.547,432,2111.437
2026-07-27 14:26:32.548,437,2135.875
2026-07-27 14:26:32.584,438,2140.762
2026-07-27 14:26:32.584,441,2155.425
2026-07-27 14:26:32.584,442,2160.313
2026-07-27 14:26:32.585,434,2121.212
2026-07-27 14:26:32.585,421,2057.674
2026-07-27 14:26:32.585,402,1964.809
2026-07-27 14:26:32.585,379,1852.395
2026-07-27 14:26:32.587,361,1764.418
2026-07-27 14:26:32.615,344,1681.329
2026-07-27 14:26:32.615,329,1608.016
2026-07-27 14:26:32.616,317,1549.365
2026-07-27 14:26:32.616,311,1520.039
2026-07-27 14:26:32.616,305,1490.714
2026-07-27 14:26:32.618,303,1480.938
2026-07-27 14:26:32.646,299,1461.388
2026-07-27 14:26:32.647,297,1451.613
2026-07-27 14:26:32.647,296,1446.725
2026-07-27 14:26:32.647,298,1456.5
2026-07-27 14:26:32.647,300,1466.276
2026-07-27 14:26:32.677,299,1461.388
2026-07-27 14:26:32.677,301,1471.163
2026-07-27 14:26:32.677,306,1495.601
2026-07-27 14:26:32.677,308,1505.376
2026-07-27 14:26:32.677,308,1505.376
2026-07-27 14:26:32.678,309,1510.264
2026-07-27 14:26:32.680,312,1524.927
2026-07-27 14:26:32.708,314,1534.702
2026-07-27 14:26:32.708,313,1529.814
2026-07-27 14:26:32.709,313,1529.814
2026-07-27 14:26:32.709,314,1534.702
2026-07-27 14:26:32.709,316,1544.477
2026-07-27 14:26:32.712,316,1544.477
2026-07-27 14:26:32.741,316,1544.477
2026-07-27 14:26:32.742,317,1549.365
2026-07-27 14:26:32.742,322,1573.803
2026-07-27 14:26:32.742,325,1588.465
2026-07-27 14:26:32.742,325,1588.465
2026-07-27 14:26:32.744,324,1583.578
2026-07-27 14:26:32.748,323,1578.69
2026-07-27 14:26:32.786,324,1583.578
2026-07-27 14:26:32.787,328,1603.128
2026-07-27 14:26:32.787,331,1617.791
2026-07-27 14:26:32.787,330,1612.903
2026-07-27 14:26:32.787,330,1612.903
2026-07-27 14:26:32.787,330,1612.903
2026-07-27 14:26:32.787,331,1617.791
2026-07-27 14:26:32.790,333,1627.566
2026-07-27 14:26:32.817,334,1632.454
2026-07-27 14:26:32.817,334,1632.454
2026-07-27 14:26:32.818,334,1632.454
2026-07-27 14:26:32.818,334,1632.454
2026-07-27 14:26:32.818,336,1642.229
2026-07-27 14:26:32.821,337,1647.116
2026-07-27 14:26:32.849,335,1637.341
2026-07-27 14:26:32.849,335,1637.341
2026-07-27 14:26:32.849,336,1642.229
2026-07-27 14:26:32.849,336,1642.229
2026-07-27 14:26:32.849,335,1637.341
2026-07-27 14:26:32.852,332,1622.678
2026-07-27 14:26:32.881,332,1622.678
2026-07-27 14:26:32.881,333,1627.566
2026-07-27 14:26:32.881,334,1632.454
2026-07-27 14:26:32.881,337,1647.116
2026-07-27 14:26:32.881,336,1642.229
2026-07-27 14:26:32.883,333,1627.566
2026-07-27 14:26:32.912,332,1622.678
2026-07-27 14:26:32.912,335,1637.341
2026-07-27 14:26:32.912,342,1671.554
2026-07-27 14:26:32.912,347,1695.992
2026-07-27 14:26:32.912,345,1686.217
2026-07-27 14:26:32.914,344,1681.329
2026-07-27 14:26:32.942,342,1671.554
2026-07-27 14:26:32.942,341,1666.667
2026-07-27 14:26:32.943,340,1661.779
2026-07-27 14:26:32.943,340,1661.779
2026-07-27 14:26:32.947,340,1661.779
2026-07-27 14:26:32.947,339,1656.891
2026-07-27 14:26:32.951,338,1652.004
2026-07-27 14:26:32.989,337,1647.116
2026-07-27 14:26:32.989,337,1647.116
2026-07-27 14:26:32.989,336,1642.229
2026-07-27 14:26:32.989,335,1637.341
2026-07-27 14:26:32.989,334,1632.454
2026-07-27 14:26:32.990,336,1642.229
2026-07-27 14:26:32.990,336,1642.229
2026-07-27 14:26:32.992,334,1632.454
2026-07-27 14:26:33.035,334,1632.454
2026-07-27 14:26:33.036,334,1632.454
2026-07-27 14:26:33.040,332,1622.678
2026-07-27 14:26:33.040,330,1612.903
2026-07-27 14:26:33.040,329,1608.016
2026-07-27 14:26:33.040,329,1608.016
2026-07-27 14:26:33.040,329,1608.016
2026-07-27 14:26:33.040,329,1608.016
2026-07-27 14:26:33.041,326,1593.353
2026-07-27 14:26:33.081,323,1578.69
2026-07-27 14:26:33.081,322,1573.803
2026-07-27 14:26:33.082,324,1583.578
2026-07-27 14:26:33.082,326,1593.353
2026-07-27 14:26:33.082,329,1608.016
2026-07-27 14:26:33.082,330,1612.903
2026-07-27 14:26:33.082,326,1593.353
2026-07-27 14:26:33.082,323,1578.69
2026-07-27 14:26:33.086,322,1573.803
2026-07-27 14:26:33.113,322,1573.803
2026-07-27 14:26:33.113,323,1578.69
2026-07-27 14:26:33.113,322,1573.803
2026-07-27 14:26:33.113,323,1578.69
2026-07-27 14:26:33.114,326,1593.353
2026-07-27 14:26:33.117,326,1593.353
2026-07-27 14:26:33.144,325,1588.465
2026-07-27 14:26:33.144,324,1583.578
2026-07-27 14:26:33.145,324,1583.578
2026-07-27 14:26:33.145,326,1593.353
2026-07-27 14:26:33.145,328,1603.128
2026-07-27 14:26:33.176,330,1612.903
2026-07-27 14:26:33.176,330,1612.903
2026-07-27 14:26:33.176,330,1612.903
2026-07-27 14:26:33.176,331,1617.791
2026-07-27 14:26:33.176,331,1617.791
2026-07-27 14:26:33.176,326,1593.353
2026-07-27 14:26:33.207,324,1583.578
2026-07-27 14:26:33.207,322,1573.803
2026-07-27 14:26:33.207,318,1554.252
2026-07-27 14:26:33.207,316,1544.477
2026-07-27 14:26:33.207,316,1544.477
2026-07-27 14:26:33.208,317,1549.365
2026-07-27 14:26:33.211,316,1544.477
2026-07-27 14:26:33.238,316,1544.477
2026-07-27 14:26:33.239,316,1544.477
2026-07-27 14:26:33.239,316,1544.477
2026-07-27 14:26:33.239,320,1564.027
2026-07-27 14:26:33.239,329,1608.016
2026-07-27 14:26:33.242,354,1730.205
2026-07-27 14:26:33.285,403,1969.697
2026-07-27 14:26:33.285,476,2326.491
2026-07-27 14:26:33.285,511,2497.556
2026-07-27 14:26:33.285,411,2008.798
2026-07-27 14:26:33.285,273,1334.311
2026-07-27 14:26:33.286,178,869.99
2026-07-27 14:26:33.286,187,913.978
2026-07-27 14:26:33.286,256,1251.222
2026-07-27 14:26:33.291,294,1436.95
2026-07-27 14:26:33.297,312,1524.927
2026-07-27 14:26:33.299,328,1603.128
2026-07-27 14:26:33.332,333,1627.566
2026-07-27 14:26:33.332,328,1603.128
2026-07-27 14:26:33.333,321,1568.915
2026-07-27 14:26:33.333,321,1568.915
2026-07-27 14:26:33.333,326,1593.353
2026-07-27 14:26:33.333,328,1603.128
2026-07-27 14:26:33.336,330,1612.903
2026-07-27 14:26:33.363,330,1612.903
2026-07-27 14:26:33.363,330,1612.903
2026-07-27 14:26:33.363,332,1622.678
2026-07-27 14:26:33.363,333,1627.566
2026-07-27 14:26:33.363,334,1632.454
2026-07-27 14:26:33.368,334,1632.454
2026-07-27 14:26:33.374,334,1632.454
2026-07-27 14:26:33.394,335,1637.341
2026-07-27 14:26:33.394,337,1647.116
2026-07-27 14:26:33.394,339,1656.891
2026-07-27 14:26:33.395,341,1666.667
2026-07-27 14:26:33.400,342,1671.554
2026-07-27 14:26:33.403,344,1681.329
2026-07-27 14:26:33.440,348,1700.88
2026-07-27 14:26:33.440,350,1710.655
2026-07-27 14:26:33.440,356,1739.98
2026-07-27 14:26:33.441,363,1774.194
2026-07-27 14:26:33.441,369,1803.519
2026-07-27 14:26:33.441,376,1837.732
2026-07-27 14:26:33.441,385,1881.72
2026-07-27 14:26:33.445,394,1925.709
2026-07-27 14:26:33.471,402,1964.809
2026-07-27 14:26:33.472,409,1999.022
2026-07-27 14:26:33.472,416,2033.236
2026-07-27 14:26:33.472,419,2047.898
2026-07-27 14:26:33.472,421,2057.674
2026-07-27 14:26:33.476,422,2062.561
2026-07-27 14:26:33.502,417,2038.123
2026-07-27 14:26:33.502,406,1984.36
2026-07-27 14:26:33.503,389,1901.271
2026-07-27 14:26:33.503,368,1798.631
2026-07-27 14:26:33.507,349,1705.767
2026-07-27 14:26:33.507,334,1632.454
2026-07-27 14:26:33.533,318,1554.252
2026-07-27 14:26:33.533,305,1490.714
2026-07-27 14:26:33.533,294,1436.95
2026-07-27 14:26:33.539,285,1392.962
2026-07-27 14:26:33.540,282,1378.299
2026-07-27 14:26:33.540,281,1373.412
2026-07-27 14:26:33.544,279,1363.636
2026-07-27 14:26:33.596,277,1353.861
2026-07-27 14:26:33.596,279,1363.636
2026-07-27 14:26:33.596,282,1378.299
2026-07-27 14:26:33.596,283,1383.187
2026-07-27 14:26:33.596,284,1388.074
2026-07-27 14:26:33.596,284,1388.074
2026-07-27 14:26:33.596,285,1392.962
2026-07-27 14:26:33.596,287,1402.737
2026-07-27 14:26:33.597,287,1402.737
2026-07-27 14:26:33.604,287,1402.737
2026-07-27 14:26:33.604,287,1402.737
2026-07-27 14:26:33.606,288,1407.625
2026-07-27 14:26:33.642,287,1402.737
2026-07-27 14:26:33.643,289,1412.512
2026-07-27 14:26:33.643,291,1422.287
2026-07-27 14:26:33.643,292,1427.175
2026-07-27 14:26:33.643,292,1427.175
2026-07-27 14:26:33.643,294,1436.95
2026-07-27 14:26:33.644,294,1436.95
2026-07-27 14:26:33.648,295,1441.838
2026-07-27 14:26:33.674,297,1451.613
2026-07-27 14:26:33.674,300,1466.276
2026-07-27 14:26:33.675,300,1466.276
2026-07-27 14:26:33.675,301,1471.163
2026-07-27 14:26:33.678,300,1466.276
2026-07-27 14:26:33.680,301,1471.163
2026-07-27 14:26:33.685,302,1476.051
2026-07-27 14:26:33.721,304,1485.826
2026-07-27 14:26:33.721,305,1490.714
2026-07-27 14:26:33.721,304,1485.826
2026-07-27 14:26:33.721,305,1490.714
2026-07-27 14:26:33.721,305,1490.714
2026-07-27 14:26:33.721,304,1485.826
2026-07-27 14:26:33.722,302,1476.051
2026-07-27 14:26:33.726,301,1471.163
2026-07-27 14:26:33.752,302,1476.051
2026-07-27 14:26:33.752,306,1495.601
2026-07-27 14:26:33.752,306,1495.601
2026-07-27 14:26:33.752,302,1476.051
2026-07-27 14:26:33.753,301,1471.163
2026-07-27 14:26:33.757,302,1476.051
2026-07-27 14:26:33.813,304,1485.826
2026-07-27 14:26:33.813,303,1480.938
2026-07-27 14:26:33.813,302,1476.051
2026-07-27 14:26:33.813,304,1485.826
2026-07-27 14:26:33.813,304,1485.826
2026-07-27 14:26:33.814,304,1485.826
2026-07-27 14:26:33.814,306,1495.601
2026-07-27 14:26:33.814,307,1500.489
2026-07-27 14:26:33.814,307,1500.489
2026-07-27 14:26:33.814,309,1510.264
2026-07-27 14:26:33.814,310,1515.152
2026-07-27 14:26:33.860,308,1505.376
2026-07-27 14:26:33.860,308,1505.376
2026-07-27 14:26:33.860,309,1510.264
2026-07-27 14:26:33.861,311,1520.039
2026-07-27 14:26:33.861,310,1515.152
2026-07-27 14:26:33.884,307,1500.489
2026-07-27 14:26:33.884,309,1510.264
2026-07-27 14:26:33.885,312,1524.927
2026-07-27 14:26:33.885,313,1529.814
2026-07-27 14:26:33.885,313,1529.814
2026-07-27 14:26:33.885,313,1529.814
2026-07-27 14:26:33.885,312,1524.927
2026-07-27 14:26:33.885,312,1524.927
2026-07-27 14:26:33.887,312,1524.927
2026-07-27 14:26:33.939,315,1539.589
2026-07-27 14:26:33.940,319,1559.14
2026-07-27 14:26:33.940,320,1564.027
2026-07-27 14:26:33.940,318,1554.252
2026-07-27 14:26:33.940,317,1549.365
2026-07-27 14:26:33.940,318,1554.252
2026-07-27 14:26:33.940,319,1559.14
2026-07-27 14:26:33.940,320,1564.027
2026-07-27 14:26:33.941,320,1564.027
2026-07-27 14:26:33.941,319,1559.14
2026-07-27 14:26:33.987,318,1554.252
2026-07-27 14:26:33.987,316,1544.477
2026-07-27 14:26:33.988,318,1554.252
2026-07-27 14:26:33.988,321,1568.915
2026-07-27 14:26:33.988,321,1568.915
2026-07-27 14:26:33.988,317,1549.365
2026-07-27 14:26:33.988,316,1544.477
2026-07-27 14:26:33.988,321,1568.915
2026-07-27 14:26:33.989,327,1598.24
2026-07-27 14:26:33.992,327,1598.24
2026-07-27 14:26:34.034,325,1588.465
2026-07-27 14:26:34.035,324,1583.578
2026-07-27 14:26:34.035,324,1583.578
2026-07-27 14:26:34.035,324,1583.578
2026-07-27 14:26:34.035,322,1573.803
2026-07-27 14:26:34.035,321,1568.915
2026-07-27 14:26:34.035,322,1573.803
2026-07-27 14:26:34.036,324,1583.578
2026-07-27 14:26:34.038,326,1593.353
2026-07-27 14:26:34.065,326,1593.353
2026-07-27 14:26:34.071,328,1603.128
2026-07-27 14:26:34.071,333,1627.566
2026-07-27 14:26:34.071,336,1642.229
2026-07-27 14:26:34.071,338,1652.004
2026-07-27 14:26:34.072,338,1652.004
2026-07-27 14:26:34.112,337,1647.116
2026-07-27 14:26:34.112,333,1627.566
2026-07-27 14:26:34.113,329,1608.016
2026-07-27 14:26:34.113,328,1603.128
2026-07-27 14:26:34.113,325,1588.465
2026-07-27 14:26:34.113,323,1578.69
2026-07-27 14:26:34.113,322,1573.803
2026-07-27 14:26:34.113,325,1588.465
2026-07-27 14:26:34.116,326,1593.353
2026-07-27 14:26:34.143,325,1588.465
2026-07-27 14:26:34.143,326,1593.353
2026-07-27 14:26:34.143,329,1608.016
2026-07-27 14:26:34.143,333,1627.566
2026-07-27 14:26:34.143,342,1671.554
2026-07-27 14:26:34.148,363,1774.194
2026-07-27 14:26:34.188,409,1999.022
2026-07-27 14:26:34.188,480,2346.041
2026-07-27 14:26:34.189,539,2634.409
2026-07-27 14:26:34.189,472,2306.94
2026-07-27 14:26:34.189,321,1568.915
2026-07-27 14:26:34.189,202,987.292
2026-07-27 14:26:34.189,197,962.854
2026-07-27 14:26:34.189,270,1319.648
2026-07-27 14:26:34.235,313,1529.814
2026-07-27 14:26:34.236,324,1583.578
2026-07-27 14:26:34.236,334,1632.454
2026-07-27 14:26:34.236,344,1681.329
2026-07-27 14:26:34.236,347,1695.992
2026-07-27 14:26:34.236,342,1671.554
2026-07-27 14:26:34.236,340,1661.779
2026-07-27 14:26:34.236,342,1671.554
2026-07-27 14:26:34.236,344,1681.329
2026-07-27 14:26:34.282,344,1681.329
2026-07-27 14:26:34.283,346,1691.105
2026-07-27 14:26:34.283,348,1700.88
2026-07-27 14:26:34.283,348,1700.88
2026-07-27 14:26:34.283,349,1705.767
2026-07-27 14:26:34.283,351,1715.543
2026-07-27 14:26:34.283,353,1725.318
2026-07-27 14:26:34.283,353,1725.318
2026-07-27 14:26:34.283,353,1725.318
2026-07-27 14:26:34.329,354,1730.205
2026-07-27 14:26:34.329,354,1730.205
2026-07-27 14:26:34.329,356,1739.98
2026-07-27 14:26:34.329,359,1754.643
2026-07-27 14:26:34.329,359,1754.643
2026-07-27 14:26:34.329,358,1749.756
2026-07-27 14:26:34.329,363,1774.194
2026-07-27 14:26:34.329,368,1798.631
2026-07-27 14:26:34.329,372,1818.182
2026-07-27 14:26:34.377,377,1842.62
2026-07-27 14:26:34.378,382,1867.058
2026-07-27 14:26:34.378,392,1915.934
2026-07-27 14:26:34.378,403,1969.697
2026-07-27 14:26:34.378,412,2013.685
2026-07-27 14:26:34.378,418,2043.011
2026-07-27 14:26:34.378,423,2067.449
2026-07-27 14:26:34.380,428,2091.887
2026-07-27 14:26:34.382,432,2111.437
2026-07-27 14:26:34.382,434,2121.212
2026-07-27 14:26:34.386,430,2101.662
2026-07-27 14:26:34.439,420,2052.786
2026-07-27 14:26:34.439,406,1984.36
2026-07-27 14:26:34.439,389,1901.271
2026-07-27 14:26:34.439,372,1818.182
2026-07-27 14:26:34.440,352,1720.43
2026-07-27 14:26:34.440,334,1632.454
2026-07-27 14:26:34.440,321,1568.915
2026-07-27 14:26:34.440,313,1529.814
2026-07-27 14:26:34.440,306,1495.601
2026-07-27 14:26:34.441,300,1466.276
2026-07-27 14:26:34.443,296,1446.725
2026-07-27 14:26:34.485,296,1446.725
2026-07-27 14:26:34.485,297,1451.613
2026-07-27 14:26:34.486,296,1446.725
2026-07-27 14:26:34.486,296,1446.725
2026-07-27 14:26:34.486,296,1446.725
2026-07-27 14:26:34.486,296,1446.725
2026-07-27 14:26:34.486,296,1446.725
2026-07-27 14:26:34.487,297,1451.613
2026-07-27 14:26:34.490,299,1461.388
2026-07-27 14:26:34.532,300,1466.276
2026-07-27 14:26:34.532,301,1471.163
2026-07-27 14:26:34.533,301,1471.163
2026-07-27 14:26:34.533,299,1461.388
2026-07-27 14:26:34.533,299,1461.388
2026-07-27 14:26:34.533,301,1471.163
2026-07-27 14:26:34.533,302,1476.051
2026-07-27 14:26:34.534,301,1471.163
2026-07-27 14:26:34.537,301,1471.163
2026-07-27 14:26:34.578,301,1471.163
2026-07-27 14:26:34.579,302,1476.051
2026-07-27 14:26:34.579,304,1485.826
2026-07-27 14:26:34.579,305,1490.714
2026-07-27 14:26:34.579,303,1480.938
2026-07-27 14:26:34.583,303,1480.938
2026-07-27 14:26:34.583,305,1490.714
2026-07-27 14:26:34.583,308,1505.376
2026-07-27 14:26:34.584,308,1505.376
2026-07-27 14:26:34.627,307,1500.489
2026-07-27 14:26:34.627,308,1505.376
2026-07-27 14:26:34.627,309,1510.264
2026-07-27 14:26:34.628,311,1520.039
2026-07-27 14:26:34.628,312,1524.927
2026-07-27 14:26:34.628,311,1520.039
2026-07-27 14:26:34.628,309,1510.264
2026-07-27 14:26:34.630,310,1515.152
2026-07-27 14:26:34.631,312,1524.927
2026-07-27 14:26:34.672,311,1520.039
2026-07-27 14:26:34.672,311,1520.039
2026-07-27 14:26:34.672,311,1520.039
2026-07-27 14:26:34.673,312,1524.927
2026-07-27 14:26:34.673,310,1515.152
2026-07-27 14:26:34.673,311,1520.039
2026-07-27 14:26:34.673,312,1524.927
2026-07-27 14:26:34.673,311,1520.039
2026-07-27 14:26:34.720,311,1520.039
2026-07-27 14:26:34.720,310,1515.152
2026-07-27 14:26:34.720,311,1520.039
2026-07-27 14:26:34.720,314,1534.702
2026-07-27 14:26:34.720,316,1544.477
2026-07-27 14:26:34.720,314,1534.702
2026-07-27 14:26:34.720,314,1534.702
2026-07-27 14:26:34.721,312,1524.927
2026-07-27 14:26:34.722,313,1529.814
2026-07-27 14:26:34.726,313,1529.814
2026-07-27 14:26:34.730,313,1529.814
2026-07-27 14:26:34.781,315,1539.589
2026-07-27 14:26:34.781,316,1544.477
2026-07-27 14:26:34.782,316,1544.477
2026-07-27 14:26:34.782,316,1544.477
2026-07-27 14:26:34.782,316,1544.477
2026-07-27 14:26:34.782,317,1549.365
2026-07-27 14:26:34.782,317,1549.365
2026-07-27 14:26:34.782,317,1549.365
2026-07-27 14:26:34.783,319,1559.14
2026-07-27 14:26:34.783,318,1554.252
2026-07-27 14:26:34.787,318,1554.252
2026-07-27 14:26:34.827,317,1549.365
2026-07-27 14:26:34.828,317,1549.365
2026-07-27 14:26:34.828,318,1554.252
2026-07-27 14:26:34.828,318,1554.252
2026-07-27 14:26:34.828,317,1549.365
2026-07-27 14:26:34.828,317,1549.365
2026-07-27 14:26:34.828,321,1568.915
2026-07-27 14:26:34.829,321,1568.915
2026-07-27 14:26:34.874,321,1568.915
2026-07-27 14:26:34.874,321,1568.915
2026-07-27 14:26:34.874,322,1573.803
2026-07-27 14:26:34.874,323,1578.69
2026-07-27 14:26:34.875,323,1578.69
2026-07-27 14:26:34.875,323,1578.69
2026-07-27 14:26:34.875,324,1583.578
2026-07-27 14:26:34.875,325,1588.465
2026-07-27 14:26:34.876,322,1573.803
2026-07-27 14:26:34.922,321,1568.915
2026-07-27 14:26:34.922,323,1578.69
2026-07-27 14:26:34.922,325,1588.465
2026-07-27 14:26:34.922,326,1593.353
2026-07-27 14:26:34.922,325,1588.465
2026-07-27 14:26:34.922,324,1583.578
2026-07-27 14:26:34.922,325,1588.465
2026-07-27 14:26:34.923,326,1593.353
2026-07-27 14:26:34.923,327,1598.24
2026-07-27 14:26:34.968,327,1598.24
2026-07-27 14:26:34.968,327,1598.24
2026-07-27 14:26:34.968,326,1593.353
2026-07-27 14:26:34.969,324,1583.578
2026-07-27 14:26:34.969,325,1588.465
2026-07-27 14:26:34.969,325,1588.465
2026-07-27 14:26:34.969,328,1603.128
2026-07-27 14:26:34.969,327,1598.24
2026-07-27 14:26:34.969,327,1598.24
2026-07-27 14:26:35.014,329,1608.016
2026-07-27 14:26:35.014,333,1627.566
2026-07-27 14:26:35.014,336,1642.229
2026-07-27 14:26:35.014,336,1642.229
2026-07-27 14:26:35.015,334,1632.454
2026-07-27 14:26:35.015,330,1612.903
2026-07-27 14:26:35.015,327,1598.24
2026-07-27 14:26:35.015,327,1598.24
2026-07-27 14:26:35.016,325,1588.465
2026-07-27 14:26:35.060,321,1568.915
2026-07-27 14:26:35.061,319,1559.14
2026-07-27 14:26:35.061,321,1568.915
2026-07-27 14:26:35.061,322,1573.803
2026-07-27 14:26:35.061,322,1573.803
2026-07-27 14:26:35.061,324,1583.578
2026-07-27 14:26:35.061,325,1588.465
2026-07-27 14:26:35.061,324,1583.578
2026-07-27 14:26:35.062,333,1627.566
2026-07-27 14:26:35.112,351,1715.543
2026-07-27 14:26:35.112,392,1915.934
2026-07-27 14:26:35.114,460,2248.289
2026-07-27 14:26:35.114,533,2605.083
2026-07-27 14:26:35.119,499,2438.905
2026-07-27 14:26:35.119,359,1754.643
2026-07-27 14:26:35.119,236,1153.47
2026-07-27 14:26:35.119,189,923.754
2026-07-27 14:26:35.120,246,1202.346
2026-07-27 14:26:35.120,301,1471.163
2026-07-27 14:26:35.123,321,1568.915
2026-07-27 14:26:35.125,336,1642.229
2026-07-27 14:26:35.170,350,1710.655
2026-07-27 14:26:35.170,351,1715.543
2026-07-27 14:26:35.170,347,1695.992
2026-07-27 14:26:35.170,344,1681.329
2026-07-27 14:26:35.170,344,1681.329
2026-07-27 14:26:35.170,346,1691.105
2026-07-27 14:26:35.171,348,1700.88
2026-07-27 14:26:35.171,350,1710.655
2026-07-27 14:26:35.172,352,1720.43
2026-07-27 14:26:35.216,353,1725.318
2026-07-27 14:26:35.217,354,1730.205
2026-07-27 14:26:35.217,354,1730.205
2026-07-27 14:26:35.217,353,1725.318
2026-07-27 14:26:35.217,354,1730.205
2026-07-27 14:26:35.217,358,1749.756
2026-07-27 14:26:35.217,361,1764.418
2026-07-27 14:26:35.217,362,1769.306
2026-07-27 14:26:35.218,361,1764.418
2026-07-27 14:26:35.263,363,1774.194
2026-07-27 14:26:35.263,365,1783.969
2026-07-27 14:26:35.263,369,1803.519
2026-07-27 14:26:35.263,372,1818.182
2026-07-27 14:26:35.263,374,1827.957
2026-07-27 14:26:35.263,378,1847.507
2026-07-27 14:26:35.264,384,1876.833
2026-07-27 14:26:35.264,392,1915.934
2026-07-27 14:26:35.268,400,1955.034
2026-07-27 14:26:35.270,407,1989.247
2026-07-27 14:26:35.309,416,2033.236
2026-07-27 14:26:35.309,423,2067.449
2026-07-27 14:26:35.309,430,2101.662
2026-07-27 14:26:35.309,437,2135.875
2026-07-27 14:26:35.309,440,2150.538
2026-07-27 14:26:35.310,440,2150.538
2026-07-27 14:26:35.310,439,2145.65
2026-07-27 14:26:35.312,432,2111.437
2026-07-27 14:26:35.355,418,2043.011
2026-07-27 14:26:35.356,399,1950.147
2026-07-27 14:26:35.356,376,1837.732
2026-07-27 14:26:35.356,355,1735.093
2026-07-27 14:26:35.356,339,1656.891
2026-07-27 14:26:35.356,326,1593.353
2026-07-27 14:26:35.357,314,1534.702
2026-07-27 14:26:35.357,305,1490.714
2026-07-27 14:26:35.359,297,1451.613
2026-07-27 14:26:35.402,293,1432.063
2026-07-27 14:26:35.402,291,1422.287
2026-07-27 14:26:35.403,289,1412.512
2026-07-27 14:26:35.403,288,1407.625
2026-07-27 14:26:35.404,288,1407.625
2026-07-27 14:26:35.404,287,1402.737
2026-07-27 14:26:35.404,287,1402.737
2026-07-27 14:26:35.406,288,1407.625
2026-07-27 14:26:35.406,290,1417.4
2026-07-27 14:26:35.448,289,1412.512
2026-07-27 14:26:35.448,288,1407.625
2026-07-27 14:26:35.448,288,1407.625
2026-07-27 14:26:35.448,289,1412.512
2026-07-27 14:26:35.448,291,1422.287
2026-07-27 14:26:35.449,293,1432.063
2026-07-27 14:26:35.449,293,1432.063
2026-07-27 14:26:35.450,292,1427.175
2026-07-27 14:26:35.453,294,1436.95
2026-07-27 14:26:35.494,297,1451.613
2026-07-27 14:26:35.494,299,1461.388
2026-07-27 14:26:35.494,300,1466.276
2026-07-27 14:26:35.494,301,1471.163
2026-07-27 14:26:35.494,302,1476.051
2026-07-27 14:26:35.495,305,1490.714
2026-07-27 14:26:35.495,307,1500.489
2026-07-27 14:26:35.495,306,1495.601
2026-07-27 14:26:35.541,305,1490.714
2026-07-27 14:26:35.542,306,1495.601
2026-07-27 14:26:35.542,307,1500.489
2026-07-27 14:26:35.542,307,1500.489
2026-07-27 14:26:35.542,308,1505.376
2026-07-27 14:26:35.542,309,1510.264
2026-07-27 14:26:35.542,312,1524.927
2026-07-27 14:26:35.543,312,1524.927
2026-07-27 14:26:35.543,312,1524.927
2026-07-27 14:26:35.546,312,1524.927
2026-07-27 14:26:35.587,310,1515.152
2026-07-27 14:26:35.588,311,1520.039
2026-07-27 14:26:35.588,316,1544.477
2026-07-27 14:26:35.588,318,1554.252
2026-07-27 14:26:35.588,317,1549.365
2026-07-27 14:26:35.588,314,1534.702
2026-07-27 14:26:35.589,313,1529.814
2026-07-27 14:26:35.591,314,1534.702
2026-07-27 14:26:35.593,316,1544.477
2026-07-27 14:26:35.633,316,1544.477
2026-07-27 14:26:35.633,316,1544.477
2026-07-27 14:26:35.636,315,1539.589
2026-07-27 14:26:35.637,316,1544.477
2026-07-27 14:26:35.637,316,1544.477
2026-07-27 14:26:35.637,314,1534.702
2026-07-27 14:26:35.637,315,1539.589
2026-07-27 14:26:35.637,318,1554.252
2026-07-27 14:26:35.640,321,1568.915
2026-07-27 14:26:35.680,320,1564.027
2026-07-27 14:26:35.680,317,1549.365
2026-07-27 14:26:35.680,316,1544.477
2026-07-27 14:26:35.681,318,1554.252
2026-07-27 14:26:35.681,321,1568.915
2026-07-27 14:26:35.681,321,1568.915
2026-07-27 14:26:35.681,322,1573.803
2026-07-27 14:26:35.681,321,1568.915
2026-07-27 14:26:35.727,320,1564.027
2026-07-27 14:26:35.727,319,1559.14
2026-07-27 14:26:35.728,321,1568.915
2026-07-27 14:26:35.728,322,1573.803
2026-07-27 14:26:35.728,322,1573.803
2026-07-27 14:26:35.728,322,1573.803
2026-07-27 14:26:35.728,321,1568.915
2026-07-27 14:26:35.728,323,1578.69
2026-07-27 14:26:35.728,324,1583.578
2026-07-27 14:26:35.774,323,1578.69
2026-07-27 14:26:35.774,322,1573.803
2026-07-27 14:26:35.775,323,1578.69
2026-07-27 14:26:35.775,322,1573.803
2026-07-27 14:26:35.775,323,1578.69
2026-07-27 14:26:35.775,322,1573.803
2026-07-27 14:26:35.775,322,1573.803
2026-07-27 14:26:35.775,322,1573.803
2026-07-27 14:26:35.780,322,1573.803
2026-07-27 14:26:35.780,324,1583.578
2026-07-27 14:26:35.821,326,1593.353
2026-07-27 14:26:35.821,326,1593.353
2026-07-27 14:26:35.821,324,1583.578
2026-07-27 14:26:35.821,324,1583.578
2026-07-27 14:26:35.821,325,1588.465
2026-07-27 14:26:35.821,325,1588.465
2026-07-27 14:26:35.821,324,1583.578
2026-07-27 14:26:35.822,325,1588.465
2026-07-27 14:26:35.851,326,1593.353
2026-07-27 14:26:35.851,326,1593.353
2026-07-27 14:26:35.852,327,1598.24
2026-07-27 14:26:35.852,327,1598.24
2026-07-27 14:26:35.852,327,1598.24
2026-07-27 14:26:35.853,326,1593.353
2026-07-27 14:26:35.882,327,1598.24
2026-07-27 14:26:35.883,327,1598.24
2026-07-27 14:26:35.883,327,1598.24
2026-07-27 14:26:35.883,327,1598.24
2026-07-27 14:26:35.883,327,1598.24
2026-07-27 14:26:35.884,328,1603.128
2026-07-27 14:26:35.914,328,1603.128
2026-07-27 14:26:35.915,327,1598.24
2026-07-27 14:26:35.916,328,1603.128
2026-07-27 14:26:35.916,330,1612.903
2026-07-27 14:26:35.916,332,1622.678
2026-07-27 14:26:35.918,335,1637.341
2026-07-27 14:26:35.921,339,1656.891
2026-07-27 14:26:35.960,340,1661.779
2026-07-27 14:26:35.960,341,1666.667
2026-07-27 14:26:35.960,339,1656.891
2026-07-27 14:26:35.960,335,1637.341
2026-07-27 14:26:35.960,333,1627.566
2026-07-27 14:26:35.960,333,1627.566
2026-07-27 14:26:35.961,330,1612.903
2026-07-27 14:26:35.962,326,1593.353
2026-07-27 14:26:35.991,325,1588.465
2026-07-27 14:26:35.991,327,1598.24
2026-07-27 14:26:35.991,328,1603.128
2026-07-27 14:26:35.991,329,1608.016
2026-07-27 14:26:35.992,329,1608.016
2026-07-27 14:26:35.993,330,1612.903
2026-07-27 14:26:36.038,330,1612.903
2026-07-27 14:26:36.038,337,1647.116
2026-07-27 14:26:36.038,357,1744.868
2026-07-27 14:26:36.038,402,1964.809
2026-07-27 14:26:36.038,474,2316.716
2026-07-27 14:26:36.039,540,2639.296
2026-07-27 14:26:36.039,483,2360.704
2026-07-27 14:26:36.039,336,1642.229
2026-07-27 14:26:36.040,217,1060.606
2026-07-27 14:26:36.068,192,938.416
2026-07-27 14:26:36.068,257,1256.109
2026-07-27 14:26:36.069,305,1490.714
2026-07-27 14:26:36.069,320,1564.027
2026-07-27 14:26:36.069,334,1632.454
2026-07-27 14:26:36.071,346,1691.105
2026-07-27 14:26:36.100,346,1691.105
2026-07-27 14:26:36.100,339,1656.891
2026-07-27 14:26:36.100,339,1656.891
2026-07-27 14:26:36.100,343,1676.442
2026-07-27 14:26:36.100,344,1681.329
2026-07-27 14:26:36.102,343,1676.442
2026-07-27 14:26:36.130,343,1676.442
2026-07-27 14:26:36.130,344,1681.329
2026-07-27 14:26:36.130,347,1695.992
2026-07-27 14:26:36.131,348,1700.88
2026-07-27 14:26:36.134,347,1695.992
2026-07-27 14:26:36.135,346,1691.105
2026-07-27 14:26:36.162,343,1676.442
2026-07-27 14:26:36.162,343,1676.442
2026-07-27 14:26:36.162,346,1691.105
2026-07-27 14:26:36.162,348,1700.88
2026-07-27 14:26:36.162,350,1710.655
2026-07-27 14:26:36.165,351,1715.543
2026-07-27 14:26:36.193,351,1715.543
2026-07-27 14:26:36.193,353,1725.318
2026-07-27 14:26:36.193,357,1744.868
2026-07-27 14:26:36.194,361,1764.418
2026-07-27 14:26:36.194,364,1779.081
2026-07-27 14:26:36.225,369,1803.519
2026-07-27 14:26:36.226,375,1832.845
2026-07-27 14:26:36.226,384,1876.833
2026-07-27 14:26:36.226,393,1920.821
2026-07-27 14:26:36.226,402,1964.809
2026-07-27 14:26:36.226,413,2018.573
2026-07-27 14:26:36.227,420,2052.786
2026-07-27 14:26:36.255,425,2077.224
2026-07-27 14:26:36.255,429,2096.774
2026-07-27 14:26:36.255,429,2096.774
2026-07-27 14:26:36.255,426,2082.111
2026-07-27 14:26:36.255,416,2033.236
2026-07-27 14:26:36.286,401,1959.922
2026-07-27 14:26:36.286,382,1867.058
2026-07-27 14:26:36.286,364,1779.081
2026-07-27 14:26:36.286,344,1681.329
2026-07-27 14:26:36.287,327,1598.24
2026-07-27 14:26:36.287,311,1520.039
2026-07-27 14:26:36.317,299,1461.388
2026-07-27 14:26:36.317,291,1422.287
2026-07-27 14:26:36.317,287,1402.737
2026-07-27 14:26:36.318,286,1397.849
2026-07-27 14:26:36.318,284,1388.074
2026-07-27 14:26:36.318,281,1373.412
2026-07-27 14:26:36.321,279,1363.636
2026-07-27 14:26:36.349,279,1363.636
2026-07-27 14:26:36.349,280,1368.524
2026-07-27 14:26:36.349,281,1373.412
2026-07-27 14:26:36.349,282,1378.299
2026-07-27 14:26:36.349,283,1383.187
2026-07-27 14:26:36.380,284,1388.074
2026-07-27 14:26:36.380,285,1392.962
2026-07-27 14:26:36.381,286,1397.849
2026-07-27 14:26:36.381,288,1407.625
2026-07-27 14:26:36.381,287,1402.737
2026-07-27 14:26:36.381,288,1407.625
2026-07-27 14:26:36.383,289,1412.512
2026-07-27 14:26:36.411,293,1432.063
2026-07-27 14:26:36.412,296,1446.725
2026-07-27 14:26:36.412,298,1456.5
2026-07-27 14:26:36.412,296,1446.725
2026-07-27 14:26:36.412,293,1432.063
2026-07-27 14:26:36.442,295,1441.838
2026-07-27 14:26:36.442,298,1456.5
2026-07-27 14:26:36.442,299,1461.388
2026-07-27 14:26:36.442,299,1461.388
2026-07-27 14:26:36.442,300,1466.276
2026-07-27 14:26:36.442,301,1471.163
2026-07-27 14:26:36.446,304,1485.826
2026-07-27 14:26:36.473,304,1485.826
2026-07-27 14:26:36.473,302,1476.051
2026-07-27 14:26:36.473,302,1476.051
2026-07-27 14:26:36.473,304,1485.826
2026-07-27 14:26:36.474,305,1490.714
2026-07-27 14:26:36.477,307,1500.489
2026-07-27 14:26:36.504,309,1510.264
2026-07-27 14:26:36.504,309,1510.264
2026-07-27 14:26:36.504,309,1510.264
2026-07-27 14:26:36.504,308,1505.376
2026-07-27 14:26:36.505,309,1510.264
2026-07-27 14:26:36.508,310,1515.152
2026-07-27 14:26:36.535,310,1515.152
2026-07-27 14:26:36.535,311,1520.039
2026-07-27 14:26:36.535,312,1524.927
2026-07-27 14:26:36.535,310,1515.152
2026-07-27 14:26:36.536,310,1515.152
2026-07-27 14:26:36.539,311,1520.039
2026-07-27 14:26:36.565,313,1529.814
2026-07-27 14:26:36.566,314,1534.702
2026-07-27 14:26:36.566,315,1539.589
2026-07-27 14:26:36.566,314,1534.702
2026-07-27 14:26:36.568,313,1529.814
2026-07-27 14:26:36.571,313,1529.814
2026-07-27 14:26:36.597,313,1529.814
2026-07-27 14:26:36.597,314,1534.702
2026-07-27 14:26:36.597,315,1539.589
2026-07-27 14:26:36.597,316,1544.477
2026-07-27 14:26:36.597,316,1544.477
2026-07-27 14:26:36.629,317,1549.365
2026-07-27 14:26:36.629,318,1554.252
2026-07-27 14:26:36.629,317,1549.365
2026-07-27 14:26:36.629,317,1549.365
2026-07-27 14:26:36.629,317,1549.365
2026-07-27 14:26:36.630,318,1554.252
2026-07-27 14:26:36.633,321,1568.915
2026-07-27 14:26:36.659,322,1573.803
2026-07-27 14:26:36.659,320,1564.027
2026-07-27 14:26:36.662,318,1554.252
2026-07-27 14:26:36.662,320,1564.027
2026-07-27 14:26:36.663,320,1564.027
2026-07-27 14:26:36.664,320,1564.027
2026-07-27 14:26:36.690,321,1568.915
2026-07-27 14:26:36.690,323,1578.69
2026-07-27 14:26:36.690,323,1578.69
2026-07-27 14:26:36.690,323,1578.69
2026-07-27 14:26:36.690,323,1578.69
2026-07-27 14:26:36.721,321,1568.915
2026-07-27 14:26:36.721,321,1568.915
2026-07-27 14:26:36.722,323,1578.69
2026-07-27 14:26:36.722,325,1588.465
2026-07-27 14:26:36.722,325,1588.465
2026-07-27 14:26:36.723,324,1583.578
2026-07-27 14:26:36.727,322,1573.803
2026-07-27 14:26:36.753,323,1578.69
2026-07-27 14:26:36.753,326,1593.353
2026-07-27 14:26:36.754,327,1598.24
2026-07-27 14:26:36.754,326,1593.353
2026-07-27 14:26:36.754,325,1588.465
2026-07-27 14:26:36.758,327,1598.24
2026-07-27 14:26:36.784,328,1603.128
2026-07-27 14:26:36.784,329,1608.016
2026-07-27 14:26:36.785,328,1603.128
2026-07-27 14:26:36.785,327,1598.24
2026-07-27 14:26:36.785,328,1603.128
2026-07-27 14:26:36.789,328,1603.128
2026-07-27 14:26:36.815,328,1603.128
2026-07-27 14:26:36.815,328,1603.128
2026-07-27 14:26:36.815,329,1608.016
2026-07-27 14:26:36.815,329,1608.016
2026-07-27 14:26:36.815,328,1603.128
2026-07-27 14:26:36.861,328,1603.128
2026-07-27 14:26:36.861,328,1603.128
2026-07-27 14:26:36.861,329,1608.016
2026-07-27 14:26:36.862,331,1617.791
2026-07-27 14:26:36.862,331,1617.791
2026-07-27 14:26:36.862,333,1627.566
2026-07-27 14:26:36.862,336,1642.229
2026-07-27 14:26:36.862,339,1656.891
2026-07-27 14:26:36.862,340,1661.779
2026-07-27 14:26:36.908,338,1652.004
2026-07-27 14:26:36.908,337,1647.116
2026-07-27 14:26:36.908,336,1642.229
2026-07-27 14:26:36.908,336,1642.229
2026-07-27 14:26:36.908,333,1627.566
2026-07-27 14:26:36.909,328,1603.128
2026-07-27 14:26:36.909,328,1603.128
2026-07-27 14:26:36.909,331,1617.791
2026-07-27 14:26:36.909,332,1622.678
2026-07-27 14:26:36.941,332,1622.678
2026-07-27 14:26:36.941,332,1622.678
2026-07-27 14:26:36.941,332,1622.678
2026-07-27 14:26:36.941,333,1627.566
2026-07-27 14:26:36.941,338,1652.004
2026-07-27 14:26:36.941,348,1700.88
2026-07-27 14:26:36.945,382,1867.058
2026-07-27 14:26:36.986,443,2165.2
2026-07-27 14:26:36.986,517,2526.882
2026-07-27 14:26:36.986,526,2570.87
2026-07-27 14:26:36.987,403,1969.697
2026-07-27 14:26:36.987,268,1309.873
2026-07-27 14:26:36.987,192,938.416
2026-07-27 14:26:36.987,234,1143.695
2026-07-27 14:26:36.987,299,1461.388
2026-07-27 14:26:37.033,323,1578.69
2026-07-27 14:26:37.033,333,1627.566
2026-07-27 14:26:37.033,347,1695.992
2026-07-27 14:26:37.033,355,1735.093
2026-07-27 14:26:37.034,350,1710.655
2026-07-27 14:26:37.034,343,1676.442
2026-07-27 14:26:37.034,343,1676.442
2026-07-27 14:26:37.034,345,1686.217
2026-07-27 14:26:37.034,346,1691.105
2026-07-27 14:26:37.079,349,1705.767
2026-07-27 14:26:37.080,349,1705.767
2026-07-27 14:26:37.080,349,1705.767
2026-07-27 14:26:37.080,350,1710.655
2026-07-27 14:26:37.080,352,1720.43
2026-07-27 14:26:37.080,352,1720.43
2026-07-27 14:26:37.080,352,1720.43
2026-07-27 14:26:37.081,354,1730.205
2026-07-27 14:26:37.081,356,1739.98
2026-07-27 14:26:37.127,357,1744.868
2026-07-27 14:26:37.128,358,1749.756
2026-07-27 14:26:37.128,360,1759.531
2026-07-27 14:26:37.128,363,1774.194
2026-07-27 14:26:37.128,365,1783.969
2026-07-27 14:26:37.128,367,1793.744
2026-07-27 14:26:37.128,371,1813.294
2026-07-27 14:26:37.128,375,1832.845
2026-07-27 14:26:37.129,379,1852.395
2026-07-27 14:26:37.132,385,1881.72
2026-07-27 14:26:37.173,396,1935.484
2026-07-27 14:26:37.173,404,1974.585
2026-07-27 14:26:37.173,412,2013.685
2026-07-27 14:26:37.174,420,2052.786
2026-07-27 14:26:37.174,428,2091.887
2026-07-27 14:26:37.174,433,2116.325
2026-07-27 14:26:37.177,439,2145.65
2026-07-27 14:26:37.180,442,2160.313
2026-07-27 14:26:37.180,442,2160.313
2026-07-27 14:26:37.219,436,2130.987
2026-07-27 14:26:37.220,425,2077.224
2026-07-27 14:26:37.220,409,1999.022
2026-07-27 14:26:37.220,389,1901.271
2026-07-27 14:26:37.220,366,1788.856
2026-07-27 14:26:37.220,346,1691.105
2026-07-27 14:26:37.220,330,1612.903
2026-07-27 14:26:37.221,321,1568.915
2026-07-27 14:26:37.266,311,1520.039
2026-07-27 14:26:37.266,303,1480.938
2026-07-27 14:26:37.266,295,1441.838
2026-07-27 14:26:37.266,291,1422.287
2026-07-27 14:26:37.266,290,1417.4
2026-07-27 14:26:37.266,289,1412.512
2026-07-27 14:26:37.267,289,1412.512
2026-07-27 14:26:37.267,290,1417.4
2026-07-27 14:26:37.268,290,1417.4
2026-07-27 14:26:37.312,290,1417.4
2026-07-27 14:26:37.312,292,1427.175
2026-07-27 14:26:37.312,292,1427.175
2026-07-27 14:26:37.312,291,1422.287
2026-07-27 14:26:37.312,292,1427.175
2026-07-27 14:26:37.313,293,1432.063
2026-07-27 14:26:37.313,294,1436.95
2026-07-27 14:26:37.313,293,1432.063
2026-07-27 14:26:37.316,293,1432.063
2026-07-27 14:26:37.359,295,1441.838
2026-07-27 14:26:37.359,297,1451.613
2026-07-27 14:26:37.359,298,1456.5
2026-07-27 14:26:37.359,298,1456.5
2026-07-27 14:26:37.359,299,1461.388
2026-07-27 14:26:37.359,301,1471.163
2026-07-27 14:26:37.359,304,1485.826
2026-07-27 14:26:37.360,303,1480.938
2026-07-27 14:26:37.361,301,1471.163
2026-07-27 14:26:37.405,301,1471.163
2026-07-27 14:26:37.405,304,1485.826
2026-07-27 14:26:37.406,306,1495.601
2026-07-27 14:26:37.406,308,1505.376
2026-07-27 14:26:37.406,306,1495.601
2026-07-27 14:26:37.406,306,1495.601
2026-07-27 14:26:37.406,308,1505.376
2026-07-27 14:26:37.406,310,1515.152
2026-07-27 14:26:37.408,311,1520.039
2026-07-27 14:26:37.453,310,1515.152
2026-07-27 14:26:37.453,309,1510.264
2026-07-27 14:26:37.453,309,1510.264
2026-07-27 14:26:37.453,311,1520.039
2026-07-27 14:26:37.454,311,1520.039
2026-07-27 14:26:37.454,310,1515.152
2026-07-27 14:26:37.454,311,1520.039
2026-07-27 14:26:37.454,310,1515.152
2026-07-27 14:26:37.459,309,1510.264
2026-07-27 14:26:37.460,310,1515.152
2026-07-27 14:26:37.498,312,1524.927
2026-07-27 14:26:37.499,310,1515.152
2026-07-27 14:26:37.499,308,1505.376
2026-07-27 14:26:37.499,309,1510.264
2026-07-27 14:26:37.499,311,1520.039
2026-07-27 14:26:37.499,313,1529.814
2026-07-27 14:26:37.499,312,1524.927
2026-07-27 14:26:37.502,312,1524.927
2026-07-27 14:26:37.546,315,1539.589
2026-07-27 14:26:37.546,314,1534.702
2026-07-27 14:26:37.546,314,1534.702
2026-07-27 14:26:37.546,316,1544.477
2026-07-27 14:26:37.547,317,1549.365
2026-07-27 14:26:37.547,317,1549.365
2026-07-27 14:26:37.547,316,1544.477
2026-07-27 14:26:37.547,316,1544.477
2026-07-27 14:26:37.550,317,1549.365
2026-07-27 14:26:37.556,318,1554.252
2026-07-27 14:26:37.559,316,1544.477
2026-07-27 14:26:37.608,316,1544.477
2026-07-27 14:26:37.608,319,1559.14
2026-07-27 14:26:37.609,320,1564.027
2026-07-27 14:26:37.609,321,1568.915
2026-07-27 14:26:37.609,321,1568.915
2026-07-27 14:26:37.609,320,1564.027
2026-07-27 14:26:37.609,320,1564.027
2026-07-27 14:26:37.609,321,1568.915
2026-07-27 14:26:37.610,321,1568.915
2026-07-27 14:26:37.655,320,1564.027
2026-07-27 14:26:37.655,320,1564.027
2026-07-27 14:26:37.655,320,1564.027
2026-07-27 14:26:37.656,321,1568.915
2026-07-27 14:26:37.656,323,1578.69
2026-07-27 14:26:37.656,324,1583.578
2026-07-27 14:26:37.656,324,1583.578
2026-07-27 14:26:37.657,323,1578.69
2026-07-27 14:26:37.657,322,1573.803
2026-07-27 14:26:37.658,319,1559.14
2026-07-27 14:26:37.702,320,1564.027
2026-07-27 14:26:37.702,321,1568.915
2026-07-27 14:26:37.702,323,1578.69
2026-07-27 14:26:37.702,324,1583.578
2026-07-27 14:26:37.702,322,1573.803
2026-07-27 14:26:37.707,321,1568.915
2026-07-27 14:26:37.707,321,1568.915
2026-07-27 14:26:37.712,323,1578.69
2026-07-27 14:26:37.712,325,1588.465
2026-07-27 14:26:37.713,325,1588.465
2026-07-27 14:26:37.715,327,1598.24
2026-07-27 14:26:37.762,327,1598.24
2026-07-27 14:26:37.762,326,1593.353
2026-07-27 14:26:37.762,327,1598.24
2026-07-27 14:26:37.763,326,1593.353
2026-07-27 14:26:37.763,326,1593.353
2026-07-27 14:26:37.763,329,1608.016
2026-07-27 14:26:37.763,328,1603.128
2026-07-27 14:26:37.763,325,1588.465
2026-07-27 14:26:37.772,324,1583.578
2026-07-27 14:26:37.772,325,1588.465
2026-07-27 14:26:37.776,326,1593.353
2026-07-27 14:26:37.779,326,1593.353
2026-07-27 14:26:37.825,329,1608.016
2026-07-27 14:26:37.825,332,1622.678
2026-07-27 14:26:37.825,334,1632.454
2026-07-27 14:26:37.825,336,1642.229
2026-07-27 14:26:37.825,337,1647.116
2026-07-27 14:26:37.825,336,1642.229
2026-07-27 14:26:37.826,335,1637.341
2026-07-27 14:26:37.826,332,1622.678
2026-07-27 14:26:37.826,329,1608.016
2026-07-27 14:26:37.829,328,1603.128
2026-07-27 14:26:37.870,329,1608.016
2026-07-27 14:26:37.871,325,1588.465
2026-07-27 14:26:37.871,322,1573.803
2026-07-27 14:26:37.871,321,1568.915
2026-07-27 14:26:37.871,323,1578.69
2026-07-27 14:26:37.871,324,1583.578
2026-07-27 14:26:37.871,326,1593.353
2026-07-27 14:26:37.872,328,1603.128
2026-07-27 14:26:37.876,328,1603.128
2026-07-27 14:26:37.917,331,1617.791
2026-07-27 14:26:37.917,343,1676.442
2026-07-27 14:26:37.917,376,1837.732
2026-07-27 14:26:37.917,437,2135.875
2026-07-27 14:26:37.918,515,2517.107
2026-07-27 14:26:37.918,523,2556.207
2026-07-27 14:26:37.918,398,1945.259
2026-07-27 14:26:37.919,263,1285.435
2026-07-27 14:26:37.964,187,913.978
2026-07-27 14:26:37.964,227,1109.482
2026-07-27 14:26:37.964,290,1417.4
2026-07-27 14:26:37.964,313,1529.814
2026-07-27 14:26:37.964,325,1588.465
2026-07-27 14:26:37.964,340,1661.779
2026-07-27 14:26:37.964,346,1691.105
2026-07-27 14:26:37.965,343,1676.442
2026-07-27 14:26:37.968,337,1647.116
2026-07-27 14:26:37.970,337,1647.116
2026-07-27 14:26:38.010,340,1661.779
2026-07-27 14:26:38.010,340,1661.779
2026-07-27 14:26:38.010,341,1666.667
2026-07-27 14:26:38.010,342,1671.554
2026-07-27 14:26:38.010,342,1671.554
2026-07-27 14:26:38.017,342,1671.554
2026-07-27 14:26:38.017,343,1676.442
2026-07-27 14:26:38.017,346,1691.105
2026-07-27 14:26:38.017,347,1695.992
2026-07-27 14:26:38.057,349,1705.767
2026-07-27 14:26:38.057,348,1700.88
2026-07-27 14:26:38.057,350,1710.655
2026-07-27 14:26:38.057,352,1720.43
2026-07-27 14:26:38.058,355,1735.093
2026-07-27 14:26:38.058,356,1739.98
2026-07-27 14:26:38.058,357,1744.868
2026-07-27 14:26:38.059,360,1759.531
2026-07-27 14:26:38.105,362,1769.306
2026-07-27 14:26:38.106,367,1793.744
2026-07-27 14:26:38.106,372,1818.182
2026-07-27 14:26:38.106,379,1852.395
2026-07-27 14:26:38.106,387,1891.496
2026-07-27 14:26:38.106,397,1940.371
2026-07-27 14:26:38.106,407,1989.247
2026-07-27 14:26:38.106,418,2043.011
2026-07-27 14:26:38.151,426,2082.111
2026-07-27 14:26:38.152,431,2106.549
2026-07-27 14:26:38.152,435,2126.1
2026-07-27 14:26:38.152,439,2145.65
2026-07-27 14:26:38.152,440,2150.538
2026-07-27 14:26:38.152,436,2130.987
2026-07-27 14:26:38.152,424,2072.336
2026-07-27 14:26:38.152,406,1984.36
2026-07-27 14:26:38.152,386,1886.608
2026-07-27 14:26:38.152,366,1788.856
2026-07-27 14:26:38.198,348,1700.88
2026-07-27 14:26:38.199,332,1622.678
2026-07-27 14:26:38.200,318,1554.252
2026-07-27 14:26:38.200,309,1510.264
2026-07-27 14:26:38.200,303,1480.938
2026-07-27 14:26:38.200,298,1456.5
2026-07-27 14:26:38.200,294,1436.95
2026-07-27 14:26:38.200,290,1417.4
2026-07-27 14:26:38.201,289,1412.512
2026-07-27 14:26:38.204,288,1407.625
2026-07-27 14:26:38.209,289,1412.512
2026-07-27 14:26:38.245,289,1412.512
2026-07-27 14:26:38.245,290,1417.4
2026-07-27 14:26:38.245,292,1427.175
2026-07-27 14:26:38.245,291,1422.287
2026-07-27 14:26:38.245,290,1417.4
2026-07-27 14:26:38.245,291,1422.287
2026-07-27 14:26:38.245,292,1427.175
2026-07-27 14:26:38.291,294,1436.95
2026-07-27 14:26:38.291,296,1446.725
2026-07-27 14:26:38.291,296,1446.725
2026-07-27 14:26:38.291,297,1451.613
2026-07-27 14:26:38.291,298,1456.5
2026-07-27 14:26:38.292,298,1456.5
2026-07-27 14:26:38.292,299,1461.388
2026-07-27 14:26:38.292,300,1466.276
2026-07-27 14:26:38.292,299,1461.388
2026-07-27 14:26:38.338,299,1461.388
2026-07-27 14:26:38.338,301,1471.163
2026-07-27 14:26:38.338,302,1476.051
2026-07-27 14:26:38.338,304,1485.826
2026-07-27 14:26:38.338,305,1490.714
2026-07-27 14:26:38.339,306,1495.601
2026-07-27 14:26:38.339,307,1500.489
2026-07-27 14:26:38.339,307,1500.489
2026-07-27 14:26:38.342,308,1505.376
2026-07-27 14:26:38.344,310,1515.152
2026-07-27 14:26:38.383,312,1524.927
2026-07-27 14:26:38.384,314,1534.702
2026-07-27 14:26:38.384,314,1534.702
2026-07-27 14:26:38.384,311,1520.039
2026-07-27 14:26:38.384,312,1524.927
2026-07-27 14:26:38.384,314,1534.702
2026-07-27 14:26:38.384,315,1539.589
2026-07-27 14:26:38.386,314,1534.702
2026-07-27 14:26:38.430,316,1544.477
2026-07-27 14:26:38.431,316,1544.477
2026-07-27 14:26:38.431,314,1534.702
2026-07-27 14:26:38.431,315,1539.589
2026-07-27 14:26:38.431,317,1549.365
2026-07-27 14:26:38.431,317,1549.365
2026-07-27 14:26:38.431,316,1544.477
2026-07-27 14:26:38.432,316,1544.477
2026-07-27 14:26:38.433,315,1539.589
2026-07-27 14:26:38.477,317,1549.365
2026-07-27 14:26:38.477,318,1554.252
2026-07-27 14:26:38.477,317,1549.365
2026-07-27 14:26:38.478,318,1554.252
2026-07-27 14:26:38.478,318,1554.252
2026-07-27 14:26:38.478,317,1549.365
2026-07-27 14:26:38.478,316,1544.477
2026-07-27 14:26:38.478,315,1539.589
2026-07-27 14:26:38.482,316,1544.477
2026-07-27 14:26:38.485,317,1549.365
2026-07-27 14:26:38.524,320,1564.027
2026-07-27 14:26:38.524,320,1564.027
2026-07-27 14:26:38.525,320,1564.027
2026-07-27 14:26:38.525,319,1559.14
2026-07-27 14:26:38.525,319,1559.14
2026-07-27 14:26:38.525,320,1564.027
2026-07-27 14:26:38.525,320,1564.027
2026-07-27 14:26:38.526,320,1564.027
2026-07-27 14:26:38.571,321,1568.915
2026-07-27 14:26:38.571,323,1578.69
2026-07-27 14:26:38.571,323,1578.69
2026-07-27 14:26:38.571,321,1568.915
2026-07-27 14:26:38.571,320,1564.027
2026-07-27 14:26:38.571,320,1564.027
2026-07-27 14:26:38.572,322,1573.803
2026-07-27 14:26:38.572,323,1578.69
2026-07-27 14:26:38.577,322,1573.803
2026-07-27 14:26:38.580,322,1573.803
2026-07-27 14:26:38.618,324,1583.578
2026-07-27 14:26:38.618,325,1588.465
2026-07-27 14:26:38.618,324,1583.578
2026-07-27 14:26:38.618,322,1573.803
2026-07-27 14:26:38.618,322,1573.803
2026-07-27 14:26:38.618,324,1583.578
2026-07-27 14:26:38.619,325,1588.465
2026-07-27 14:26:38.620,326,1593.353
2026-07-27 14:26:38.649,327,1598.24
2026-07-27 14:26:38.650,324,1583.578
2026-07-27 14:26:38.650,323,1578.69
2026-07-27 14:26:38.650,324,1583.578
2026-07-27 14:26:38.650,325,1588.465
2026-07-27 14:26:38.651,326,1593.353
2026-07-27 14:26:38.696,326,1593.353
2026-07-27 14:26:38.696,325,1588.465
2026-07-27 14:26:38.696,325,1588.465
2026-07-27 14:26:38.696,326,1593.353
2026-07-27 14:26:38.696,326,1593.353
2026-07-27 14:26:38.697,326,1593.353
2026-07-27 14:26:38.697,326,1593.353
2026-07-27 14:26:38.697,327,1598.24
2026-07-27 14:26:38.698,328,1603.128
2026-07-27 14:26:38.743,328,1603.128
2026-07-27 14:26:38.743,329,1608.016
2026-07-27 14:26:38.743,330,1612.903
2026-07-27 14:26:38.743,330,1612.903
2026-07-27 14:26:38.744,329,1608.016
2026-07-27 14:26:38.747,330,1612.903
2026-07-27 14:26:38.748,331,1617.791
2026-07-27 14:26:38.748,332,1622.678
2026-07-27 14:26:38.748,336,1642.229
2026-07-27 14:26:38.750,339,1656.891
2026-07-27 14:26:38.790,341,1666.667
2026-07-27 14:26:38.790,340,1661.779
2026-07-27 14:26:38.790,339,1656.891
2026-07-27 14:26:38.790,335,1637.341
2026-07-27 14:26:38.791,333,1627.566
2026-07-27 14:26:38.791,333,1627.566
2026-07-27 14:26:38.792,331,1617.791
2026-07-27 14:26:38.794,329,1608.016
2026-07-27 14:26:38.797,328,1603.128
2026-07-27 14:26:38.835,328,1603.128
2026-07-27 14:26:38.835,330,1612.903
2026-07-27 14:26:38.836,330,1612.903
2026-07-27 14:26:38.836,330,1612.903
2026-07-27 14:26:38.836,331,1617.791
2026-07-27 14:26:38.836,330,1612.903
2026-07-27 14:26:38.836,335,1637.341
2026-07-27 14:26:38.838,350,1710.655
2026-07-27 14:26:38.866,393,1920.821
2026-07-27 14:26:38.867,462,2258.065
2026-07-27 14:26:38.867,537,2624.633
2026-07-27 14:26:38.867,508,2482.893
2026-07-27 14:26:38.867,366,1788.856
2026-07-27 14:26:38.869,242,1182.796
2026-07-27 14:26:38.913,193,943.304
2026-07-27 14:26:38.914,248,1212.121
2026-07-27 14:26:38.914,301,1471.163
2026-07-27 14:26:38.914,320,1564.027
2026-07-27 14:26:38.914,332,1622.678
2026-07-27 14:26:38.914,346,1691.105
2026-07-27 14:26:38.914,348,1700.88
2026-07-27 14:26:38.914,342,1671.554
2026-07-27 14:26:38.916,339,1656.891
2026-07-27 14:26:38.944,341,1666.667
2026-07-27 14:26:38.944,345,1686.217
2026-07-27 14:26:38.944,345,1686.217
2026-07-27 14:26:38.944,344,1681.329
2026-07-27 14:26:38.944,343,1676.442
2026-07-27 14:26:38.947,346,1691.105
2026-07-27 14:26:38.990,349,1705.767
2026-07-27 14:26:38.991,351,1715.543
2026-07-27 14:26:38.991,352,1720.43
2026-07-27 14:26:38.991,352,1720.43
2026-07-27 14:26:38.991,353,1725.318
2026-07-27 14:26:38.991,353,1725.318
2026-07-27 14:26:38.991,355,1735.093
2026-07-27 14:26:38.997,358,1749.756
2026-07-27 14:26:38.997,360,1759.531
2026-07-27 14:26:39.000,361,1764.418
2026-07-27 14:26:39.037,361,1764.418
2026-07-27 14:26:39.037,364,1779.081
2026-07-27 14:26:39.037,368,1798.631
2026-07-27 14:26:39.037,370,1808.407
2026-07-27 14:26:39.038,377,1842.62
2026-07-27 14:26:39.038,386,1886.608
2026-07-27 14:26:39.038,393,1920.821
2026-07-27 14:26:39.041,400,1955.034
2026-07-27 14:26:39.084,409,1999.022
2026-07-27 14:26:39.084,418,2043.011
2026-07-27 14:26:39.085,425,2077.224
2026-07-27 14:26:39.085,431,2106.549
2026-07-27 14:26:39.085,435,2126.1
2026-07-27 14:26:39.085,437,2135.875
2026-07-27 14:26:39.085,437,2135.875
2026-07-27 14:26:39.086,434,2121.212
2026-07-27 14:26:39.089,421,2057.674
2026-07-27 14:26:39.131,402,1964.809
2026-07-27 14:26:39.132,379,1852.395
2026-07-27 14:26:39.132,359,1754.643
2026-07-27 14:26:39.132,341,1666.667
2026-07-27 14:26:39.132,329,1608.016
2026-07-27 14:26:39.132,317,1549.365
2026-07-27 14:26:39.132,306,1495.601
2026-07-27 14:26:39.133,296,1446.725
2026-07-27 14:26:39.135,291,1422.287
2026-07-27 14:26:39.162,288,1407.625
2026-07-27 14:26:39.162,286,1397.849
2026-07-27 14:26:39.162,286,1397.849
2026-07-27 14:26:39.162,287,1402.737
2026-07-27 14:26:39.165,288,1407.625
2026-07-27 14:26:39.166,287,1402.737
2026-07-27 14:26:39.193,288,1407.625
2026-07-27 14:26:39.193,289,1412.512
2026-07-27 14:26:39.193,290,1417.4
2026-07-27 14:26:39.193,291,1422.287
2026-07-27 14:26:39.198,294,1436.95
2026-07-27 14:26:39.198,295,1441.838
2026-07-27 14:26:39.202,296,1446.725
2026-07-27 14:26:39.239,297,1451.613
2026-07-27 14:26:39.239,298,1456.5
2026-07-27 14:26:39.239,298,1456.5
2026-07-27 14:26:39.239,299,1461.388
2026-07-27 14:26:39.240,300,1466.276
2026-07-27 14:26:39.240,301,1471.163
2026-07-27 14:26:39.240,301,1471.163
2026-07-27 14:26:39.244,302,1476.051
2026-07-27 14:26:39.249,302,1476.051
2026-07-27 14:26:39.285,303,1480.938
2026-07-27 14:26:39.286,304,1485.826
2026-07-27 14:26:39.286,306,1495.601
2026-07-27 14:26:39.286,307,1500.489
2026-07-27 14:26:39.286,308,1505.376
2026-07-27 14:26:39.286,307,1500.489
2026-07-27 14:26:39.287,306,1495.601
2026-07-27 14:26:39.316,307,1500.489
2026-07-27 14:26:39.316,308,1505.376
2026-07-27 14:26:39.316,309,1510.264
2026-07-27 14:26:39.316,308,1505.376
2026-07-27 14:26:39.316,309,1510.264
2026-07-27 14:26:39.317,309,1510.264
2026-07-27 14:26:39.348,310,1515.152
2026-07-27 14:26:39.348,313,1529.814
2026-07-27 14:26:39.348,313,1529.814
2026-07-27 14:26:39.348,312,1524.927
2026-07-27 14:26:39.348,312,1524.927
2026-07-27 14:26:39.348,313,1529.814
2026-07-27 14:26:39.379,314,1534.702
2026-07-27 14:26:39.379,313,1529.814
2026-07-27 14:26:39.379,315,1539.589
2026-07-27 14:26:39.379,315,1539.589
2026-07-27 14:26:39.380,313,1529.814
2026-07-27 14:26:39.380,314,1534.702
2026-07-27 14:26:39.410,314,1534.702
2026-07-27 14:26:39.411,313,1529.814
2026-07-27 14:26:39.412,313,1529.814
2026-07-27 14:26:39.412,314,1534.702
2026-07-27 14:26:39.412,314,1534.702
2026-07-27 14:26:39.413,315,1539.589
2026-07-27 14:26:39.416,315,1539.589
2026-07-27 14:26:39.441,316,1544.477
2026-07-27 14:26:39.441,317,1549.365
2026-07-27 14:26:39.441,319,1559.14
2026-07-27 14:26:39.442,320,1564.027
2026-07-27 14:26:39.443,320,1564.027
2026-07-27 14:26:39.447,320,1564.027
2026-07-27 14:26:39.472,319,1559.14
2026-07-27 14:26:39.472,320,1564.027
2026-07-27 14:26:39.472,323,1578.69
2026-07-27 14:26:39.472,323,1578.69
2026-07-27 14:26:39.473,322,1573.803
2026-07-27 14:26:39.503,322,1573.803
2026-07-27 14:26:39.503,322,1573.803
2026-07-27 14:26:39.503,324,1583.578
2026-07-27 14:26:39.503,325,1588.465
2026-07-27 14:26:39.504,327,1598.24
2026-07-27 14:26:39.504,325,1588.465
2026-07-27 14:26:39.535,323,1578.69
2026-07-27 14:26:39.535,324,1583.578
2026-07-27 14:26:39.535,325,1588.465
2026-07-27 14:26:39.535,326,1593.353
2026-07-27 14:26:39.535,325,1588.465
2026-07-27 14:26:39.535,323,1578.69
2026-07-27 14:26:39.566,324,1583.578
2026-07-27 14:26:39.566,326,1593.353
2026-07-27 14:26:39.566,327,1598.24
2026-07-27 14:26:39.566,325,1588.465
2026-07-27 14:26:39.567,325,1588.465
2026-07-27 14:26:39.567,324,1583.578
2026-07-27 14:26:39.597,326,1593.353
2026-07-27 14:26:39.597,328,1603.128
2026-07-27 14:26:39.597,328,1603.128
2026-07-27 14:26:39.597,327,1598.24
2026-07-27 14:26:39.597,326,1593.353
2026-07-27 14:26:39.598,327,1598.24
2026-07-27 14:26:39.627,327,1598.24
2026-07-27 14:26:39.628,324,1583.578
2026-07-27 14:26:39.628,326,1593.353
2026-07-27 14:26:39.628,328,1603.128
2026-07-27 14:26:39.628,328,1603.128
2026-07-27 14:26:39.629,328,1603.128
2026-07-27 14:26:39.659,328,1603.128
2026-07-27 14:26:39.659,329,1608.016
2026-07-27 14:26:39.660,327,1598.24
2026-07-27 14:26:39.660,325,1588.465
2026-07-27 14:26:39.660,325,1588.465
2026-07-27 14:26:39.660,325,1588.465
2026-07-27 14:26:39.689,327,1598.24
2026-07-27 14:26:39.690,327,1598.24
2026-07-27 14:26:39.690,327,1598.24
2026-07-27 14:26:39.690,330,1612.903
2026-07-27 14:26:39.690,333,1627.566
2026-07-27 14:26:39.692,334,1632.454
2026-07-27 14:26:39.736,336,1642.229
2026-07-27 14:26:39.736,338,1652.004
2026-07-27 14:26:39.736,333,1627.566
2026-07-27 14:26:39.736,328,1603.128
2026-07-27 14:26:39.736,328,1603.128
2026-07-27 14:26:39.736,327,1598.24
2026-07-27 14:26:39.737,324,1583.578
2026-07-27 14:26:39.737,323,1578.69
2026-07-27 14:26:39.738,323,1578.69
2026-07-27 14:26:39.782,324,1583.578
2026-07-27 14:26:39.782,325,1588.465
2026-07-27 14:26:39.783,326,1593.353
2026-07-27 14:26:39.783,326,1593.353
2026-07-27 14:26:39.783,327,1598.24
2026-07-27 14:26:39.787,330,1612.903
2026-07-27 14:26:39.788,341,1666.667
2026-07-27 14:26:39.788,368,1798.631
2026-07-27 14:26:39.788,423,2067.449
2026-07-27 14:26:39.790,498,2434.018
2026-07-27 14:26:39.830,537,2624.633
2026-07-27 14:26:39.831,439,2145.65
2026-07-27 14:26:39.831,298,1456.5
2026-07-27 14:26:39.831,197,962.854
2026-07-27 14:26:39.831,205,1001.955
2026-07-27 14:26:39.831,273,1334.311
2026-07-27 14:26:39.832,309,1510.264
2026-07-27 14:26:39.832,322,1573.803
2026-07-27 14:26:39.877,336,1642.229
2026-07-27 14:26:39.878,345,1686.217
2026-07-27 14:26:39.878,344,1681.329
2026-07-27 14:26:39.878,337,1647.116
2026-07-27 14:26:39.878,335,1637.341
2026-07-27 14:26:39.878,338,1652.004
2026-07-27 14:26:39.878,340,1661.779
2026-07-27 14:26:39.878,341,1666.667
2026-07-27 14:26:39.879,342,1671.554
2026-07-27 14:26:39.922,344,1681.329
2026-07-27 14:26:39.922,345,1686.217
2026-07-27 14:26:39.922,346,1691.105
2026-07-27 14:26:39.923,347,1695.992
2026-07-27 14:26:39.923,348,1700.88
2026-07-27 14:26:39.923,350,1710.655
2026-07-27 14:26:39.923,351,1715.543
2026-07-27 14:26:39.923,351,1715.543
2026-07-27 14:26:39.927,352,1720.43
2026-07-27 14:26:39.930,353,1725.318
2026-07-27 14:26:39.969,354,1730.205
2026-07-27 14:26:39.969,356,1739.98
2026-07-27 14:26:39.970,357,1744.868
2026-07-27 14:26:39.970,360,1759.531
2026-07-27 14:26:39.970,365,1783.969
2026-07-27 14:26:39.970,370,1808.407
2026-07-27 14:26:39.970,374,1827.957
2026-07-27 14:26:39.972,379,1852.395
2026-07-27 14:26:40.017,387,1891.496
2026-07-27 14:26:40.017,398,1945.259
2026-07-27 14:26:40.017,409,1999.022
2026-07-27 14:26:40.017,417,2038.123
2026-07-27 14:26:40.018,424,2072.336
2026-07-27 14:26:40.018,430,2101.662
2026-07-27 14:26:40.018,434,2121.212
2026-07-27 14:26:40.018,434,2121.212
2026-07-27 14:26:40.021,431,2106.549
2026-07-27 14:26:40.024,423,2067.449
2026-07-27 14:26:40.063,410,2003.91
2026-07-27 14:26:40.063,391,1911.046
2026-07-27 14:26:40.063,369,1803.519
2026-07-27 14:26:40.063,350,1710.655
2026-07-27 14:26:40.063,333,1627.566
2026-07-27 14:26:40.064,318,1554.252
2026-07-27 14:26:40.064,308,1505.376
2026-07-27 14:26:40.067,299,1461.388
2026-07-27 14:26:40.071,294,1436.95
2026-07-27 14:26:40.110,289,1412.512
2026-07-27 14:26:40.111,284,1388.074
2026-07-27 14:26:40.111,283,1383.187
2026-07-27 14:26:40.111,283,1383.187
2026-07-27 14:26:40.111,283,1383.187
2026-07-27 14:26:40.111,284,1388.074
2026-07-27 14:26:40.112,284,1388.074
2026-07-27 14:26:40.170,284,1388.074
2026-07-27 14:26:40.171,285,1392.962
2026-07-27 14:26:40.171,286,1397.849
2026-07-27 14:26:40.171,287,1402.737
2026-07-27 14:26:40.171,290,1417.4
2026-07-27 14:26:40.171,291,1422.287
2026-07-27 14:26:40.172,293,1432.063
2026-07-27 14:26:40.172,295,1441.838
2026-07-27 14:26:40.172,294,1436.95
2026-07-27 14:26:40.172,293,1432.063
2026-07-27 14:26:40.172,294,1436.95
2026-07-27 14:26:40.173,296,1446.725
2026-07-27 14:26:40.175,297,1451.613
2026-07-27 14:26:40.217,298,1456.5
2026-07-27 14:26:40.217,297,1451.613
2026-07-27 14:26:40.218,298,1456.5
2026-07-27 14:26:40.218,298,1456.5
2026-07-27 14:26:40.218,299,1461.388
2026-07-27 14:26:40.218,301,1471.163
2026-07-27 14:26:40.218,302,1476.051
2026-07-27 14:26:40.221,301,1471.163
2026-07-27 14:26:40.224,302,1476.051
2026-07-27 14:26:40.227,304,1485.826
2026-07-27 14:26:40.263,306,1495.601
2026-07-27 14:26:40.263,307,1500.489
2026-07-27 14:26:40.263,308,1505.376
2026-07-27 14:26:40.263,307,1500.489
2026-07-27 14:26:40.263,308,1505.376
2026-07-27 14:26:40.264,308,1505.376
2026-07-27 14:26:40.264,309,1510.264
2026-07-27 14:26:40.309,310,1515.152
2026-07-27 14:26:40.309,311,1520.039
2026-07-27 14:26:40.309,312,1524.927
2026-07-27 14:26:40.309,311,1520.039
2026-07-27 14:26:40.314,310,1515.152
2026-07-27 14:26:40.314,312,1524.927
2026-07-27 14:26:40.314,310,1515.152
2026-07-27 14:26:40.314,310,1515.152
2026-07-27 14:26:40.314,312,1524.927
2026-07-27 14:26:40.317,314,1534.702
2026-07-27 14:26:40.322,313,1529.814
2026-07-27 14:26:40.326,311,1520.039
2026-07-27 14:26:40.370,313,1529.814
2026-07-27 14:26:40.371,313,1529.814
2026-07-27 14:26:40.371,313,1529.814
2026-07-27 14:26:40.371,313,1529.814
2026-07-27 14:26:40.371,312,1524.927
2026-07-27 14:26:40.371,314,1534.702
2026-07-27 14:26:40.371,316,1544.477
2026-07-27 14:26:40.371,317,1549.365
2026-07-27 14:26:40.372,317,1549.365
2026-07-27 14:26:40.418,318,1554.252
2026-07-27 14:26:40.418,318,1554.252
2026-07-27 14:26:40.418,318,1554.252
2026-07-27 14:26:40.418,317,1549.365
2026-07-27 14:26:40.419,318,1554.252
2026-07-27 14:26:40.419,321,1568.915
2026-07-27 14:26:40.419,321,1568.915
2026-07-27 14:26:40.419,318,1554.252
2026-07-27 14:26:40.419,320,1564.027
2026-07-27 14:26:40.463,322,1573.803
2026-07-27 14:26:40.464,321,1568.915
2026-07-27 14:26:40.464,320,1564.027
2026-07-27 14:26:40.464,320,1564.027
2026-07-27 14:26:40.464,321,1568.915
2026-07-27 14:26:40.464,321,1568.915
2026-07-27 14:26:40.464,320,1564.027
2026-07-27 14:26:40.465,320,1564.027
2026-07-27 14:26:40.466,322,1573.803
2026-07-27 14:26:40.510,323,1578.69
2026-07-27 14:26:40.510,321,1568.915
2026-07-27 14:26:40.510,321,1568.915
2026-07-27 14:26:40.510,322,1573.803
2026-07-27 14:26:40.510,326,1593.353
2026-07-27 14:26:40.510,328,1603.128
2026-07-27 14:26:40.510,328,1603.128
2026-07-27 14:26:40.511,326,1593.353
2026-07-27 14:26:40.555,325,1588.465
2026-07-27 14:26:40.555,326,1593.353
2026-07-27 14:26:40.555,328,1603.128
2026-07-27 14:26:40.555,328,1603.128
2026-07-27 14:26:40.556,328,1603.128
2026-07-27 14:26:40.556,328,1603.128
2026-07-27 14:26:40.556,328,1603.128
2026-07-27 14:26:40.556,327,1598.24
2026-07-27 14:26:40.556,328,1603.128
2026-07-27 14:26:40.560,329,1608.016
2026-07-27 14:26:40.602,329,1608.016
2026-07-27 14:26:40.602,328,1603.128
2026-07-27 14:26:40.602,325,1588.465
2026-07-27 14:26:40.602,324,1583.578
2026-07-27 14:26:40.602,326,1593.353
2026-07-27 14:26:40.603,328,1603.128
2026-07-27 14:26:40.603,326,1593.353
2026-07-27 14:26:40.603,328,1603.128
2026-07-27 14:26:40.606,329,1608.016
2026-07-27 14:26:40.648,329,1608.016
2026-07-27 14:26:40.648,333,1627.566
2026-07-27 14:26:40.648,339,1656.891
2026-07-27 14:26:40.648,342,1671.554
2026-07-27 14:26:40.648,341,1666.667
2026-07-27 14:26:40.648,338,1652.004
2026-07-27 14:26:40.648,335,1637.341
2026-07-27 14:26:40.650,330,1612.903
2026-07-27 14:26:40.653,329,1608.016
2026-07-27 14:26:40.694,327,1598.24
2026-07-27 14:26:40.694,326,1593.353
2026-07-27 14:26:40.694,326,1593.353
2026-07-27 14:26:40.695,327,1598.24
2026-07-27 14:26:40.695,328,1603.128
2026-07-27 14:26:40.695,328,1603.128
2026-07-27 14:26:40.695,328,1603.128
2026-07-27 14:26:40.695,329,1608.016
2026-07-27 14:26:40.725,329,1608.016
2026-07-27 14:26:40.725,332,1622.678
2026-07-27 14:26:40.725,343,1676.442
2026-07-27 14:26:40.725,372,1818.182
2026-07-27 14:26:40.725,429,2096.774
2026-07-27 14:26:40.731,506,2473.118
2026-07-27 14:26:40.732,538,2629.521
2026-07-27 14:26:40.772,430,2101.662
2026-07-27 14:26:40.772,290,1417.4
2026-07-27 14:26:40.772,198,967.742
2026-07-27 14:26:40.772,221,1080.156
2026-07-27 14:26:40.772,288,1407.625
2026-07-27 14:26:40.773,319,1559.14
2026-07-27 14:26:40.773,331,1617.791
2026-07-27 14:26:40.773,345,1686.217
2026-07-27 14:26:40.803,353,1725.318
2026-07-27 14:26:40.803,351,1715.543
2026-07-27 14:26:40.803,345,1686.217
2026-07-27 14:26:40.803,343,1676.442
2026-07-27 14:26:40.803,346,1691.105
2026-07-27 14:26:40.804,348,1700.88
2026-07-27 14:26:40.809,347,1695.992
2026-07-27 14:26:40.850,346,1691.105
2026-07-27 14:26:40.850,347,1695.992
2026-07-27 14:26:40.850,349,1705.767
2026-07-27 14:26:40.850,351,1715.543
2026-07-27 14:26:40.850,352,1720.43
2026-07-27 14:26:40.850,352,1720.43
2026-07-27 14:26:40.850,354,1730.205
2026-07-27 14:26:40.851,354,1730.205
2026-07-27 14:26:40.880,354,1730.205
2026-07-27 14:26:40.881,355,1735.093
2026-07-27 14:26:40.881,357,1744.868
2026-07-27 14:26:40.881,359,1754.643
2026-07-27 14:26:40.881,361,1764.418
2026-07-27 14:26:40.882,364,1779.081
2026-07-27 14:26:40.912,368,1798.631
2026-07-27 14:26:40.912,371,1813.294
2026-07-27 14:26:40.912,377,1842.62
2026-07-27 14:26:40.912,384,1876.833
2026-07-27 14:26:40.912,390,1906.158
2026-07-27 14:26:40.913,399,1950.147
2026-07-27 14:26:40.943,408,1994.135
2026-07-27 14:26:40.943,418,2043.011
2026-07-27 14:26:40.943,427,2086.999
2026-07-27 14:26:40.943,433,2116.325
2026-07-27 14:26:40.943,439,2145.65
2026-07-27 14:26:40.947,442,2160.313
2026-07-27 14:26:40.950,441,2155.425
2026-07-27 14:26:40.989,438,2140.762
2026-07-27 14:26:40.989,431,2106.549
2026-07-27 14:26:40.989,418,2043.011
2026-07-27 14:26:40.989,399,1950.147
2026-07-27 14:26:40.990,375,1832.845
2026-07-27 14:26:40.990,355,1735.093
2026-07-27 14:26:40.990,340,1661.779
2026-07-27 14:26:40.991,327,1598.24
2026-07-27 14:26:41.019,316,1544.477
2026-07-27 14:26:41.019,308,1505.376
2026-07-27 14:26:41.019,301,1471.163
2026-07-27 14:26:41.020,296,1446.725
2026-07-27 14:26:41.020,295,1441.838
2026-07-27 14:26:41.050,295,1441.838
2026-07-27 14:26:41.050,295,1441.838
2026-07-27 14:26:41.051,294,1436.95
2026-07-27 14:26:41.051,292,1427.175
2026-07-27 14:26:41.051,292,1427.175
2026-07-27 14:26:41.051,294,1436.95
2026-07-27 14:26:41.054,295,1441.838
2026-07-27 14:26:41.082,294,1436.95
2026-07-27 14:26:41.082,295,1441.838
2026-07-27 14:26:41.082,295,1441.838
2026-07-27 14:26:41.082,295,1441.838
2026-07-27 14:26:41.082,293,1432.063
2026-07-27 14:26:41.113,294,1436.95
2026-07-27 14:26:41.113,297,1451.613
2026-07-27 14:26:41.113,298,1456.5
2026-07-27 14:26:41.113,299,1461.388
2026-07-27 14:26:41.114,299,1461.388
2026-07-27 14:26:41.114,298,1456.5
2026-07-27 14:26:41.116,297,1451.613
2026-07-27 14:26:41.145,298,1456.5
2026-07-27 14:26:41.146,299,1461.388
2026-07-27 14:26:41.146,300,1466.276
2026-07-27 14:26:41.146,301,1471.163
2026-07-27 14:26:41.146,302,1476.051
2026-07-27 14:26:41.174,303,1480.938
2026-07-27 14:26:41.175,304,1485.826
2026-07-27 14:26:41.175,304,1485.826
2026-07-27 14:26:41.175,305,1490.714
2026-07-27 14:26:41.175,305,1490.714
2026-07-27 14:26:41.175,306,1495.601
2026-07-27 14:26:41.178,309,1510.264
2026-07-27 14:26:41.205,310,1515.152
2026-07-27 14:26:41.205,312,1524.927
2026-07-27 14:26:41.205,311,1520.039
2026-07-27 14:26:41.205,309,1510.264
2026-07-27 14:26:41.206,309,1510.264
2026-07-27 14:26:41.210,309,1510.264
2026-07-27 14:26:41.237,312,1524.927
2026-07-27 14:26:41.237,313,1529.814
2026-07-27 14:26:41.237,312,1524.927
2026-07-27 14:26:41.237,311,1520.039
2026-07-27 14:26:41.241,312,1524.927
2026-07-27 14:26:41.242,314,1534.702
2026-07-27 14:26:41.282,313,1529.814
2026-07-27 14:26:41.283,314,1534.702
2026-07-27 14:26:41.283,313,1529.814
2026-07-27 14:26:41.283,313,1529.814
2026-07-27 14:26:41.283,314,1534.702
2026-07-27 14:26:41.283,315,1539.589
2026-07-27 14:26:41.283,314,1534.702
2026-07-27 14:26:41.283,314,1534.702
2026-07-27 14:26:41.329,315,1539.589
2026-07-27 14:26:41.329,316,1544.477
2026-07-27 14:26:41.329,316,1544.477
2026-07-27 14:26:41.329,316,1544.477
2026-07-27 14:26:41.330,314,1534.702
2026-07-27 14:26:41.330,314,1534.702
2026-07-27 14:26:41.330,314,1534.702
2026-07-27 14:26:41.330,315,1539.589
2026-07-27 14:26:41.334,316,1544.477
2026-07-27 14:26:41.336,316,1544.477
2026-07-27 14:26:41.341,316,1544.477
2026-07-27 14:26:41.346,316,1544.477
2026-07-27 14:26:41.350,315,1539.589
2026-07-27 14:26:41.391,316,1544.477
2026-07-27 14:26:41.391,316,1544.477
2026-07-27 14:26:41.391,318,1554.252
2026-07-27 14:26:41.392,320,1564.027
2026-07-27 14:26:41.392,320,1564.027
2026-07-27 14:26:41.392,320,1564.027
2026-07-27 14:26:41.392,321,1568.915
2026-07-27 14:26:41.399,320,1564.027
2026-07-27 14:26:41.400,321,1568.915
2026-07-27 14:26:41.402,322,1573.803
2026-07-27 14:26:41.453,322,1573.803
2026-07-27 14:26:41.454,323,1578.69
2026-07-27 14:26:41.454,322,1573.803
2026-07-27 14:26:41.454,324,1583.578
2026-07-27 14:26:41.454,326,1593.353
2026-07-27 14:26:41.454,326,1593.353
2026-07-27 14:26:41.455,327,1598.24
2026-07-27 14:26:41.455,325,1588.465
2026-07-27 14:26:41.455,325,1588.465
2026-07-27 14:26:41.455,326,1593.353
2026-07-27 14:26:41.500,328,1603.128
2026-07-27 14:26:41.500,329,1608.016
2026-07-27 14:26:41.500,329,1608.016
2026-07-27 14:26:41.501,329,1608.016
2026-07-27 14:26:41.501,329,1608.016
2026-07-27 14:26:41.501,330,1612.903
2026-07-27 14:26:41.501,331,1617.791
2026-07-27 14:26:41.501,331,1617.791
2026-07-27 14:26:41.502,331,1617.791
2026-07-27 14:26:41.506,332,1622.678
2026-07-27 14:26:41.546,332,1622.678
2026-07-27 14:26:41.546,331,1617.791
2026-07-27 14:26:41.547,330,1612.903
2026-07-27 14:26:41.547,330,1612.903
2026-07-27 14:26:41.547,327,1598.24
2026-07-27 14:26:41.547,328,1603.128
2026-07-27 14:26:41.547,331,1617.791
2026-07-27 14:26:41.550,333,1627.566
2026-07-27 14:26:41.553,336,1642.229
2026-07-27 14:26:41.592,337,1647.116
2026-07-27 14:26:41.593,340,1661.779
2026-07-27 14:26:41.593,340,1661.779
2026-07-27 14:26:41.593,340,1661.779
2026-07-27 14:26:41.593,338,1652.004
2026-07-27 14:26:41.593,335,1637.341
2026-07-27 14:26:41.593,331,1617.791
2026-07-27 14:26:41.595,330,1612.903
2026-07-27 14:26:41.639,330,1612.903
2026-07-27 14:26:41.639,328,1603.128
2026-07-27 14:26:41.639,325,1588.465
2026-07-27 14:26:41.639,325,1588.465
2026-07-27 14:26:41.639,325,1588.465
2026-07-27 14:26:41.639,325,1588.465
2026-07-27 14:26:41.640,326,1593.353
2026-07-27 14:26:41.640,329,1608.016
2026-07-27 14:26:41.642,331,1617.791
2026-07-27 14:26:41.686,337,1647.116
2026-07-27 14:26:41.686,351,1715.543
2026-07-27 14:26:41.686,393,1920.821
2026-07-27 14:26:41.686,462,2258.065
2026-07-27 14:26:41.686,535,2614.858
2026-07-27 14:26:41.686,506,2473.118
2026-07-27 14:26:41.687,366,1788.856
2026-07-27 14:26:41.687,241,1177.908
2026-07-27 14:26:41.688,188,918.866
2026-07-27 14:26:41.733,241,1177.908
2026-07-27 14:26:41.733,297,1451.613
2026-07-27 14:26:41.733,318,1554.252
2026-07-27 14:26:41.733,331,1617.791
2026-07-27 14:26:41.733,343,1676.442
2026-07-27 14:26:41.734,346,1691.105
2026-07-27 14:26:41.734,342,1671.554
2026-07-27 14:26:41.734,339,1656.891
2026-07-27 14:26:41.735,338,1652.004
2026-07-27 14:26:41.778,341,1666.667
2026-07-27 14:26:41.779,344,1681.329
2026-07-27 14:26:41.779,344,1681.329
2026-07-27 14:26:41.779,344,1681.329
2026-07-27 14:26:41.779,344,1681.329
2026-07-27 14:26:41.779,345,1686.217
2026-07-27 14:26:41.779,348,1700.88
2026-07-27 14:26:41.779,348,1700.88
2026-07-27 14:26:41.782,349,1705.767
2026-07-27 14:26:41.825,349,1705.767
2026-07-27 14:26:41.826,351,1715.543
2026-07-27 14:26:41.826,353,1725.318
2026-07-27 14:26:41.826,354,1730.205
2026-07-27 14:26:41.826,355,1735.093
2026-07-27 14:26:41.826,357,1744.868
2026-07-27 14:26:41.827,363,1774.194
2026-07-27 14:26:41.827,365,1783.969
2026-07-27 14:26:41.829,367,1793.744
2026-07-27 14:26:41.872,370,1808.407
2026-07-27 14:26:41.872,375,1832.845
2026-07-27 14:26:41.872,384,1876.833
2026-07-27 14:26:41.875,392,1915.934
2026-07-27 14:26:41.875,400,1955.034
2026-07-27 14:26:41.875,408,1994.135
2026-07-27 14:26:41.876,417,2038.123
2026-07-27 14:26:41.876,425,2077.224
2026-07-27 14:26:41.877,431,2106.549
2026-07-27 14:26:41.881,435,2126.1
2026-07-27 14:26:41.919,439,2145.65
2026-07-27 14:26:41.919,439,2145.65
2026-07-27 14:26:41.919,433,2116.325
2026-07-27 14:26:41.919,422,2062.561
2026-07-27 14:26:41.919,404,1974.585
2026-07-27 14:26:41.919,384,1876.833
2026-07-27 14:26:41.920,363,1774.194
2026-07-27 14:26:41.922,344,1681.329
2026-07-27 14:26:41.965,329,1608.016
2026-07-27 14:26:41.965,316,1544.477
2026-07-27 14:26:41.966,306,1495.601
2026-07-27 14:26:41.966,298,1456.5
2026-07-27 14:26:41.966,292,1427.175
2026-07-27 14:26:41.966,288,1407.625
2026-07-27 14:26:41.966,288,1407.625
2026-07-27 14:26:41.966,288,1407.625
2026-07-27 14:26:41.969,286,1397.849
2026-07-27 14:26:42.012,286,1397.849
2026-07-27 14:26:42.012,287,1402.737
2026-07-27 14:26:42.012,287,1402.737
2026-07-27 14:26:42.012,287,1402.737
2026-07-27 14:26:42.012,288,1407.625
2026-07-27 14:26:42.013,288,1407.625
2026-07-27 14:26:42.013,290,1417.4
2026-07-27 14:26:42.013,292,1427.175
2026-07-27 14:26:42.059,294,1436.95
2026-07-27 14:26:42.059,292,1427.175
2026-07-27 14:26:42.059,290,1417.4
2026-07-27 14:26:42.059,291,1422.287
2026-07-27 14:26:42.059,293,1432.063
2026-07-27 14:26:42.060,294,1436.95
2026-07-27 14:26:42.060,297,1451.613
2026-07-27 14:26:42.060,299,1461.388
2026-07-27 14:26:42.060,300,1466.276
2026-07-27 14:26:42.063,300,1466.276
2026-07-27 14:26:42.105,302,1476.051
2026-07-27 14:26:42.105,303,1480.938
2026-07-27 14:26:42.105,305,1490.714
2026-07-27 14:26:42.105,306,1495.601
2026-07-27 14:26:42.105,306,1495.601
2026-07-27 14:26:42.105,306,1495.601
2026-07-27 14:26:42.106,305,1490.714
2026-07-27 14:26:42.106,306,1495.601
2026-07-27 14:26:42.109,307,1500.489
2026-07-27 14:26:42.151,310,1515.152
2026-07-27 14:26:42.152,313,1529.814
2026-07-27 14:26:42.152,314,1534.702
2026-07-27 14:26:42.152,314,1534.702
2026-07-27 14:26:42.152,313,1529.814
2026-07-27 14:26:42.153,313,1529.814
2026-07-27 14:26:42.153,313,1529.814
2026-07-27 14:26:42.153,313,1529.814
2026-07-27 14:26:42.157,312,1524.927
2026-07-27 14:26:42.199,314,1534.702
2026-07-27 14:26:42.199,314,1534.702
2026-07-27 14:26:42.199,313,1529.814
2026-07-27 14:26:42.199,314,1534.702
2026-07-27 14:26:42.199,315,1539.589
2026-07-27 14:26:42.199,317,1549.365
2026-07-27 14:26:42.200,317,1549.365
2026-07-27 14:26:42.200,315,1539.589
2026-07-27 14:26:42.203,315,1539.589
2026-07-27 14:26:42.246,316,1544.477
2026-07-27 14:26:42.246,317,1549.365
2026-07-27 14:26:42.246,317,1549.365
2026-07-27 14:26:42.246,317,1549.365
2026-07-27 14:26:42.247,318,1554.252
2026-07-27 14:26:42.247,317,1549.365
2026-07-27 14:26:42.247,317,1549.365
2026-07-27 14:26:42.247,318,1554.252
2026-07-27 14:26:42.250,318,1554.252
2026-07-27 14:26:42.292,317,1549.365
2026-07-27 14:26:42.292,318,1554.252
2026-07-27 14:26:42.292,320,1564.027
2026-07-27 14:26:42.293,321,1568.915
2026-07-27 14:26:42.293,322,1573.803
2026-07-27 14:26:42.293,320,1564.027
2026-07-27 14:26:42.293,318,1554.252
2026-07-27 14:26:42.293,316,1544.477
2026-07-27 14:26:42.297,315,1539.589
2026-07-27 14:26:42.339,315,1539.589
2026-07-27 14:26:42.339,316,1544.477
2026-07-27 14:26:42.340,316,1544.477
2026-07-27 14:26:42.340,316,1544.477
2026-07-27 14:26:42.340,314,1534.702
2026-07-27 14:26:42.340,314,1534.702
2026-07-27 14:26:42.340,314,1534.702
2026-07-27 14:26:42.341,315,1539.589
2026-07-27 14:26:42.344,315,1539.589
2026-07-27 14:26:42.385,314,1534.702
2026-07-27 14:26:42.385,313,1529.814
2026-07-27 14:26:42.385,313,1529.814
2026-07-27 14:26:42.385,312,1524.927
2026-07-27 14:26:42.389,312,1524.927
2026-07-27 14:26:42.389,312,1524.927
2026-07-27 14:26:42.389,313,1529.814
2026-07-27 14:26:42.389,315,1539.589
2026-07-27 14:26:42.390,316,1544.477
2026-07-27 14:26:42.433,316,1544.477
2026-07-27 14:26:42.433,315,1539.589
2026-07-27 14:26:42.433,313,1529.814
2026-07-27 14:26:42.434,312,1524.927
2026-07-27 14:26:42.434,312,1524.927
2026-07-27 14:26:42.434,314,1534.702
2026-07-27 14:26:42.434,315,1539.589
2026-07-27 14:26:42.434,314,1534.702
2026-07-27 14:26:42.437,314,1534.702
2026-07-27 14:26:42.479,314,1534.702
2026-07-27 14:26:42.479,315,1539.589
2026-07-27 14:26:42.479,315,1539.589
2026-07-27 14:26:42.480,312,1524.927
2026-07-27 14:26:42.480,312,1524.927
2026-07-27 14:26:42.480,315,1539.589
2026-07-27 14:26:42.480,316,1544.477
2026-07-27 14:26:42.481,316,1544.477
2026-07-27 14:26:42.484,315,1539.589
2026-07-27 14:26:42.525,315,1539.589
2026-07-27 14:26:42.525,315,1539.589
2026-07-27 14:26:42.526,316,1544.477
2026-07-27 14:26:42.526,320,1564.027
2026-07-27 14:26:42.526,323,1578.69
2026-07-27 14:26:42.526,326,1593.353
2026-07-27 14:26:42.526,326,1593.353
2026-07-27 14:26:42.529,326,1593.353
2026-07-27 14:26:42.531,323,1578.69
2026-07-27 14:26:42.574,318,1554.252
2026-07-27 14:26:42.574,317,1549.365
2026-07-27 14:26:42.574,317,1549.365
2026-07-27 14:26:42.574,316,1544.477
2026-07-27 14:26:42.574,313,1529.814
2026-07-27 14:26:42.575,312,1524.927
2026-07-27 14:26:42.575,315,1539.589
2026-07-27 14:26:42.575,319,1559.14
2026-07-27 14:26:42.578,320,1564.027
2026-07-27 14:26:42.618,321,1568.915
2026-07-27 14:26:42.619,321,1568.915
2026-07-27 14:26:42.619,321,1568.915
2026-07-27 14:26:42.619,327,1598.24
2026-07-27 14:26:42.619,339,1656.891
2026-07-27 14:26:42.619,373,1823.069
2026-07-27 14:26:42.620,435,2126.1
2026-07-27 14:26:42.620,513,2507.331
2026-07-27 14:26:42.665,519,2536.657
2026-07-27 14:26:42.666,396,1935.484
2026-07-27 14:26:42.666,265,1295.21
2026-07-27 14:26:42.666,186,909.091
2026-07-27 14:26:42.666,222,1085.044
2026-07-27 14:26:42.667,285,1392.962
2026-07-27 14:26:42.667,310,1515.152
2026-07-27 14:26:42.667,325,1588.465
2026-07-27 14:26:42.667,338,1652.004
2026-07-27 14:26:42.712,344,1681.329
2026-07-27 14:26:42.712,339,1656.891
2026-07-27 14:26:42.712,333,1627.566
2026-07-27 14:26:42.712,333,1627.566
2026-07-27 14:26:42.712,336,1642.229
2026-07-27 14:26:42.712,338,1652.004
2026-07-27 14:26:42.713,338,1652.004
2026-07-27 14:26:42.713,339,1656.891
2026-07-27 14:26:42.713,340,1661.779
2026-07-27 14:26:42.759,341,1666.667
2026-07-27 14:26:42.759,342,1671.554
2026-07-27 14:26:42.759,342,1671.554
2026-07-27 14:26:42.760,343,1676.442
2026-07-27 14:26:42.760,344,1681.329
2026-07-27 14:26:42.760,347,1695.992
2026-07-27 14:26:42.760,349,1705.767
2026-07-27 14:26:42.760,350,1710.655
2026-07-27 14:26:42.761,351,1715.543
2026-07-27 14:26:42.804,352,1720.43
2026-07-27 14:26:42.804,354,1730.205
2026-07-27 14:26:42.804,357,1744.868
2026-07-27 14:26:42.804,359,1754.643
2026-07-27 14:26:42.805,363,1774.194
2026-07-27 14:26:42.805,368,1798.631
2026-07-27 14:26:42.805,373,1823.069
2026-07-27 14:26:42.805,381,1862.17
2026-07-27 14:26:42.807,390,1906.158
2026-07-27 14:26:42.835,400,1955.034
2026-07-27 14:26:42.836,409,1999.022
2026-07-27 14:26:42.836,417,2038.123
2026-07-27 14:26:42.836,424,2072.336
2026-07-27 14:26:42.836,431,2106.549
2026-07-27 14:26:42.838,434,2121.212
2026-07-27 14:26:42.882,436,2130.987
2026-07-27 14:26:42.882,433,2116.325
2026-07-27 14:26:42.883,424,2072.336
2026-07-27 14:26:42.883,408,1994.135
2026-07-27 14:26:42.884,387,1891.496
2026-07-27 14:26:42.884,366,1788.856
2026-07-27 14:26:42.884,348,1700.88
2026-07-27 14:26:42.884,333,1627.566
2026-07-27 14:26:42.929,318,1554.252
2026-07-27 14:26:42.933,309,1510.264
2026-07-27 14:26:42.933,302,1476.051
2026-07-27 14:26:42.933,294,1436.95
2026-07-27 14:26:42.933,290,1417.4
2026-07-27 14:26:42.933,288,1407.625
2026-07-27 14:26:42.933,288,1407.625
2026-07-27 14:26:42.934,286,1397.849
2026-07-27 14:26:42.934,286,1397.849
2026-07-27 14:26:42.934,286,1397.849
2026-07-27 14:26:42.937,288,1407.625
2026-07-27 14:26:42.976,289,1412.512
2026-07-27 14:26:42.977,289,1412.512
2026-07-27 14:26:42.977,291,1422.287
2026-07-27 14:26:42.978,292,1427.175
2026-07-27 14:26:42.978,292,1427.175
2026-07-27 14:26:42.978,294,1436.95
2026-07-27 14:26:42.978,297,1451.613
2026-07-27 14:26:42.989,298,1456.5
2026-07-27 14:26:42.989,297,1451.613
2026-07-27 14:26:42.989,298,1456.5
2026-07-27 14:26:43.023,300,1466.276
2026-07-27 14:26:43.023,300,1466.276
2026-07-27 14:26:43.023,300,1466.276
2026-07-27 14:26:43.023,303,1480.938
2026-07-27 14:26:43.023,305,1490.714
2026-07-27 14:26:43.023,306,1495.601
2026-07-27 14:26:43.025,305,1490.714
2026-07-27 14:26:43.053,306,1495.601
2026-07-27 14:26:43.054,308,1505.376
2026-07-27 14:26:43.054,310,1515.152
2026-07-27 14:26:43.054,310,1515.152
2026-07-27 14:26:43.054,310,1515.152
2026-07-27 14:26:43.056,310,1515.152
2026-07-27 14:26:43.084,310,1515.152
2026-07-27 14:26:43.085,309,1510.264
2026-07-27 14:26:43.085,311,1520.039
2026-07-27 14:26:43.085,313,1529.814
2026-07-27 14:26:43.085,315,1539.589
2026-07-27 14:26:43.115,314,1534.702
2026-07-27 14:26:43.115,314,1534.702
2026-07-27 14:26:43.115,315,1539.589
2026-07-27 14:26:43.115,317,1549.365
2026-07-27 14:26:43.115,319,1559.14
2026-07-27 14:26:43.115,317,1549.365
2026-07-27 14:26:43.118,318,1554.252
2026-07-27 14:26:43.162,320,1564.027
2026-07-27 14:26:43.162,319,1559.14
2026-07-27 14:26:43.162,318,1554.252
2026-07-27 14:26:43.162,318,1554.252
2026-07-27 14:26:43.162,318,1554.252
2026-07-27 14:26:43.162,317,1549.365
2026-07-27 14:26:43.163,317,1549.365
2026-07-27 14:26:43.163,318,1554.252
2026-07-27 14:26:43.193,320,1564.027
2026-07-27 14:26:43.193,318,1554.252
2026-07-27 14:26:43.193,318,1554.252
2026-07-27 14:26:43.193,320,1564.027
2026-07-27 14:26:43.193,321,1568.915
2026-07-27 14:26:43.197,320,1564.027
2026-07-27 14:26:43.198,320,1564.027
2026-07-27 14:26:43.202,322,1573.803
2026-07-27 14:26:43.238,322,1573.803
2026-07-27 14:26:43.238,322,1573.803
2026-07-27 14:26:43.239,322,1573.803
2026-07-27 14:26:43.239,324,1583.578
2026-07-27 14:26:43.239,322,1573.803
2026-07-27 14:26:43.239,321,1568.915
2026-07-27 14:26:43.239,321,1568.915
2026-07-27 14:26:43.269,321,1568.915
2026-07-27 14:26:43.269,321,1568.915
2026-07-27 14:26:43.270,322,1573.803
2026-07-27 14:26:43.270,322,1573.803
2026-07-27 14:26:43.270,323,1578.69
2026-07-27 14:26:43.270,321,1568.915
2026-07-27 14:26:43.299,321,1568.915
2026-07-27 14:26:43.299,322,1573.803
2026-07-27 14:26:43.299,323,1578.69
2026-07-27 14:26:43.299,323,1578.69
2026-07-27 14:26:43.299,321,1568.915
2026-07-27 14:26:43.300,322,1573.803
2026-07-27 14:26:43.345,322,1573.803
2026-07-27 14:26:43.345,322,1573.803
2026-07-27 14:26:43.345,323,1578.69
2026-07-27 14:26:43.345,324,1583.578
2026-07-27 14:26:43.346,324,1583.578
2026-07-27 14:26:43.346,325,1588.465
2026-07-27 14:26:43.346,324,1583.578
2026-07-27 14:26:43.346,323,1578.69
2026-07-27 14:26:43.347,323,1578.69
2026-07-27 14:26:43.392,323,1578.69
2026-07-27 14:26:43.392,324,1583.578
2026-07-27 14:26:43.392,324,1583.578
2026-07-27 14:26:43.392,325,1588.465
2026-07-27 14:26:43.392,326,1593.353
2026-07-27 14:26:43.392,326,1593.353
2026-07-27 14:26:43.393,324,1583.578
2026-07-27 14:26:43.393,323,1578.69
2026-07-27 14:26:43.438,324,1583.578
2026-07-27 14:26:43.438,324,1583.578
2026-07-27 14:26:43.438,325,1588.465
2026-07-27 14:26:43.442,325,1588.465
2026-07-27 14:26:43.442,324,1583.578
2026-07-27 14:26:43.442,326,1593.353
2026-07-27 14:26:43.443,328,1603.128
2026-07-27 14:26:43.443,330,1612.903
2026-07-27 14:26:43.443,329,1608.016
2026-07-27 14:26:43.443,327,1598.24
2026-07-27 14:26:43.485,327,1598.24
2026-07-27 14:26:43.485,330,1612.903
2026-07-27 14:26:43.485,333,1627.566
2026-07-27 14:26:43.485,335,1637.341
2026-07-27 14:26:43.486,337,1647.116
2026-07-27 14:26:43.486,338,1652.004
2026-07-27 14:26:43.486,340,1661.779
2026-07-27 14:26:43.486,340,1661.779
2026-07-27 14:26:43.531,338,1652.004
2026-07-27 14:26:43.531,334,1632.454
2026-07-27 14:26:43.532,333,1627.566
2026-07-27 14:26:43.532,334,1632.454
2026-07-27 14:26:43.532,332,1622.678
2026-07-27 14:26:43.532,329,1608.016
2026-07-27 14:26:43.532,328,1603.128
2026-07-27 14:26:43.532,330,1612.903
2026-07-27 14:26:43.532,332,1622.678
2026-07-27 14:26:43.535,332,1622.678
2026-07-27 14:26:43.578,332,1622.678
2026-07-27 14:26:43.578,333,1627.566
2026-07-27 14:26:43.578,333,1627.566
2026-07-27 14:26:43.578,341,1666.667
2026-07-27 14:26:43.579,360,1759.531
2026-07-27 14:26:43.579,406,1984.36
2026-07-27 14:26:43.579,481,2350.929
2026-07-27 14:26:43.579,545,2663.734
2026-07-27 14:26:43.625,479,2341.153
2026-07-27 14:26:43.625,334,1632.454
2026-07-27 14:26:43.625,221,1080.156
2026-07-27 14:26:43.625,201,982.405
2026-07-27 14:26:43.626,265,1295.21
2026-07-27 14:26:43.626,308,1505.376
2026-07-27 14:26:43.626,322,1573.803
2026-07-27 14:26:43.626,336,1642.229
2026-07-27 14:26:43.626,349,1705.767
2026-07-27 14:26:43.628,351,1715.543
2026-07-27 14:26:43.671,345,1686.217
2026-07-27 14:26:43.671,340,1661.779
2026-07-27 14:26:43.672,341,1666.667
2026-07-27 14:26:43.672,344,1681.329
2026-07-27 14:26:43.672,347,1695.992
2026-07-27 14:26:43.672,347,1695.992
2026-07-27 14:26:43.672,346,1691.105
2026-07-27 14:26:43.673,348,1700.88
2026-07-27 14:26:43.675,348,1700.88
2026-07-27 14:26:43.717,349,1705.767
2026-07-27 14:26:43.718,349,1705.767
2026-07-27 14:26:43.718,351,1715.543
2026-07-27 14:26:43.718,353,1725.318
2026-07-27 14:26:43.718,355,1735.093
2026-07-27 14:26:43.718,355,1735.093
2026-07-27 14:26:43.718,356,1739.98
2026-07-27 14:26:43.720,358,1749.756
2026-07-27 14:26:43.766,360,1759.531
2026-07-27 14:26:43.766,362,1769.306
2026-07-27 14:26:43.766,365,1783.969
2026-07-27 14:26:43.766,368,1798.631
2026-07-27 14:26:43.767,372,1818.182
2026-07-27 14:26:43.767,378,1847.507
2026-07-27 14:26:43.767,385,1881.72
2026-07-27 14:26:43.767,394,1925.709
2026-07-27 14:26:43.767,402,1964.809
2026-07-27 14:26:43.769,411,2008.798
2026-07-27 14:26:43.812,422,2062.561
2026-07-27 14:26:43.812,431,2106.549
2026-07-27 14:26:43.812,438,2140.762
2026-07-27 14:26:43.813,443,2165.2
2026-07-27 14:26:43.813,445,2174.976
2026-07-27 14:26:43.813,444,2170.088
2026-07-27 14:26:43.813,436,2130.987
2026-07-27 14:26:43.813,424,2072.336
2026-07-27 14:26:43.815,406,1984.36
2026-07-27 14:26:43.859,385,1881.72
2026-07-27 14:26:43.859,362,1769.306
2026-07-27 14:26:43.859,345,1686.217
2026-07-27 14:26:43.859,331,1617.791
2026-07-27 14:26:43.860,321,1568.915
2026-07-27 14:26:43.860,311,1520.039
2026-07-27 14:26:43.860,303,1480.938
2026-07-27 14:26:43.860,298,1456.5
2026-07-27 14:26:43.862,296,1446.725
2026-07-27 14:26:43.904,293,1432.063
2026-07-27 14:26:43.904,291,1422.287
2026-07-27 14:26:43.905,291,1422.287
2026-07-27 14:26:43.905,292,1427.175
2026-07-27 14:26:43.905,294,1436.95
2026-07-27 14:26:43.905,294,1436.95
2026-07-27 14:26:43.905,292,1427.175
2026-07-27 14:26:43.905,292,1427.175
2026-07-27 14:26:43.911,295,1441.838
2026-07-27 14:26:43.914,297,1451.613
2026-07-27 14:26:43.951,300,1466.276
2026-07-27 14:26:43.951,300,1466.276
2026-07-27 14:26:43.955,298,1456.5
2026-07-27 14:26:43.955,298,1456.5
2026-07-27 14:26:43.955,298,1456.5
2026-07-27 14:26:43.955,299,1461.388
2026-07-27 14:26:43.955,300,1466.276
2026-07-27 14:26:43.956,301,1471.163
2026-07-27 14:26:43.997,301,1471.163
2026-07-27 14:26:43.998,303,1480.938
2026-07-27 14:26:43.998,302,1476.051
2026-07-27 14:26:43.998,302,1476.051
2026-07-27 14:26:43.998,301,1471.163
2026-07-27 14:26:43.998,301,1471.163
2026-07-27 14:26:43.998,303,1480.938
2026-07-27 14:26:43.998,304,1485.826
2026-07-27 14:26:44.014,303,1480.938
2026-07-27 14:26:44.014,304,1485.826
2026-07-27 14:26:44.014,305,1490.714
2026-07-27 14:26:44.018,306,1495.601
2026-07-27 14:26:44.059,306,1495.601
2026-07-27 14:26:44.059,305,1490.714
2026-07-27 14:26:44.060,306,1495.601
2026-07-27 14:26:44.060,308,1505.376
2026-07-27 14:26:44.060,307,1500.489
2026-07-27 14:26:44.060,307,1500.489
2026-07-27 14:26:44.060,307,1500.489
2026-07-27 14:26:44.060,308,1505.376
2026-07-27 14:26:44.108,309,1510.264
2026-07-27 14:26:44.108,307,1500.489
2026-07-27 14:26:44.109,306,1495.601
2026-07-27 14:26:44.109,307,1500.489
2026-07-27 14:26:44.110,308,1505.376
2026-07-27 14:26:44.110,307,1500.489
2026-07-27 14:26:44.110,306,1495.601
2026-07-27 14:26:44.111,306,1495.601
2026-07-27 14:26:44.111,308,1505.376
2026-07-27 14:26:44.113,309,1510.264
2026-07-27 14:26:44.153,308,1505.376
2026-07-27 14:26:44.153,308,1505.376
2026-07-27 14:26:44.153,307,1500.489
2026-07-27 14:26:44.153,308,1505.376
2026-07-27 14:26:44.153,309,1510.264
2026-07-27 14:26:44.153,309,1510.264
2026-07-27 14:26:44.153,311,1520.039
2026-07-27 14:26:44.154,312,1524.927
2026-07-27 14:26:44.200,311,1520.039
2026-07-27 14:26:44.200,311,1520.039
2026-07-27 14:26:44.200,313,1529.814
2026-07-27 14:26:44.200,312,1524.927
2026-07-27 14:26:44.200,312,1524.927
2026-07-27 14:26:44.201,311,1520.039
2026-07-27 14:26:44.201,314,1534.702
2026-07-27 14:26:44.201,313,1529.814
2026-07-27 14:26:44.201,313,1529.814
2026-07-27 14:26:44.247,313,1529.814
2026-07-27 14:26:44.247,312,1524.927
2026-07-27 14:26:44.247,313,1529.814
2026-07-27 14:26:44.247,314,1534.702
2026-07-27 14:26:44.247,314,1534.702
2026-07-27 14:26:44.247,314,1534.702
2026-07-27 14:26:44.248,315,1539.589
2026-07-27 14:26:44.248,315,1539.589
2026-07-27 14:26:44.248,314,1534.702
2026-07-27 14:26:44.293,314,1534.702
2026-07-27 14:26:44.293,314,1534.702
2026-07-27 14:26:44.293,315,1539.589
2026-07-27 14:26:44.294,316,1544.477
2026-07-27 14:26:44.294,316,1544.477
2026-07-27 14:26:44.294,315,1539.589
2026-07-27 14:26:44.294,317,1549.365
2026-07-27 14:26:44.294,318,1554.252
2026-07-27 14:26:44.294,318,1554.252
2026-07-27 14:26:44.339,318,1554.252
2026-07-27 14:26:44.339,319,1559.14
2026-07-27 14:26:44.340,316,1544.477
2026-07-27 14:26:44.340,315,1539.589
2026-07-27 14:26:44.340,316,1544.477
2026-07-27 14:26:44.340,320,1564.027
2026-07-27 14:26:44.340,321,1568.915
2026-07-27 14:26:44.340,318,1554.252
2026-07-27 14:26:44.341,316,1544.477
2026-07-27 14:26:44.385,316,1544.477
2026-07-27 14:26:44.385,318,1554.252
2026-07-27 14:26:44.385,319,1559.14
2026-07-27 14:26:44.386,318,1554.252
2026-07-27 14:26:44.386,318,1554.252
2026-07-27 14:26:44.386,318,1554.252
2026-07-27 14:26:44.386,318,1554.252
2026-07-27 14:26:44.386,318,1554.252
2026-07-27 14:26:44.387,318,1554.252
2026-07-27 14:26:44.431,317,1549.365
2026-07-27 14:26:44.432,315,1539.589
2026-07-27 14:26:44.432,319,1559.14
2026-07-27 14:26:44.432,323,1578.69
2026-07-27 14:26:44.432,325,1588.465
2026-07-27 14:26:44.432,327,1598.24
2026-07-27 14:26:44.432,329,1608.016
2026-07-27 14:26:44.432,329,1608.016
2026-07-27 14:26:44.434,329,1608.016
2026-07-27 14:26:44.478,328,1603.128
2026-07-27 14:26:44.478,324,1583.578
2026-07-27 14:26:44.482,322,1573.803
2026-07-27 14:26:44.482,320,1564.027
2026-07-27 14:26:44.482,318,1554.252
2026-07-27 14:26:44.482,316,1544.477
2026-07-27 14:26:44.482,318,1554.252
2026-07-27 14:26:44.483,321,1568.915
2026-07-27 14:26:44.483,321,1568.915
2026-07-27 14:26:44.525,320,1564.027
2026-07-27 14:26:44.525,320,1564.027
2026-07-27 14:26:44.525,323,1578.69
2026-07-27 14:26:44.525,324,1583.578
2026-07-27 14:26:44.525,331,1617.791
2026-07-27 14:26:44.525,350,1710.655
2026-07-27 14:26:44.525,396,1935.484
2026-07-27 14:26:44.526,466,2277.615
2026-07-27 14:26:44.528,532,2600.196
2026-07-27 14:26:44.571,477,2331.378
2026-07-27 14:26:44.571,328,1603.128
2026-07-27 14:26:44.572,211,1031.281
2026-07-27 14:26:44.572,185,904.203
2026-07-27 14:26:44.572,251,1226.784
2026-07-27 14:26:44.572,298,1456.5
2026-07-27 14:26:44.572,309,1510.264
2026-07-27 14:26:44.572,323,1578.69
2026-07-27 14:26:44.575,339,1656.891
2026-07-27 14:26:44.617,341,1666.667
2026-07-27 14:26:44.617,334,1632.454
2026-07-27 14:26:44.617,330,1612.903
2026-07-27 14:26:44.617,332,1622.678
2026-07-27 14:26:44.617,337,1647.116
2026-07-27 14:26:44.618,341,1666.667
2026-07-27 14:26:44.618,339,1656.891
2026-07-27 14:26:44.625,337,1647.116
2026-07-27 14:26:44.625,339,1656.891
2026-07-27 14:26:44.627,340,1661.779
2026-07-27 14:26:44.663,341,1666.667
2026-07-27 14:26:44.663,342,1671.554
2026-07-27 14:26:44.664,343,1676.442
2026-07-27 14:26:44.664,344,1681.329
2026-07-27 14:26:44.664,343,1676.442
2026-07-27 14:26:44.664,344,1681.329
2026-07-27 14:26:44.664,347,1695.992
2026-07-27 14:26:44.668,350,1710.655
2026-07-27 14:26:44.710,355,1735.093
2026-07-27 14:26:44.710,353,1725.318
2026-07-27 14:26:44.710,354,1730.205
2026-07-27 14:26:44.711,359,1754.643
2026-07-27 14:26:44.711,365,1783.969
2026-07-27 14:26:44.711,369,1803.519
2026-07-27 14:26:44.711,374,1827.957
2026-07-27 14:26:44.715,379,1852.395
2026-07-27 14:26:44.716,389,1901.271
2026-07-27 14:26:44.757,399,1950.147
2026-07-27 14:26:44.757,411,2008.798
2026-07-27 14:26:44.757,419,2047.898
2026-07-27 14:26:44.757,425,2077.224
2026-07-27 14:26:44.757,430,2101.662
2026-07-27 14:26:44.757,435,2126.1
2026-07-27 14:26:44.758,436,2130.987
2026-07-27 14:26:44.758,431,2106.549
2026-07-27 14:26:44.762,419,2047.898
2026-07-27 14:26:44.804,401,1959.922
2026-07-27 14:26:44.804,380,1857.283
2026-07-27 14:26:44.805,361,1764.418
2026-07-27 14:26:44.805,346,1691.105
2026-07-27 14:26:44.805,332,1622.678
2026-07-27 14:26:44.805,319,1559.14
2026-07-27 14:26:44.805,310,1515.152
2026-07-27 14:26:44.807,305,1490.714
2026-07-27 14:26:44.809,301,1471.163
2026-07-27 14:26:44.851,298,1456.5
2026-07-27 14:26:44.851,294,1436.95
2026-07-27 14:26:44.851,291,1422.287
2026-07-27 14:26:44.851,292,1427.175
2026-07-27 14:26:44.851,293,1432.063
2026-07-27 14:26:44.851,293,1432.063
2026-07-27 14:26:44.852,293,1432.063
2026-07-27 14:26:44.852,295,1441.838
2026-07-27 14:26:44.855,297,1451.613
2026-07-27 14:26:44.897,299,1461.388
2026-07-27 14:26:44.897,298,1456.5
2026-07-27 14:26:44.897,300,1466.276
2026-07-27 14:26:44.898,302,1476.051
2026-07-27 14:26:44.898,304,1485.826
2026-07-27 14:26:44.898,303,1480.938
2026-07-27 14:26:44.898,302,1476.051
2026-07-27 14:26:44.898,304,1485.826
2026-07-27 14:26:44.902,306,1495.601
2026-07-27 14:26:44.943,306,1495.601
2026-07-27 14:26:44.944,306,1495.601
2026-07-27 14:26:44.944,306,1495.601
2026-07-27 14:26:44.944,307,1500.489
2026-07-27 14:26:44.944,309,1510.264
2026-07-27 14:26:44.944,311,1520.039
2026-07-27 14:26:44.944,309,1510.264
2026-07-27 14:26:44.944,308,1505.376
2026-07-27 14:26:44.974,309,1510.264
2026-07-27 14:26:44.975,309,1510.264
2026-07-27 14:26:44.975,310,1515.152
2026-07-27 14:26:44.975,311,1520.039
2026-07-27 14:26:44.979,311,1520.039
2026-07-27 14:26:44.979,310,1515.152
2026-07-27 14:26:44.980,311,1520.039
2026-07-27 14:26:45.021,311,1520.039
2026-07-27 14:26:45.021,311,1520.039
2026-07-27 14:26:45.021,312,1524.927
2026-07-27 14:26:45.021,313,1529.814
2026-07-27 14:26:45.022,314,1534.702
2026-07-27 14:26:45.022,313,1529.814
2026-07-27 14:26:45.022,314,1534.702
2026-07-27 14:26:45.022,316,1544.477
2026-07-27 14:26:45.068,315,1539.589
2026-07-27 14:26:45.069,316,1544.477
2026-07-27 14:26:45.069,316,1544.477
2026-07-27 14:26:45.069,315,1539.589
2026-07-27 14:26:45.069,315,1539.589
2026-07-27 14:26:45.069,315,1539.589
2026-07-27 14:26:45.069,315,1539.589
2026-07-27 14:26:45.070,315,1539.589
2026-07-27 14:26:45.070,317,1549.365
2026-07-27 14:26:45.100,317,1549.365
2026-07-27 14:26:45.100,316,1544.477
2026-07-27 14:26:45.100,316,1544.477
2026-07-27 14:26:45.100,318,1554.252
2026-07-27 14:26:45.100,317,1549.365
2026-07-27 14:26:45.101,316,1544.477
2026-07-27 14:26:45.130,317,1549.365
2026-07-27 14:26:45.131,320,1564.027
2026-07-27 14:26:45.131,318,1554.252
2026-07-27 14:26:45.131,317,1549.365
2026-07-27 14:26:45.131,318,1554.252
2026-07-27 14:26:45.135,321,1568.915
2026-07-27 14:26:45.137,320,1564.027
2026-07-27 14:26:45.177,320,1564.027
2026-07-27 14:26:45.177,318,1554.252
2026-07-27 14:26:45.177,318,1554.252
2026-07-27 14:26:45.178,320,1564.027
2026-07-27 14:26:45.178,323,1578.69
2026-07-27 14:26:45.178,324,1583.578
2026-07-27 14:26:45.178,324,1583.578
2026-07-27 14:26:45.178,323,1578.69
2026-07-27 14:26:45.208,323,1578.69
2026-07-27 14:26:45.208,322,1573.803
2026-07-27 14:26:45.208,323,1578.69
2026-07-27 14:26:45.208,325,1588.465
2026-07-27 14:26:45.209,327,1598.24
2026-07-27 14:26:45.209,326,1593.353
2026-07-27 14:26:45.240,326,1593.353
2026-07-27 14:26:45.240,328,1603.128
2026-07-27 14:26:45.240,329,1608.016
2026-07-27 14:26:45.240,328,1603.128
2026-07-27 14:26:45.240,328,1603.128
2026-07-27 14:26:45.240,330,1612.903
2026-07-27 14:26:45.270,330,1612.903
2026-07-27 14:26:45.271,329,1608.016
2026-07-27 14:26:45.271,328,1603.128
2026-07-27 14:26:45.271,329,1608.016
2026-07-27 14:26:45.271,329,1608.016
2026-07-27 14:26:45.272,328,1603.128
2026-07-27 14:26:45.301,327,1598.24
2026-07-27 14:26:45.301,326,1593.353
2026-07-27 14:26:45.302,326,1593.353
2026-07-27 14:26:45.302,324,1583.578
2026-07-27 14:26:45.302,326,1593.353
2026-07-27 14:26:45.303,328,1603.128
2026-07-27 14:26:45.333,329,1608.016
2026-07-27 14:26:45.333,329,1608.016
2026-07-27 14:26:45.333,328,1603.128
2026-07-27 14:26:45.334,327,1598.24
2026-07-27 14:26:45.334,326,1593.353
2026-07-27 14:26:45.339,326,1593.353
2026-07-27 14:26:45.340,328,1603.128
2026-07-27 14:26:45.379,329,1608.016
2026-07-27 14:26:45.379,331,1617.791
2026-07-27 14:26:45.379,333,1627.566
2026-07-27 14:26:45.380,337,1647.116
2026-07-27 14:26:45.380,339,1656.891
2026-07-27 14:26:45.380,341,1666.667
2026-07-27 14:26:45.380,340,1661.779
2026-07-27 14:26:45.381,336,1642.229
2026-07-27 14:26:45.411,333,1627.566
2026-07-27 14:26:45.411,332,1622.678
2026-07-27 14:26:45.411,332,1622.678
2026-07-27 14:26:45.412,329,1608.016
2026-07-27 14:26:45.412,325,1588.465
2026-07-27 14:26:45.412,326,1593.353
2026-07-27 14:26:45.442,328,1603.128
2026-07-27 14:26:45.442,328,1603.128
2026-07-27 14:26:45.442,328,1603.128
2026-07-27 14:26:45.442,328,1603.128
2026-07-27 14:26:45.442,329,1608.016
2026-07-27 14:26:45.476,332,1622.678
2026-07-27 14:26:45.476,342,1671.554
2026-07-27 14:26:45.476,369,1803.519
2026-07-27 14:26:45.477,423,2067.449
2026-07-27 14:26:45.477,501,2448.68
2026-07-27 14:26:45.477,542,2649.071
2026-07-27 14:26:45.477,454,2218.964
2026-07-27 14:26:45.487,316,1544.477
2026-07-27 14:26:45.519,211,1031.281
2026-07-27 14:26:45.521,210,1026.393
2026-07-27 14:26:45.521,276,1348.974
2026-07-27 14:26:45.521,315,1539.589
2026-07-27 14:26:45.522,331,1617.791
2026-07-27 14:26:45.522,346,1691.105
2026-07-27 14:26:45.522,355,1735.093
2026-07-27 14:26:45.522,349,1705.767
2026-07-27 14:26:45.550,341,1666.667
2026-07-27 14:26:45.552,338,1652.004
2026-07-27 14:26:45.552,339,1656.891
2026-07-27 14:26:45.552,340,1661.779
2026-07-27 14:26:45.552,341,1666.667
2026-07-27 14:26:45.554,344,1681.329
2026-07-27 14:26:45.559,345,1686.217
2026-07-27 14:26:45.563,343,1676.442
2026-07-27 14:26:45.597,341,1666.667
2026-07-27 14:26:45.597,343,1676.442
2026-07-27 14:26:45.597,347,1695.992
2026-07-27 14:26:45.597,350,1710.655
2026-07-27 14:26:45.597,351,1715.543
2026-07-27 14:26:45.597,353,1725.318
2026-07-27 14:26:45.600,353,1725.318
2026-07-27 14:26:45.627,355,1735.093
2026-07-27 14:26:45.627,356,1739.98
2026-07-27 14:26:45.627,359,1754.643
2026-07-27 14:26:45.627,361,1764.418
2026-07-27 14:26:45.627,364,1779.081
2026-07-27 14:26:45.659,370,1808.407
2026-07-27 14:26:45.659,374,1827.957
2026-07-27 14:26:45.659,378,1847.507
2026-07-27 14:26:45.659,386,1886.608
2026-07-27 14:26:45.659,396,1935.484
2026-07-27 14:26:45.663,407,1989.247
2026-07-27 14:26:45.663,416,2033.236
2026-07-27 14:26:45.690,424,2072.336
2026-07-27 14:26:45.690,433,2116.325
2026-07-27 14:26:45.690,438,2140.762
2026-07-27 14:26:45.690,441,2155.425
2026-07-27 14:26:45.690,444,2170.088
2026-07-27 14:26:45.722,442,2160.313
2026-07-27 14:26:45.722,434,2121.212
2026-07-27 14:26:45.722,420,2052.786
2026-07-27 14:26:45.722,400,1955.034
2026-07-27 14:26:45.722,378,1847.507
2026-07-27 14:26:45.722,357,1744.868
2026-07-27 14:26:45.725,338,1652.004
2026-07-27 14:26:45.754,323,1578.69
2026-07-27 14:26:45.754,311,1520.039
2026-07-27 14:26:45.754,302,1476.051
2026-07-27 14:26:45.754,294,1436.95
2026-07-27 14:26:45.755,289,1412.512
2026-07-27 14:26:45.758,286,1397.849
2026-07-27 14:26:45.762,285,1392.962
2026-07-27 14:26:45.800,285,1392.962
2026-07-27 14:26:45.800,286,1397.849
2026-07-27 14:26:45.801,286,1397.849
2026-07-27 14:26:45.801,286,1397.849
2026-07-27 14:26:45.801,287,1402.737
2026-07-27 14:26:45.801,287,1402.737
2026-07-27 14:26:45.801,288,1407.625
2026-07-27 14:26:45.802,288,1407.625
2026-07-27 14:26:45.832,289,1412.512
2026-07-27 14:26:45.832,290,1417.4
2026-07-27 14:26:45.832,293,1432.063
2026-07-27 14:26:45.832,296,1446.725
2026-07-27 14:26:45.832,298,1456.5
2026-07-27 14:26:45.833,297,1451.613
2026-07-27 14:26:45.864,296,1446.725
2026-07-27 14:26:45.864,296,1446.725
2026-07-27 14:26:45.864,296,1446.725
2026-07-27 14:26:45.864,298,1456.5
2026-07-27 14:26:45.864,299,1461.388
2026-07-27 14:26:45.865,300,1466.276
2026-07-27 14:26:45.895,300,1466.276
2026-07-27 14:26:45.895,300,1466.276
2026-07-27 14:26:45.895,300,1466.276
2026-07-27 14:26:45.895,302,1476.051
2026-07-27 14:26:45.896,304,1485.826
2026-07-27 14:26:45.896,305,1490.714
2026-07-27 14:26:45.927,306,1495.601
2026-07-27 14:26:45.927,306,1495.601
2026-07-27 14:26:45.927,307,1500.489
2026-07-27 14:26:45.927,310,1515.152
2026-07-27 14:26:45.927,313,1529.814
2026-07-27 14:26:45.927,313,1529.814
2026-07-27 14:26:45.959,313,1529.814
2026-07-27 14:26:45.959,315,1539.589
2026-07-27 14:26:45.960,318,1554.252
2026-07-27 14:26:45.960,316,1544.477
2026-07-27 14:26:45.960,316,1544.477
2026-07-27 14:26:45.960,316,1544.477
2026-07-27 14:26:45.964,316,1544.477
2026-07-27 14:26:46.005,317,1549.365
2026-07-27 14:26:46.005,319,1559.14
2026-07-27 14:26:46.005,320,1564.027
2026-07-27 14:26:46.005,320,1564.027
2026-07-27 14:26:46.006,317,1549.365
2026-07-27 14:26:46.006,317,1549.365
2026-07-27 14:26:46.006,318,1554.252
2026-07-27 14:26:46.006,321,1568.915
2026-07-27 14:26:46.011,321,1568.915
2026-07-27 14:26:46.051,321,1568.915
2026-07-27 14:26:46.051,322,1573.803
2026-07-27 14:26:46.051,322,1573.803
2026-07-27 14:26:46.051,321,1568.915
2026-07-27 14:26:46.051,322,1573.803
2026-07-27 14:26:46.051,324,1583.578
2026-07-27 14:26:46.051,325,1588.465
2026-07-27 14:26:46.052,325,1588.465
2026-07-27 14:26:46.082,325,1588.465
2026-07-27 14:26:46.082,324,1583.578
2026-07-27 14:26:46.082,325,1588.465
2026-07-27 14:26:46.082,325,1588.465
2026-07-27 14:26:46.082,324,1583.578
2026-07-27 14:26:46.083,325,1588.465
2026-07-27 14:26:46.112,326,1593.353
2026-07-27 14:26:46.112,326,1593.353
2026-07-27 14:26:46.113,326,1593.353
2026-07-27 14:26:46.113,328,1603.128
2026-07-27 14:26:46.113,329,1608.016
2026-07-27 14:26:46.114,328,1603.128
2026-07-27 14:26:46.143,327,1598.24
2026-07-27 14:26:46.143,327,1598.24
2026-07-27 14:26:46.143,328,1603.128
2026-07-27 14:26:46.143,327,1598.24
2026-07-27 14:26:46.143,326,1593.353
2026-07-27 14:26:46.147,327,1598.24
2026-07-27 14:26:46.151,328,1603.128
2026-07-27 14:26:46.204,328,1603.128
2026-07-27 14:26:46.204,327,1598.24
2026-07-27 14:26:46.205,327,1598.24
2026-07-27 14:26:46.205,327,1598.24
2026-07-27 14:26:46.205,327,1598.24
2026-07-27 14:26:46.205,326,1593.353
2026-07-27 14:26:46.205,326,1593.353
2026-07-27 14:26:46.206,327,1598.24
2026-07-27 14:26:46.206,328,1603.128
2026-07-27 14:26:46.206,329,1608.016
2026-07-27 14:26:46.208,329,1608.016
2026-07-27 14:26:46.251,329,1608.016
2026-07-27 14:26:46.251,328,1603.128
2026-07-27 14:26:46.251,329,1608.016
2026-07-27 14:26:46.252,330,1612.903
2026-07-27 14:26:46.252,332,1622.678
2026-07-27 14:26:46.252,332,1622.678
2026-07-27 14:26:46.252,332,1622.678
2026-07-27 14:26:46.252,333,1627.566
2026-07-27 14:26:46.256,333,1627.566
2026-07-27 14:26:46.298,333,1627.566
2026-07-27 14:26:46.298,332,1622.678
2026-07-27 14:26:46.298,333,1627.566
2026-07-27 14:26:46.298,334,1632.454
2026-07-27 14:26:46.299,336,1642.229
2026-07-27 14:26:46.299,339,1656.891
2026-07-27 14:26:46.299,341,1666.667
2026-07-27 14:26:46.299,344,1681.329
2026-07-27 14:26:46.301,345,1686.217
2026-07-27 14:26:46.343,344,1681.329
2026-07-27 14:26:46.343,344,1681.329
2026-07-27 14:26:46.343,342,1671.554
2026-07-27 14:26:46.344,339,1656.891
2026-07-27 14:26:46.344,337,1647.116
2026-07-27 14:26:46.344,337,1647.116
2026-07-27 14:26:46.344,335,1637.341
2026-07-27 14:26:46.344,332,1622.678
2026-07-27 14:26:46.348,332,1622.678
2026-07-27 14:26:46.390,333,1627.566
2026-07-27 14:26:46.390,334,1632.454
2026-07-27 14:26:46.390,334,1632.454
2026-07-27 14:26:46.391,335,1637.341
2026-07-27 14:26:46.391,336,1642.229
2026-07-27 14:26:46.391,336,1642.229
2026-07-27 14:26:46.391,344,1681.329
2026-07-27 14:26:46.391,366,1788.856
2026-07-27 14:26:46.395,411,2008.798
2026-07-27 14:26:46.436,482,2355.816
2026-07-27 14:26:46.436,548,2678.397
2026-07-27 14:26:46.436,491,2399.804
2026-07-27 14:26:46.436,337,1647.116
2026-07-27 14:26:46.437,218,1065.494
2026-07-27 14:26:46.437,199,972.63
2026-07-27 14:26:46.437,269,1314.761
2026-07-27 14:26:46.437,313,1529.814
2026-07-27 14:26:46.482,321,1568.915
2026-07-27 14:26:46.482,335,1637.341
2026-07-27 14:26:46.482,349,1705.767
2026-07-27 14:26:46.482,349,1705.767
2026-07-27 14:26:46.482,343,1676.442
2026-07-27 14:26:46.483,341,1666.667
2026-07-27 14:26:46.483,342,1671.554
2026-07-27 14:26:46.483,345,1686.217
2026-07-27 14:26:46.485,344,1681.329
2026-07-27 14:26:46.489,345,1686.217
2026-07-27 14:26:46.528,346,1691.105
2026-07-27 14:26:46.528,347,1695.992
2026-07-27 14:26:46.528,349,1705.767
2026-07-27 14:26:46.528,352,1720.43
2026-07-27 14:26:46.528,353,1725.318
2026-07-27 14:26:46.528,352,1720.43
2026-07-27 14:26:46.528,353,1725.318
2026-07-27 14:26:46.532,354,1730.205
2026-07-27 14:26:46.535,355,1735.093
2026-07-27 14:26:46.576,357,1744.868
2026-07-27 14:26:46.576,360,1759.531
2026-07-27 14:26:46.576,361,1764.418
2026-07-27 14:26:46.576,361,1764.418
2026-07-27 14:26:46.576,364,1779.081
2026-07-27 14:26:46.576,369,1803.519
2026-07-27 14:26:46.577,373,1823.069
2026-07-27 14:26:46.580,378,1847.507
2026-07-27 14:26:46.582,385,1881.72
2026-07-27 14:26:46.622,393,1920.821
2026-07-27 14:26:46.622,402,1964.809
2026-07-27 14:26:46.622,411,2008.798
2026-07-27 14:26:46.622,419,2047.898
2026-07-27 14:26:46.623,427,2086.999
2026-07-27 14:26:46.623,434,2121.212
2026-07-27 14:26:46.623,439,2145.65
2026-07-27 14:26:46.624,440,2150.538
2026-07-27 14:26:46.669,438,2140.762
2026-07-27 14:26:46.670,431,2106.549
2026-07-27 14:26:46.670,419,2047.898
2026-07-27 14:26:46.670,402,1964.809
2026-07-27 14:26:46.670,382,1867.058
2026-07-27 14:26:46.670,361,1764.418
2026-07-27 14:26:46.670,343,1676.442
2026-07-27 14:26:46.671,329,1608.016
2026-07-27 14:26:46.681,317,1549.365
2026-07-27 14:26:46.681,308,1505.376
2026-07-27 14:26:46.683,302,1476.051
2026-07-27 14:26:46.686,297,1451.613
2026-07-27 14:26:46.731,292,1427.175
2026-07-27 14:26:46.732,291,1422.287
2026-07-27 14:26:46.732,291,1422.287
2026-07-27 14:26:46.732,291,1422.287
2026-07-27 14:26:46.732,291,1422.287
2026-07-27 14:26:46.732,290,1417.4
2026-07-27 14:26:46.732,291,1422.287
2026-07-27 14:26:46.732,294,1436.95
2026-07-27 14:26:46.733,295,1441.838
2026-07-27 14:26:46.778,295,1441.838
2026-07-27 14:26:46.779,296,1446.725
2026-07-27 14:26:46.779,296,1446.725
2026-07-27 14:26:46.779,297,1451.613
2026-07-27 14:26:46.779,295,1441.838
2026-07-27 14:26:46.779,296,1446.725
2026-07-27 14:26:46.779,298,1456.5
2026-07-27 14:26:46.779,300,1466.276
2026-07-27 14:26:46.780,301,1471.163
2026-07-27 14:26:46.826,300,1466.276
2026-07-27 14:26:46.826,299,1461.388
2026-07-27 14:26:46.826,299,1461.388
2026-07-27 14:26:46.827,299,1461.388
2026-07-27 14:26:46.827,301,1471.163
2026-07-27 14:26:46.827,303,1480.938
2026-07-27 14:26:46.827,304,1485.826
2026-07-27 14:26:46.827,306,1495.601
2026-07-27 14:26:46.827,308,1505.376
2026-07-27 14:26:46.872,308,1505.376
2026-07-27 14:26:46.873,309,1510.264
2026-07-27 14:26:46.873,311,1520.039
2026-07-27 14:26:46.873,312,1524.927
2026-07-27 14:26:46.874,312,1524.927
2026-07-27 14:26:46.875,311,1520.039
2026-07-27 14:26:46.875,313,1529.814
2026-07-27 14:26:46.875,315,1539.589
2026-07-27 14:26:46.919,316,1544.477
2026-07-27 14:26:46.919,317,1549.365
2026-07-27 14:26:46.919,317,1549.365
2026-07-27 14:26:46.920,318,1554.252
2026-07-27 14:26:46.920,320,1564.027
2026-07-27 14:26:46.920,320,1564.027
2026-07-27 14:26:46.920,320,1564.027
2026-07-27 14:26:46.920,320,1564.027
2026-07-27 14:26:46.920,321,1568.915
2026-07-27 14:26:46.921,322,1573.803
2026-07-27 14:26:46.965,322,1573.803
2026-07-27 14:26:46.965,321,1568.915
2026-07-27 14:26:46.965,321,1568.915
2026-07-27 14:26:46.966,321,1568.915
2026-07-27 14:26:46.966,323,1578.69
2026-07-27 14:26:46.966,323,1578.69
2026-07-27 14:26:46.966,321,1568.915
2026-07-27 14:26:46.966,321,1568.915
2026-07-27 14:26:46.967,321,1568.915
2026-07-27 14:26:47.011,322,1573.803
2026-07-27 14:26:47.011,321,1568.915
2026-07-27 14:26:47.011,320,1564.027
2026-07-27 14:26:47.011,321,1568.915
2026-07-27 14:26:47.011,321,1568.915
2026-07-27 14:26:47.012,320,1564.027
2026-07-27 14:26:47.012,320,1564.027
2026-07-27 14:26:47.012,320,1564.027
2026-07-27 14:26:47.014,320,1564.027
2026-07-27 14:26:47.058,319,1559.14
2026-07-27 14:26:47.058,321,1568.915
2026-07-27 14:26:47.058,324,1583.578
2026-07-27 14:26:47.058,323,1578.69
2026-07-27 14:26:47.058,322,1573.803
2026-07-27 14:26:47.058,324,1583.578
2026-07-27 14:26:47.061,324,1583.578
2026-07-27 14:26:47.061,325,1588.465
2026-07-27 14:26:47.061,325,1588.465
2026-07-27 14:26:47.105,324,1583.578
2026-07-27 14:26:47.105,324,1583.578
2026-07-27 14:26:47.105,325,1588.465
2026-07-27 14:26:47.105,325,1588.465
2026-07-27 14:26:47.105,324,1583.578
2026-07-27 14:26:47.106,323,1578.69
2026-07-27 14:26:47.106,323,1578.69
2026-07-27 14:26:47.106,323,1578.69
2026-07-27 14:26:47.107,323,1578.69
2026-07-27 14:26:47.150,326,1593.353
2026-07-27 14:26:47.150,326,1593.353
2026-07-27 14:26:47.151,325,1588.465
2026-07-27 14:26:47.151,326,1593.353
2026-07-27 14:26:47.151,326,1593.353
2026-07-27 14:26:47.151,326,1593.353
2026-07-27 14:26:47.151,327,1598.24
2026-07-27 14:26:47.151,326,1593.353
2026-07-27 14:26:47.154,326,1593.353
2026-07-27 14:26:47.197,325,1588.465
2026-07-27 14:26:47.197,325,1588.465
2026-07-27 14:26:47.197,328,1603.128
2026-07-27 14:26:47.197,330,1612.903
2026-07-27 14:26:47.197,329,1608.016
2026-07-27 14:26:47.197,328,1603.128
2026-07-27 14:26:47.197,327,1598.24
2026-07-27 14:26:47.200,327,1598.24
2026-07-27 14:26:47.243,327,1598.24
2026-07-27 14:26:47.244,329,1608.016
2026-07-27 14:26:47.244,331,1617.791
2026-07-27 14:26:47.244,335,1637.341
2026-07-27 14:26:47.244,336,1642.229
2026-07-27 14:26:47.244,338,1652.004
2026-07-27 14:26:47.244,342,1671.554
2026-07-27 14:26:47.245,341,1666.667
2026-07-27 14:26:47.245,340,1661.779
2026-07-27 14:26:47.248,341,1666.667
2026-07-27 14:26:47.290,339,1656.891
2026-07-27 14:26:47.290,336,1642.229
2026-07-27 14:26:47.290,336,1642.229
2026-07-27 14:26:47.290,335,1637.341
2026-07-27 14:26:47.290,332,1622.678
2026-07-27 14:26:47.291,329,1608.016
2026-07-27 14:26:47.291,328,1603.128
2026-07-27 14:26:47.293,329,1608.016
2026-07-27 14:26:47.295,330,1612.903
2026-07-27 14:26:47.336,332,1622.678
2026-07-27 14:26:47.336,332,1622.678
2026-07-27 14:26:47.337,331,1617.791
2026-07-27 14:26:47.337,336,1642.229
2026-07-27 14:26:47.337,348,1700.88
2026-07-27 14:26:47.337,383,1871.945
2026-07-27 14:26:47.338,445,2174.976
2026-07-27 14:26:47.338,517,2526.882
2026-07-27 14:26:47.342,512,2502.444
2026-07-27 14:26:47.384,399,1950.147
2026-07-27 14:26:47.384,281,1373.412
2026-07-27 14:26:47.384,203,992.18
2026-07-27 14:26:47.384,234,1143.695
2026-07-27 14:26:47.384,294,1436.95
2026-07-27 14:26:47.385,324,1583.578
2026-07-27 14:26:47.385,337,1647.116
2026-07-27 14:26:47.385,349,1705.767
2026-07-27 14:26:47.388,351,1715.543
2026-07-27 14:26:47.431,344,1681.329
2026-07-27 14:26:47.431,337,1647.116
2026-07-27 14:26:47.431,338,1652.004
2026-07-27 14:26:47.431,343,1676.442
2026-07-27 14:26:47.432,344,1681.329
2026-07-27 14:26:47.432,345,1686.217
2026-07-27 14:26:47.432,347,1695.992
2026-07-27 14:26:47.432,345,1686.217
2026-07-27 14:26:47.435,345,1686.217
2026-07-27 14:26:47.477,343,1676.442
2026-07-27 14:26:47.478,344,1681.329
2026-07-27 14:26:47.478,345,1686.217
2026-07-27 14:26:47.478,346,1691.105
2026-07-27 14:26:47.478,347,1695.992
2026-07-27 14:26:47.478,347,1695.992
2026-07-27 14:26:47.478,349,1705.767
2026-07-27 14:26:47.479,352,1720.43
2026-07-27 14:26:47.490,354,1730.205
2026-07-27 14:26:47.490,356,1739.98
2026-07-27 14:26:47.507,360,1759.531
2026-07-27 14:26:47.507,362,1769.306
2026-07-27 14:26:47.507,367,1793.744
2026-07-27 14:26:47.515,372,1818.182
2026-07-27 14:26:47.515,378,1847.507
2026-07-27 14:26:47.555,387,1891.496
2026-07-27 14:26:47.555,395,1930.596
2026-07-27 14:26:47.555,404,1974.585
2026-07-27 14:26:47.555,413,2018.573
2026-07-27 14:26:47.555,422,2062.561
2026-07-27 14:26:47.555,430,2101.662
2026-07-27 14:26:47.555,435,2126.1
2026-07-27 14:26:47.555,438,2140.762
2026-07-27 14:26:47.586,439,2145.65
2026-07-27 14:26:47.586,434,2121.212
2026-07-27 14:26:47.590,426,2082.111
2026-07-27 14:26:47.590,413,2018.573
2026-07-27 14:26:47.590,394,1925.709
2026-07-27 14:26:47.590,372,1818.182
2026-07-27 14:26:47.591,352,1720.43
2026-07-27 14:26:47.632,334,1632.454
2026-07-27 14:26:47.632,318,1554.252
2026-07-27 14:26:47.632,307,1500.489
2026-07-27 14:26:47.632,300,1466.276
2026-07-27 14:26:47.632,292,1427.175
2026-07-27 14:26:47.632,287,1402.737
2026-07-27 14:26:47.632,285,1392.962
2026-07-27 14:26:47.633,284,1388.074
2026-07-27 14:26:47.664,282,1378.299
2026-07-27 14:26:47.664,279,1363.636
2026-07-27 14:26:47.664,279,1363.636
2026-07-27 14:26:47.664,280,1368.524
2026-07-27 14:26:47.664,281,1373.412
2026-07-27 14:26:47.664,282,1378.299
2026-07-27 14:26:47.693,281,1373.412
2026-07-27 14:26:47.693,282,1378.299
2026-07-27 14:26:47.693,282,1378.299
2026-07-27 14:26:47.693,282,1378.299
2026-07-27 14:26:47.693,283,1383.187
2026-07-27 14:26:47.697,283,1383.187
2026-07-27 14:26:47.700,284,1388.074
2026-07-27 14:26:47.740,287,1402.737
2026-07-27 14:26:47.740,288,1407.625
2026-07-27 14:26:47.740,287,1402.737
2026-07-27 14:26:47.740,286,1397.849
2026-07-27 14:26:47.740,287,1402.737
2026-07-27 14:26:47.740,287,1402.737
2026-07-27 14:26:47.740,289,1412.512
2026-07-27 14:26:47.742,291,1422.287
2026-07-27 14:26:47.771,292,1427.175
2026-07-27 14:26:47.771,291,1422.287
2026-07-27 14:26:47.771,291,1422.287
2026-07-27 14:26:47.771,294,1436.95
2026-07-27 14:26:47.771,297,1451.613
2026-07-27 14:26:47.773,298,1456.5
2026-07-27 14:26:47.802,297,1451.613
2026-07-27 14:26:47.802,296,1446.725
2026-07-27 14:26:47.802,297,1451.613
2026-07-27 14:26:47.802,300,1466.276
2026-07-27 14:26:47.803,302,1476.051
2026-07-27 14:26:47.804,303,1480.938
2026-07-27 14:26:47.833,303,1480.938
2026-07-27 14:26:47.833,303,1480.938
2026-07-27 14:26:47.833,302,1476.051
2026-07-27 14:26:47.833,303,1480.938
2026-07-27 14:26:47.833,304,1485.826
2026-07-27 14:26:47.836,305,1490.714
2026-07-27 14:26:47.864,305,1490.714
2026-07-27 14:26:47.864,305,1490.714
2026-07-27 14:26:47.864,306,1495.601
2026-07-27 14:26:47.864,307,1500.489
2026-07-27 14:26:47.864,308,1505.376
2026-07-27 14:26:47.867,308,1505.376
2026-07-27 14:26:47.895,309,1510.264
2026-07-27 14:26:47.896,309,1510.264
2026-07-27 14:26:47.896,308,1505.376
2026-07-27 14:26:47.896,305,1490.714
2026-07-27 14:26:47.896,307,1500.489
2026-07-27 14:26:47.900,309,1510.264
2026-07-27 14:26:47.903,310,1515.152
2026-07-27 14:26:47.941,310,1515.152
2026-07-27 14:26:47.941,311,1520.039
2026-07-27 14:26:47.942,311,1520.039
2026-07-27 14:26:47.942,312,1524.927
2026-07-27 14:26:47.942,312,1524.927
2026-07-27 14:26:47.942,313,1529.814
2026-07-27 14:26:47.942,313,1529.814
2026-07-27 14:26:47.945,315,1539.589
2026-07-27 14:26:47.972,316,1544.477
2026-07-27 14:26:47.972,318,1554.252
2026-07-27 14:26:47.973,320,1564.027
2026-07-27 14:26:47.973,320,1564.027
2026-07-27 14:26:47.973,318,1554.252
2026-07-27 14:26:47.976,318,1554.252
2026-07-27 14:26:48.004,318,1554.252
2026-07-27 14:26:48.004,318,1554.252
2026-07-27 14:26:48.004,320,1564.027
2026-07-27 14:26:48.005,320,1564.027
2026-07-27 14:26:48.005,320,1564.027
2026-07-27 14:26:48.035,321,1568.915
2026-07-27 14:26:48.036,320,1564.027
2026-07-27 14:26:48.036,319,1559.14
2026-07-27 14:26:48.036,320,1564.027
2026-07-27 14:26:48.036,322,1573.803
2026-07-27 14:26:48.036,322,1573.803
2026-07-27 14:26:48.038,324,1583.578
2026-07-27 14:26:48.066,324,1583.578
2026-07-27 14:26:48.066,324,1583.578
2026-07-27 14:26:48.067,325,1588.465
2026-07-27 14:26:48.067,327,1598.24
2026-07-27 14:26:48.067,327,1598.24
2026-07-27 14:26:48.098,324,1583.578
2026-07-27 14:26:48.098,324,1583.578
2026-07-27 14:26:48.099,327,1598.24
2026-07-27 14:26:48.099,329,1608.016
2026-07-27 14:26:48.103,330,1612.903
2026-07-27 14:26:48.103,328,1603.128
2026-07-27 14:26:48.103,328,1603.128
2026-07-27 14:26:48.107,331,1617.791
2026-07-27 14:26:48.143,334,1632.454
2026-07-27 14:26:48.143,332,1622.678
2026-07-27 14:26:48.143,330,1612.903
2026-07-27 14:26:48.143,330,1612.903
2026-07-27 14:26:48.144,330,1612.903
2026-07-27 14:26:48.144,332,1622.678
2026-07-27 14:26:48.144,335,1637.341
2026-07-27 14:26:48.148,335,1637.341
2026-07-27 14:26:48.190,332,1622.678
2026-07-27 14:26:48.190,331,1617.791
2026-07-27 14:26:48.190,332,1622.678
2026-07-27 14:26:48.191,332,1622.678
2026-07-27 14:26:48.191,335,1637.341
2026-07-27 14:26:48.191,339,1656.891
2026-07-27 14:26:48.191,343,1676.442
2026-07-27 14:26:48.191,344,1681.329
2026-07-27 14:26:48.194,343,1676.442
2026-07-27 14:26:48.221,342,1671.554
2026-07-27 14:26:48.221,346,1691.105
2026-07-27 14:26:48.221,345,1686.217
2026-07-27 14:26:48.221,338,1652.004
2026-07-27 14:26:48.222,333,1627.566
2026-07-27 14:26:48.226,334,1632.454
2026-07-27 14:26:48.268,339,1656.891
2026-07-27 14:26:48.268,342,1671.554
2026-07-27 14:26:48.268,339,1656.891
2026-07-27 14:26:48.268,336,1642.229
2026-07-27 14:26:48.268,336,1642.229
2026-07-27 14:26:48.268,337,1647.116
2026-07-27 14:26:48.268,340,1661.779
2026-07-27 14:26:48.270,340,1661.779
2026-07-27 14:26:48.273,342,1671.554
2026-07-27 14:26:48.314,355,1735.093
2026-07-27 14:26:48.315,376,1837.732
2026-07-27 14:26:48.315,418,2043.011
2026-07-27 14:26:48.315,486,2375.367
2026-07-27 14:26:48.315,552,2697.947
2026-07-27 14:26:48.315,509,2487.781
2026-07-27 14:26:48.315,366,1788.856
2026-07-27 14:26:48.316,245,1197.458
2026-07-27 14:26:48.319,205,1001.955
2026-07-27 14:26:48.359,267,1304.985
2026-07-27 14:26:48.359,320,1564.027
2026-07-27 14:26:48.360,337,1647.116
2026-07-27 14:26:48.360,351,1715.543
2026-07-27 14:26:48.360,363,1774.194
2026-07-27 14:26:48.360,363,1774.194
2026-07-27 14:26:48.360,356,1739.98
2026-07-27 14:26:48.361,351,1715.543
2026-07-27 14:26:48.409,354,1730.205
2026-07-27 14:26:48.409,355,1735.093
2026-07-27 14:26:48.409,354,1730.205
2026-07-27 14:26:48.409,354,1730.205
2026-07-27 14:26:48.410,354,1730.205
2026-07-27 14:26:48.411,354,1730.205
2026-07-27 14:26:48.411,352,1720.43
2026-07-27 14:26:48.411,352,1720.43
2026-07-27 14:26:48.411,352,1720.43
2026-07-27 14:26:48.413,351,1715.543
2026-07-27 14:26:48.453,351,1715.543
2026-07-27 14:26:48.453,352,1720.43
2026-07-27 14:26:48.453,353,1725.318
2026-07-27 14:26:48.453,354,1730.205
2026-07-27 14:26:48.453,353,1725.318
2026-07-27 14:26:48.453,353,1725.318
2026-07-27 14:26:48.453,355,1735.093
2026-07-27 14:26:48.455,361,1764.418
2026-07-27 14:26:48.499,366,1788.856
2026-07-27 14:26:48.499,370,1808.407
2026-07-27 14:26:48.500,375,1832.845
2026-07-27 14:26:48.500,380,1857.283
2026-07-27 14:26:48.500,386,1886.608
2026-07-27 14:26:48.500,394,1925.709
2026-07-27 14:26:48.500,401,1959.922
2026-07-27 14:26:48.500,409,1999.022
2026-07-27 14:26:48.501,415,2028.348
2026-07-27 14:26:48.546,419,2047.898
2026-07-27 14:26:48.546,425,2077.224
2026-07-27 14:26:48.547,432,2111.437
2026-07-27 14:26:48.547,433,2116.325
2026-07-27 14:26:48.547,425,2077.224
2026-07-27 14:26:48.547,411,2008.798
2026-07-27 14:26:48.547,393,1920.821
2026-07-27 14:26:48.547,374,1827.957
2026-07-27 14:26:48.548,355,1735.093
2026-07-27 14:26:48.593,334,1632.454
2026-07-27 14:26:48.593,317,1549.365
2026-07-27 14:26:48.593,304,1485.826
2026-07-27 14:26:48.594,296,1446.725
2026-07-27 14:26:48.594,287,1402.737
2026-07-27 14:26:48.594,281,1373.412
2026-07-27 14:26:48.594,280,1368.524
2026-07-27 14:26:48.594,281,1373.412
2026-07-27 14:26:48.595,281,1373.412
2026-07-27 14:26:48.639,277,1353.861
2026-07-27 14:26:48.639,273,1334.311
2026-07-27 14:26:48.642,276,1348.974
2026-07-27 14:26:48.642,279,1363.636
2026-07-27 14:26:48.642,279,1363.636
2026-07-27 14:26:48.642,277,1353.861
2026-07-27 14:26:48.642,278,1358.749
2026-07-27 14:26:48.642,280,1368.524
2026-07-27 14:26:48.643,282,1378.299
2026-07-27 14:26:48.647,283,1383.187
2026-07-27 14:26:48.685,284,1388.074
2026-07-27 14:26:48.686,285,1392.962
2026-07-27 14:26:48.686,286,1397.849
2026-07-27 14:26:48.686,286,1397.849
2026-07-27 14:26:48.686,290,1417.4
2026-07-27 14:26:48.686,290,1417.4
2026-07-27 14:26:48.686,290,1417.4
2026-07-27 14:26:48.689,289,1412.512
2026-07-27 14:26:48.732,292,1427.175
2026-07-27 14:26:48.732,295,1441.838
2026-07-27 14:26:48.732,293,1432.063
2026-07-27 14:26:48.732,293,1432.063
2026-07-27 14:26:48.732,293,1432.063
2026-07-27 14:26:48.732,296,1446.725
2026-07-27 14:26:48.733,298,1456.5
2026-07-27 14:26:48.733,298,1456.5
2026-07-27 14:26:48.735,298,1456.5
2026-07-27 14:26:48.779,298,1456.5
2026-07-27 14:26:48.779,299,1461.388
2026-07-27 14:26:48.779,302,1476.051
2026-07-27 14:26:48.779,303,1480.938
2026-07-27 14:26:48.779,304,1485.826
2026-07-27 14:26:48.779,303,1480.938
2026-07-27 14:26:48.779,301,1471.163
2026-07-27 14:26:48.780,302,1476.051
2026-07-27 14:26:48.824,306,1495.601
2026-07-27 14:26:48.824,308,1505.376
2026-07-27 14:26:48.824,308,1505.376
2026-07-27 14:26:48.826,308,1505.376
2026-07-27 14:26:48.826,309,1510.264
2026-07-27 14:26:48.826,310,1515.152
2026-07-27 14:26:48.826,310,1515.152
2026-07-27 14:26:48.826,313,1529.814
2026-07-27 14:26:48.827,313,1529.814
2026-07-27 14:26:48.829,313,1529.814
2026-07-27 14:26:48.870,313,1529.814
2026-07-27 14:26:48.870,315,1539.589
2026-07-27 14:26:48.870,317,1549.365
2026-07-27 14:26:48.870,317,1549.365
2026-07-27 14:26:48.871,317,1549.365
2026-07-27 14:26:48.871,318,1554.252
2026-07-27 14:26:48.871,320,1564.027
2026-07-27 14:26:48.871,323,1578.69
2026-07-27 14:26:48.916,321,1568.915
2026-07-27 14:26:48.916,316,1544.477
2026-07-27 14:26:48.917,317,1549.365
2026-07-27 14:26:48.917,318,1554.252
2026-07-27 14:26:48.917,317,1549.365
2026-07-27 14:26:48.917,320,1564.027
2026-07-27 14:26:48.918,318,1554.252
2026-07-27 14:26:48.918,318,1554.252
2026-07-27 14:26:48.918,321,1568.915
2026-07-27 14:26:48.962,318,1554.252
2026-07-27 14:26:48.962,321,1568.915
2026-07-27 14:26:48.962,321,1568.915
2026-07-27 14:26:48.962,320,1564.027
2026-07-27 14:26:48.963,320,1564.027
2026-07-27 14:26:48.963,321,1568.915
2026-07-27 14:26:48.963,326,1593.353
2026-07-27 14:26:48.963,328,1603.128
2026-07-27 14:26:48.964,324,1583.578
2026-07-27 14:26:49.009,322,1573.803
2026-07-27 14:26:49.009,324,1583.578
2026-07-27 14:26:49.009,324,1583.578
2026-07-27 14:26:49.010,326,1593.353
2026-07-27 14:26:49.010,326,1593.353
2026-07-27 14:26:49.010,326,1593.353
2026-07-27 14:26:49.010,325,1588.465
2026-07-27 14:26:49.010,325,1588.465
2026-07-27 14:26:49.011,327,1598.24
2026-07-27 14:26:49.056,328,1603.128
2026-07-27 14:26:49.057,328,1603.128
2026-07-27 14:26:49.057,327,1598.24
2026-07-27 14:26:49.057,326,1593.353
2026-07-27 14:26:49.057,327,1598.24
2026-07-27 14:26:49.057,329,1608.016
2026-07-27 14:26:49.058,330,1612.903
2026-07-27 14:26:49.058,331,1617.791
2026-07-27 14:26:49.059,331,1617.791
2026-07-27 14:26:49.063,330,1612.903
2026-07-27 14:26:49.102,331,1617.791
2026-07-27 14:26:49.102,329,1608.016
2026-07-27 14:26:49.102,333,1627.566
2026-07-27 14:26:49.102,334,1632.454
2026-07-27 14:26:49.102,329,1608.016
2026-07-27 14:26:49.103,332,1622.678
2026-07-27 14:26:49.103,339,1656.891
2026-07-27 14:26:49.105,341,1666.667
2026-07-27 14:26:49.148,344,1681.329
2026-07-27 14:26:49.148,342,1671.554
2026-07-27 14:26:49.148,343,1676.442
2026-07-27 14:26:49.148,336,1642.229
2026-07-27 14:26:49.151,331,1617.791
2026-07-27 14:26:49.151,332,1622.678
2026-07-27 14:26:49.151,332,1622.678
2026-07-27 14:26:49.151,333,1627.566
2026-07-27 14:26:49.152,328,1603.128
2026-07-27 14:26:49.195,327,1598.24
2026-07-27 14:26:49.195,323,1578.69
2026-07-27 14:26:49.195,324,1583.578
2026-07-27 14:26:49.195,320,1564.027
2026-07-27 14:26:49.195,325,1588.465
2026-07-27 14:26:49.195,330,1612.903
2026-07-27 14:26:49.195,329,1608.016
2026-07-27 14:26:49.195,338,1652.004
2026-07-27 14:26:49.198,349,1705.767
2026-07-27 14:26:49.241,358,1749.756
2026-07-27 14:26:49.241,380,1857.283
2026-07-27 14:26:49.241,413,2018.573
2026-07-27 14:26:49.241,458,2238.514
2026-07-27 14:26:49.241,437,2135.875
2026-07-27 14:26:49.241,310,1515.152
2026-07-27 14:26:49.241,210,1026.393
2026-07-27 14:26:49.241,203,992.18
2026-07-27 14:26:49.245,252,1231.672
2026-07-27 14:26:49.272,287,1402.737
2026-07-27 14:26:49.272,298,1456.5
2026-07-27 14:26:49.272,306,1495.601
2026-07-27 14:26:49.272,316,1544.477
2026-07-27 14:26:49.272,321,1568.915
2026-07-27 14:26:49.276,322,1573.803
2026-07-27 14:26:49.318,330,1612.903
2026-07-27 14:26:49.318,334,1632.454
2026-07-27 14:26:49.319,336,1642.229
2026-07-27 14:26:49.319,336,1642.229
2026-07-27 14:26:49.319,337,1647.116
2026-07-27 14:26:49.319,334,1632.454
2026-07-27 14:26:49.319,333,1627.566
2026-07-27 14:26:49.320,336,1642.229
2026-07-27 14:26:49.323,336,1642.229
2026-07-27 14:26:49.364,336,1642.229
2026-07-27 14:26:49.364,337,1647.116
2026-07-27 14:26:49.364,333,1627.566
2026-07-27 14:26:49.365,336,1642.229
2026-07-27 14:26:49.365,337,1647.116
2026-07-27 14:26:49.365,339,1656.891
2026-07-27 14:26:49.365,339,1656.891
2026-07-27 14:26:49.365,343,1676.442
2026-07-27 14:26:49.395,350,1710.655
2026-07-27 14:26:49.395,355,1735.093
2026-07-27 14:26:49.395,358,1749.756
2026-07-27 14:26:49.395,367,1793.744
2026-07-27 14:26:49.395,370,1808.407
2026-07-27 14:26:49.397,370,1808.407
2026-07-27 14:26:49.401,374,1827.957
2026-07-27 14:26:49.441,373,1823.069
2026-07-27 14:26:49.441,372,1818.182
2026-07-27 14:26:49.441,379,1852.395
2026-07-27 14:26:49.441,393,1920.821
2026-07-27 14:26:49.441,395,1930.596
2026-07-27 14:26:49.442,395,1930.596
2026-07-27 14:26:49.442,392,1915.934
2026-07-27 14:26:49.444,394,1925.709
2026-07-27 14:26:49.448,398,1945.259
2026-07-27 14:26:49.487,391,1911.046
2026-07-27 14:26:49.487,377,1842.62
2026-07-27 14:26:49.487,363,1774.194
2026-07-27 14:26:49.488,353,1725.318
2026-07-27 14:26:49.488,342,1671.554
2026-07-27 14:26:49.488,332,1622.678
2026-07-27 14:26:49.488,312,1524.927
2026-07-27 14:26:49.489,304,1485.826
2026-07-27 14:26:49.518,309,1510.264
2026-07-27 14:26:49.518,305,1490.714
2026-07-27 14:26:49.518,293,1432.063
2026-07-27 14:26:49.518,293,1432.063
2026-07-27 14:26:49.519,293,1432.063
2026-07-27 14:26:49.521,293,1432.063
2026-07-27 14:26:49.549,294,1436.95
2026-07-27 14:26:49.549,288,1407.625
2026-07-27 14:26:49.549,282,1378.299
2026-07-27 14:26:49.550,280,1368.524
2026-07-27 14:26:49.550,285,1392.962
2026-07-27 14:26:49.552,286,1397.849
2026-07-27 14:26:49.596,282,1378.299
2026-07-27 14:26:49.596,279,1363.636
2026-07-27 14:26:49.597,280,1368.524
2026-07-27 14:26:49.597,281,1373.412
2026-07-27 14:26:49.597,286,1397.849
2026-07-27 14:26:49.597,281,1373.412
2026-07-27 14:26:49.597,278,1358.749
2026-07-27 14:26:49.597,280,1368.524
2026-07-27 14:26:49.599,283,1383.187
2026-07-27 14:26:49.628,282,1378.299
2026-07-27 14:26:49.628,283,1383.187
2026-07-27 14:26:49.628,283,1383.187
2026-07-27 14:26:49.628,280,1368.524
2026-07-27 14:26:49.629,280,1368.524
2026-07-27 14:26:49.630,279,1363.636
2026-07-27 14:26:49.659,279,1363.636
2026-07-27 14:26:49.659,280,1368.524
2026-07-27 14:26:49.659,277,1353.861
2026-07-27 14:26:49.662,276,1348.974
2026-07-27 14:26:49.662,277,1353.861
2026-07-27 14:26:49.665,277,1353.861
2026-07-27 14:26:49.666,276,1348.974
2026-07-27 14:26:49.690,276,1348.974
2026-07-27 14:26:49.690,277,1353.861
2026-07-27 14:26:49.690,279,1363.636
2026-07-27 14:26:49.690,280,1368.524
2026-07-27 14:26:49.692,280,1368.524
2026-07-27 14:26:49.721,275,1344.086
2026-07-27 14:26:49.721,274,1339.198
2026-07-27 14:26:49.721,278,1358.749
2026-07-27 14:26:49.721,283,1383.187
2026-07-27 14:26:49.722,287,1402.737
2026-07-27 14:26:49.723,290,1417.4
2026-07-27 14:26:49.752,295,1441.838
2026-07-27 14:26:49.752,290,1417.4
2026-07-27 14:26:49.752,287,1402.737
2026-07-27 14:26:49.752,292,1427.175
2026-07-27 14:26:49.752,295,1441.838
2026-07-27 14:26:49.756,297,1451.613
2026-07-27 14:26:49.760,295,1441.838
2026-07-27 14:26:49.799,290,1417.4
2026-07-27 14:26:49.799,288,1407.625
2026-07-27 14:26:49.799,288,1407.625
2026-07-27 14:26:49.799,285,1392.962
2026-07-27 14:26:49.799,281,1373.412
2026-07-27 14:26:49.799,281,1373.412
2026-07-27 14:26:49.799,284,1388.074
2026-07-27 14:26:49.802,282,1378.299
2026-07-27 14:26:49.832,280,1368.524
2026-07-27 14:26:49.834,282,1378.299
2026-07-27 14:26:49.834,284,1388.074
2026-07-27 14:26:49.834,288,1407.625
2026-07-27 14:26:49.834,287,1402.737
2026-07-27 14:26:49.835,286,1397.849
2026-07-27 14:26:49.838,288,1407.625
2026-07-27 14:26:49.892,285,1392.962
2026-07-27 14:26:49.892,278,1358.749
2026-07-27 14:26:49.892,277,1353.861
2026-07-27 14:26:49.892,276,1348.974
2026-07-27 14:26:49.893,265,1295.21
2026-07-27 14:26:49.893,251,1226.784
2026-07-27 14:26:49.893,249,1217.009
2026-07-27 14:26:49.893,247,1207.234
2026-07-27 14:26:49.893,241,1177.908
2026-07-27 14:26:49.893,243,1187.683
2026-07-27 14:26:49.896,250,1221.896
2026-07-27 14:26:49.924,252,1231.672
2026-07-27 14:26:49.925,253,1236.559
2026-07-27 14:26:49.925,258,1260.997
2026-07-27 14:26:49.925,261,1275.66
2026-07-27 14:26:49.925,260,1270.772
2026-07-27 14:26:49.926,259,1265.885
2026-07-27 14:26:49.955,262,1280.547
2026-07-27 14:26:49.955,270,1319.648
2026-07-27 14:26:49.955,277,1353.861
2026-07-27 14:26:49.955,276,1348.974
2026-07-27 14:26:49.955,277,1353.861
2026-07-27 14:26:49.957,282,1378.299
2026-07-27 14:26:50.001,295,1441.838
2026-07-27 14:26:50.001,308,1505.376
2026-07-27 14:26:50.001,338,1652.004
2026-07-27 14:26:50.001,391,1911.046
2026-07-27 14:26:50.001,448,2189.638
2026-07-27 14:26:50.002,453,2214.076
2026-07-27 14:26:50.002,334,1632.454
2026-07-27 14:26:50.002,205,1001.955
2026-07-27 14:26:50.047,159,777.126
2026-07-27 14:26:50.047,215,1050.831
2026-07-27 14:26:50.048,278,1358.749
2026-07-27 14:26:50.049,306,1495.601
2026-07-27 14:26:50.049,324,1583.578
2026-07-27 14:26:50.049,339,1656.891
2026-07-27 14:26:50.050,345,1686.217
2026-07-27 14:26:50.050,345,1686.217
2026-07-27 14:26:50.051,343,1676.442
2026-07-27 14:26:50.093,347,1695.992
2026-07-27 14:26:50.093,354,1730.205
2026-07-27 14:26:50.093,360,1759.531
2026-07-27 14:26:50.094,368,1798.631
2026-07-27 14:26:50.094,379,1852.395
2026-07-27 14:26:50.094,391,1911.046
2026-07-27 14:26:50.094,401,1959.922
2026-07-27 14:26:50.094,408,1994.135
2026-07-27 14:26:50.094,412,2013.685
2026-07-27 14:26:50.098,412,2013.685
2026-07-27 14:26:50.139,413,2018.573
2026-07-27 14:26:50.140,415,2028.348
2026-07-27 14:26:50.140,414,2023.46
2026-07-27 14:26:50.140,413,2018.573
2026-07-27 14:26:50.140,413,2018.573
2026-07-27 14:26:50.140,414,2023.46
2026-07-27 14:26:50.140,416,2033.236
2026-07-27 14:26:50.141,421,2057.674
2026-07-27 14:26:50.145,421,2057.674
2026-07-27 14:26:50.186,423,2067.449
2026-07-27 14:26:50.186,428,2091.887
2026-07-27 14:26:50.187,436,2130.987
2026-07-27 14:26:50.187,444,2170.088
2026-07-27 14:26:50.191,451,2204.301
2026-07-27 14:26:50.191,457,2233.627
2026-07-27 14:26:50.191,463,2262.952
2026-07-27 14:26:50.194,468,2287.39
2026-07-27 14:26:50.194,470,2297.165
2026-07-27 14:26:50.197,472,2306.94
2026-07-27 14:26:50.232,473,2311.828
2026-07-27 14:26:50.232,471,2302.053
2026-07-27 14:26:50.232,461,2253.177
2026-07-27 14:26:50.232,449,2194.526
2026-07-27 14:26:50.232,427,2086.999
2026-07-27 14:26:50.232,407,1989.247
2026-07-27 14:26:50.233,388,1896.383
2026-07-27 14:26:50.278,372,1818.182
2026-07-27 14:26:50.279,360,1759.531
2026-07-27 14:26:50.279,349,1705.767
2026-07-27 14:26:50.279,339,1656.891
2026-07-27 14:26:50.279,333,1627.566
2026-07-27 14:26:50.279,328,1603.128
2026-07-27 14:26:50.280,324,1583.578
2026-07-27 14:26:50.280,317,1549.365
2026-07-27 14:26:50.280,311,1520.039
2026-07-27 14:26:50.325,308,1505.376
2026-07-27 14:26:50.325,308,1505.376
2026-07-27 14:26:50.325,310,1515.152
2026-07-27 14:26:50.325,310,1515.152
2026-07-27 14:26:50.326,309,1510.264
2026-07-27 14:26:50.326,309,1510.264
2026-07-27 14:26:50.326,308,1505.376
2026-07-27 14:26:50.326,305,1490.714
2026-07-27 14:26:50.327,305,1490.714
2026-07-27 14:26:50.371,306,1495.601
2026-07-27 14:26:50.371,304,1485.826
2026-07-27 14:26:50.371,304,1485.826
2026-07-27 14:26:50.371,303,1480.938
2026-07-27 14:26:50.371,304,1485.826
2026-07-27 14:26:50.372,305,1490.714
2026-07-27 14:26:50.372,306,1495.601
2026-07-27 14:26:50.372,308,1505.376
2026-07-27 14:26:50.374,308,1505.376
2026-07-27 14:26:50.418,308,1505.376
2026-07-27 14:26:50.418,309,1510.264
2026-07-27 14:26:50.419,311,1520.039
2026-07-27 14:26:50.419,313,1529.814
2026-07-27 14:26:50.419,314,1534.702
2026-07-27 14:26:50.419,315,1539.589
2026-07-27 14:26:50.419,318,1554.252
2026-07-27 14:26:50.419,319,1559.14
2026-07-27 14:26:50.420,318,1554.252
2026-07-27 14:26:50.465,318,1554.252
2026-07-27 14:26:50.465,320,1564.027
2026-07-27 14:26:50.465,317,1549.365
2026-07-27 14:26:50.466,317,1549.365
2026-07-27 14:26:50.466,317,1549.365
2026-07-27 14:26:50.466,317,1549.365
2026-07-27 14:26:50.466,318,1554.252
2026-07-27 14:26:50.466,318,1554.252
2026-07-27 14:26:50.468,320,1564.027
2026-07-27 14:26:50.511,323,1578.69
2026-07-27 14:26:50.511,323,1578.69
2026-07-27 14:26:50.511,321,1568.915
2026-07-27 14:26:50.511,323,1578.69
2026-07-27 14:26:50.511,324,1583.578
2026-07-27 14:26:50.511,323,1578.69
2026-07-27 14:26:50.512,321,1568.915
2026-07-27 14:26:50.512,320,1564.027
2026-07-27 14:26:50.514,321,1568.915
2026-07-27 14:26:50.558,321,1568.915
2026-07-27 14:26:50.559,318,1554.252
2026-07-27 14:26:50.559,317,1549.365
2026-07-27 14:26:50.559,317,1549.365
2026-07-27 14:26:50.559,316,1544.477
2026-07-27 14:26:50.559,314,1534.702
2026-07-27 14:26:50.560,316,1544.477
2026-07-27 14:26:50.560,316,1544.477
2026-07-27 14:26:50.562,316,1544.477
2026-07-27 14:26:50.566,313,1529.814
2026-07-27 14:26:50.605,312,1524.927
2026-07-27 14:26:50.605,313,1529.814
2026-07-27 14:26:50.605,315,1539.589
2026-07-27 14:26:50.605,316,1544.477
2026-07-27 14:26:50.606,315,1539.589
2026-07-27 14:26:50.606,312,1524.927
2026-07-27 14:26:50.606,313,1529.814
2026-07-27 14:26:50.608,316,1544.477
2026-07-27 14:26:50.652,315,1539.589
2026-07-27 14:26:50.652,314,1534.702
2026-07-27 14:26:50.653,315,1539.589
2026-07-27 14:26:50.653,316,1544.477
2026-07-27 14:26:50.653,313,1529.814
2026-07-27 14:26:50.653,310,1515.152
2026-07-27 14:26:50.653,310,1515.152
2026-07-27 14:26:50.654,311,1520.039
2026-07-27 14:26:50.654,309,1510.264
2026-07-27 14:26:50.698,311,1520.039
2026-07-27 14:26:50.698,309,1510.264
2026-07-27 14:26:50.698,306,1495.601
2026-07-27 14:26:50.698,305,1490.714
2026-07-27 14:26:50.698,305,1490.714
2026-07-27 14:26:50.699,305,1490.714
2026-07-27 14:26:50.702,309,1510.264
2026-07-27 14:26:50.702,315,1539.589
2026-07-27 14:26:50.702,316,1544.477
2026-07-27 14:26:50.745,317,1549.365
2026-07-27 14:26:50.745,315,1539.589
2026-07-27 14:26:50.745,315,1539.589
2026-07-27 14:26:50.745,313,1529.814
2026-07-27 14:26:50.745,308,1505.376
2026-07-27 14:26:50.745,303,1480.938
2026-07-27 14:26:50.746,306,1495.601
2026-07-27 14:26:50.746,306,1495.601
2026-07-27 14:26:50.748,297,1451.613
2026-07-27 14:26:50.792,293,1432.063
2026-07-27 14:26:50.792,295,1441.838
2026-07-27 14:26:50.792,305,1490.714
2026-07-27 14:26:50.792,306,1495.601
2026-07-27 14:26:50.792,310,1515.152
2026-07-27 14:26:50.792,320,1564.027
2026-07-27 14:26:50.793,329,1608.016
2026-07-27 14:26:50.793,341,1666.667
2026-07-27 14:26:50.795,358,1749.756
2026-07-27 14:26:50.839,383,1871.945
2026-07-27 14:26:50.839,427,2086.999
2026-07-27 14:26:50.839,481,2350.929
2026-07-27 14:26:50.839,519,2536.657
2026-07-27 14:26:50.839,435,2126.1
2026-07-27 14:26:50.840,279,1363.636
2026-07-27 14:26:50.840,188,918.866
2026-07-27 14:26:50.840,207,1011.73
2026-07-27 14:26:50.844,279,1363.636
2026-07-27 14:26:50.847,311,1520.039
2026-07-27 14:26:50.885,314,1534.702
2026-07-27 14:26:50.886,321,1568.915
2026-07-27 14:26:50.886,338,1652.004
2026-07-27 14:26:50.886,338,1652.004
2026-07-27 14:26:50.886,332,1622.678
2026-07-27 14:26:50.886,328,1603.128
2026-07-27 14:26:50.886,333,1627.566
2026-07-27 14:26:50.888,331,1617.791
2026-07-27 14:26:50.932,327,1598.24
2026-07-27 14:26:50.932,330,1612.903
2026-07-27 14:26:50.932,333,1627.566
2026-07-27 14:26:50.932,329,1608.016
2026-07-27 14:26:50.932,324,1583.578
2026-07-27 14:26:50.932,322,1573.803
2026-07-27 14:26:50.932,325,1588.465
2026-07-27 14:26:50.932,330,1612.903
2026-07-27 14:26:50.935,332,1622.678
2026-07-27 14:26:50.978,335,1637.341
2026-07-27 14:26:50.978,334,1632.454
2026-07-27 14:26:50.978,336,1642.229
2026-07-27 14:26:50.979,341,1666.667
2026-07-27 14:26:50.979,341,1666.667
2026-07-27 14:26:50.979,342,1671.554
2026-07-27 14:26:50.979,344,1681.329
2026-07-27 14:26:50.979,347,1695.992
2026-07-27 14:26:51.010,353,1725.318
2026-07-27 14:26:51.010,361,1764.418
2026-07-27 14:26:51.010,363,1774.194
2026-07-27 14:26:51.011,373,1823.069
2026-07-27 14:26:51.011,380,1857.283
2026-07-27 14:26:51.011,386,1886.608
2026-07-27 14:26:51.013,394,1925.709
2026-07-27 14:26:51.056,400,1955.034
2026-07-27 14:26:51.057,404,1974.585
2026-07-27 14:26:51.057,401,1959.922
2026-07-27 14:26:51.057,395,1930.596
2026-07-27 14:26:51.057,392,1915.934
2026-07-27 14:26:51.057,387,1891.496
2026-07-27 14:26:51.057,378,1847.507
2026-07-27 14:26:51.057,361,1764.418
2026-07-27 14:26:51.087,347,1695.992
2026-07-27 14:26:51.087,330,1612.903
2026-07-27 14:26:51.087,318,1554.252
2026-07-27 14:26:51.087,309,1510.264
2026-07-27 14:26:51.087,305,1490.714
2026-07-27 14:26:51.088,295,1441.838
2026-07-27 14:26:51.092,287,1402.737
2026-07-27 14:26:51.135,285,1392.962
2026-07-27 14:26:51.135,286,1397.849
2026-07-27 14:26:51.135,285,1392.962
2026-07-27 14:26:51.135,281,1373.412
2026-07-27 14:26:51.135,281,1373.412
2026-07-27 14:26:51.135,286,1397.849
2026-07-27 14:26:51.135,287,1402.737
2026-07-27 14:26:51.135,283,1383.187
2026-07-27 14:26:51.166,285,1392.962
2026-07-27 14:26:51.166,287,1402.737
2026-07-27 14:26:51.166,290,1417.4
2026-07-27 14:26:51.166,290,1417.4
2026-07-27 14:26:51.166,292,1427.175
2026-07-27 14:26:51.167,292,1427.175
2026-07-27 14:26:51.197,293,1432.063
2026-07-27 14:26:51.197,296,1446.725
2026-07-27 14:26:51.197,297,1451.613
2026-07-27 14:26:51.198,294,1436.95
2026-07-27 14:26:51.198,299,1461.388
2026-07-27 14:26:51.198,301,1471.163
2026-07-27 14:26:51.202,302,1476.051
2026-07-27 14:26:51.206,304,1485.826
2026-07-27 14:26:51.243,301,1471.163
2026-07-27 14:26:51.243,294,1436.95
2026-07-27 14:26:51.243,297,1451.613
2026-07-27 14:26:51.243,298,1456.5
2026-07-27 14:26:51.274,299,1461.388
2026-07-27 14:26:51.274,299,1461.388
2026-07-27 14:26:51.275,290,1417.4
2026-07-27 14:26:51.275,276,1348.974
2026-07-27 14:26:51.275,271,1324.536
2026-07-27 14:26:51.275,268,1309.873
2026-07-27 14:26:51.275,267,1304.985
2026-07-27 14:26:51.275,268,1309.873
2026-07-27 14:26:51.281,261,1275.66
2026-07-27 14:26:51.281,260,1270.772
2026-07-27 14:26:51.284,263,1285.435
2026-07-27 14:26:51.319,261,1275.66
2026-07-27 14:26:51.319,255,1246.334
2026-07-27 14:26:51.319,252,1231.672
2026-07-27 14:26:51.319,255,1246.334
2026-07-27 14:26:51.320,259,1265.885
2026-07-27 14:26:51.320,262,1280.547
2026-07-27 14:26:51.320,259,1265.885
2026-07-27 14:26:51.351,258,1260.997
2026-07-27 14:26:51.351,262,1280.547
2026-07-27 14:26:51.351,265,1295.21
2026-07-27 14:26:51.351,265,1295.21
2026-07-27 14:26:51.352,263,1285.435
2026-07-27 14:26:51.352,269,1314.761
2026-07-27 14:26:51.382,272,1329.423
2026-07-27 14:26:51.382,267,1304.985
2026-07-27 14:26:51.382,265,1295.21
2026-07-27 14:26:51.382,269,1314.761
2026-07-27 14:26:51.382,275,1344.086
2026-07-27 14:26:51.383,272,1329.423
2026-07-27 14:26:51.412,269,1314.761
2026-07-27 14:26:51.412,273,1334.311
2026-07-27 14:26:51.412,284,1388.074
2026-07-27 14:26:51.412,283,1383.187
2026-07-27 14:26:51.412,279,1363.636
2026-07-27 14:26:51.414,278,1358.749
2026-07-27 14:26:51.443,282,1378.299
2026-07-27 14:26:51.443,279,1363.636
2026-07-27 14:26:51.443,279,1363.636
2026-07-27 14:26:51.444,283,1383.187
2026-07-27 14:26:51.444,283,1383.187
2026-07-27 14:26:51.445,280,1368.524
2026-07-27 14:26:51.474,278,1358.749
2026-07-27 14:26:51.474,278,1358.749
2026-07-27 14:26:51.474,280,1368.524
2026-07-27 14:26:51.474,280,1368.524
2026-07-27 14:26:51.474,280,1368.524
2026-07-27 14:26:51.477,279,1363.636
2026-07-27 14:26:51.521,275,1344.086
2026-07-27 14:26:51.521,280,1368.524
2026-07-27 14:26:51.522,283,1383.187
2026-07-27 14:26:51.522,285,1392.962
2026-07-27 14:26:51.522,288,1407.625
2026-07-27 14:26:51.522,291,1422.287
2026-07-27 14:26:51.522,295,1441.838
2026-07-27 14:26:51.522,302,1476.051
2026-07-27 14:26:51.523,314,1534.702
2026-07-27 14:26:51.552,328,1603.128
2026-07-27 14:26:51.552,352,1720.43
2026-07-27 14:26:51.552,383,1871.945
2026-07-27 14:26:51.552,413,2018.573
2026-07-27 14:26:51.552,354,1730.205
2026-07-27 14:26:51.554,235,1148.583
2026-07-27 14:26:51.583,167,816.227
2026-07-27 14:26:51.584,176,860.215
2026-07-27 14:26:51.584,228,1114.37
2026-07-27 14:26:51.584,265,1295.21
2026-07-27 14:26:51.584,288,1407.625
2026-07-27 14:26:51.594,309,1510.264
2026-07-27 14:26:51.594,317,1549.365
2026-07-27 14:26:51.596,320,1564.027
2026-07-27 14:26:51.629,320,1564.027
2026-07-27 14:26:51.629,322,1573.803
2026-07-27 14:26:51.629,325,1588.465
2026-07-27 14:26:51.630,328,1603.128
2026-07-27 14:26:51.630,330,1612.903
2026-07-27 14:26:51.630,335,1637.341
2026-07-27 14:26:51.632,338,1652.004
2026-07-27 14:26:51.661,340,1661.779
2026-07-27 14:26:51.661,343,1676.442
2026-07-27 14:26:51.661,343,1676.442
2026-07-27 14:26:51.661,344,1681.329
2026-07-27 14:26:51.661,344,1681.329
2026-07-27 14:26:51.663,347,1695.992
2026-07-27 14:26:51.692,355,1735.093
2026-07-27 14:26:51.692,362,1769.306
2026-07-27 14:26:51.693,366,1788.856
2026-07-27 14:26:51.693,370,1808.407
2026-07-27 14:26:51.693,374,1827.957
2026-07-27 14:26:51.721,382,1867.058
2026-07-27 14:26:51.721,389,1901.271
2026-07-27 14:26:51.722,393,1920.821
2026-07-27 14:26:51.722,398,1945.259
2026-07-27 14:26:51.722,406,1984.36
2026-07-27 14:26:51.722,413,2018.573
2026-07-27 14:26:51.726,421,2057.674
2026-07-27 14:26:51.731,430,2101.662
2026-07-27 14:26:51.768,440,2150.538
2026-07-27 14:26:51.768,446,2179.863
2026-07-27 14:26:51.768,453,2214.076
2026-07-27 14:26:51.768,461,2253.177
2026-07-27 14:26:51.768,465,2272.727
2026-07-27 14:26:51.768,469,2292.278
2026-07-27 14:26:51.769,472,2306.94
2026-07-27 14:26:51.773,471,2302.053
2026-07-27 14:26:51.799,462,2258.065
2026-07-27 14:26:51.800,451,2204.301
2026-07-27 14:26:51.800,437,2135.875
2026-07-27 14:26:51.800,426,2082.111
2026-07-27 14:26:51.801,415,2028.348
2026-07-27 14:26:51.804,405,1979.472
2026-07-27 14:26:51.830,398,1945.259
2026-07-27 14:26:51.830,390,1906.158
2026-07-27 14:26:51.831,379,1852.395
2026-07-27 14:26:51.831,371,1813.294
2026-07-27 14:26:51.831,366,1788.856
2026-07-27 14:26:51.835,367,1793.744
2026-07-27 14:26:51.862,369,1803.519
2026-07-27 14:26:51.862,369,1803.519
2026-07-27 14:26:51.862,371,1813.294
2026-07-27 14:26:51.862,372,1818.182
2026-07-27 14:26:51.862,374,1827.957
2026-07-27 14:26:51.866,376,1837.732
2026-07-27 14:26:51.893,378,1847.507
2026-07-27 14:26:51.898,380,1857.283
2026-07-27 14:26:51.898,381,1862.17
2026-07-27 14:26:51.898,384,1876.833
2026-07-27 14:26:51.898,383,1871.945
2026-07-27 14:26:51.898,380,1857.283
2026-07-27 14:26:51.938,377,1842.62
2026-07-27 14:26:51.938,378,1847.507
2026-07-27 14:26:51.938,381,1862.17
2026-07-27 14:26:51.939,380,1857.283
2026-07-27 14:26:51.939,379,1852.395
2026-07-27 14:26:51.939,381,1862.17
2026-07-27 14:26:51.939,379,1852.395
2026-07-27 14:26:51.939,376,1837.732
2026-07-27 14:26:51.984,376,1837.732
2026-07-27 14:26:51.984,378,1847.507
2026-07-27 14:26:51.985,378,1847.507
2026-07-27 14:26:51.985,376,1837.732
2026-07-27 14:26:51.985,374,1827.957
2026-07-27 14:26:51.985,374,1827.957
2026-07-27 14:26:51.985,372,1818.182
2026-07-27 14:26:51.985,371,1813.294
2026-07-27 14:26:51.986,371,1813.294
2026-07-27 14:26:52.031,372,1818.182
2026-07-27 14:26:52.031,370,1808.407
2026-07-27 14:26:52.031,370,1808.407
2026-07-27 14:26:52.032,369,1803.519
2026-07-27 14:26:52.032,367,1793.744
2026-07-27 14:26:52.032,368,1798.631
2026-07-27 14:26:52.032,366,1788.856
2026-07-27 14:26:52.032,365,1783.969
2026-07-27 14:26:52.033,365,1783.969
2026-07-27 14:26:52.077,363,1774.194
2026-07-27 14:26:52.077,361,1764.418
2026-07-27 14:26:52.077,360,1759.531
2026-07-27 14:26:52.077,357,1744.868
2026-07-27 14:26:52.078,356,1739.98
2026-07-27 14:26:52.078,356,1739.98
2026-07-27 14:26:52.078,357,1744.868
2026-07-27 14:26:52.078,358,1749.756
2026-07-27 14:26:52.079,357,1744.868
2026-07-27 14:26:52.125,354,1730.205
2026-07-27 14:26:52.125,352,1720.43
2026-07-27 14:26:52.125,351,1715.543
2026-07-27 14:26:52.125,347,1695.992
2026-07-27 14:26:52.125,343,1676.442
2026-07-27 14:26:52.126,342,1671.554
2026-07-27 14:26:52.126,342,1671.554
2026-07-27 14:26:52.126,341,1666.667
2026-07-27 14:26:52.126,340,1661.779
2026-07-27 14:26:52.170,340,1661.779
2026-07-27 14:26:52.171,340,1661.779
2026-07-27 14:26:52.171,340,1661.779
2026-07-27 14:26:52.171,338,1652.004
2026-07-27 14:26:52.171,337,1647.116
2026-07-27 14:26:52.171,339,1656.891
2026-07-27 14:26:52.171,337,1647.116
2026-07-27 14:26:52.171,340,1661.779
2026-07-27 14:26:52.173,343,1676.442
2026-07-27 14:26:52.216,344,1681.329
2026-07-27 14:26:52.216,344,1681.329
2026-07-27 14:26:52.216,346,1691.105
2026-07-27 14:26:52.216,347,1695.992
2026-07-27 14:26:52.216,348,1700.88
2026-07-27 14:26:52.216,348,1700.88
2026-07-27 14:26:52.216,349,1705.767
2026-07-27 14:26:52.217,349,1705.767
2026-07-27 14:26:52.220,347,1695.992
2026-07-27 14:26:52.262,350,1710.655
2026-07-27 14:26:52.262,353,1725.318
2026-07-27 14:26:52.262,354,1730.205
2026-07-27 14:26:52.262,355,1735.093
2026-07-27 14:26:52.263,358,1749.756
2026-07-27 14:26:52.278,361,1764.418
2026-07-27 14:26:52.278,361,1764.418
2026-07-27 14:26:52.278,360,1759.531
2026-07-27 14:26:52.279,358,1749.756
2026-07-27 14:26:52.279,356,1739.98
2026-07-27 14:26:52.279,355,1735.093
2026-07-27 14:26:52.326,354,1730.205
2026-07-27 14:26:52.326,350,1710.655
2026-07-27 14:26:52.326,346,1691.105
2026-07-27 14:26:52.326,346,1691.105
2026-07-27 14:26:52.326,347,1695.992
2026-07-27 14:26:52.326,348,1700.88
2026-07-27 14:26:52.327,347,1695.992
2026-07-27 14:26:52.327,348,1700.88
2026-07-27 14:26:52.327,351,1715.543
2026-07-27 14:26:52.329,352,1720.43
2026-07-27 14:26:52.373,360,1759.531
2026-07-27 14:26:52.373,379,1852.395
2026-07-27 14:26:52.373,424,2072.336
2026-07-27 14:26:52.373,493,2409.58
2026-07-27 14:26:52.373,538,2629.521
2026-07-27 14:26:52.374,462,2258.065
2026-07-27 14:26:52.374,334,1632.454
2026-07-27 14:26:52.374,241,1177.908
2026-07-27 14:26:52.376,210,1026.393
2026-07-27 14:26:52.418,264,1290.323
2026-07-27 14:26:52.418,314,1534.702
2026-07-27 14:26:52.419,336,1642.229
2026-07-27 14:26:52.419,347,1695.992
2026-07-27 14:26:52.419,352,1720.43
2026-07-27 14:26:52.419,348,1700.88
2026-07-27 14:26:52.419,339,1656.891
2026-07-27 14:26:52.424,337,1647.116
2026-07-27 14:26:52.424,339,1656.891
2026-07-27 14:26:52.428,340,1661.779
2026-07-27 14:26:52.464,341,1666.667
2026-07-27 14:26:52.464,342,1671.554
2026-07-27 14:26:52.464,344,1681.329
2026-07-27 14:26:52.465,343,1676.442
2026-07-27 14:26:52.465,343,1676.442
2026-07-27 14:26:52.465,344,1681.329
2026-07-27 14:26:52.465,345,1686.217
2026-07-27 14:26:52.511,346,1691.105
2026-07-27 14:26:52.511,347,1695.992
2026-07-27 14:26:52.511,348,1700.88
2026-07-27 14:26:52.511,349,1705.767
2026-07-27 14:26:52.511,351,1715.543
2026-07-27 14:26:52.511,353,1725.318
2026-07-27 14:26:52.511,357,1744.868
2026-07-27 14:26:52.511,361,1764.418
2026-07-27 14:26:52.512,365,1783.969
2026-07-27 14:26:52.558,371,1813.294
2026-07-27 14:26:52.558,378,1847.507
2026-07-27 14:26:52.558,386,1886.608
2026-07-27 14:26:52.559,393,1920.821
2026-07-27 14:26:52.559,401,1959.922
2026-07-27 14:26:52.559,411,2008.798
2026-07-27 14:26:52.559,419,2047.898
2026-07-27 14:26:52.559,427,2086.999
2026-07-27 14:26:52.560,433,2116.325
2026-07-27 14:26:52.563,438,2140.762
2026-07-27 14:26:52.605,440,2150.538
2026-07-27 14:26:52.606,441,2155.425
2026-07-27 14:26:52.606,436,2130.987
2026-07-27 14:26:52.606,426,2082.111
2026-07-27 14:26:52.606,411,2008.798
2026-07-27 14:26:52.606,391,1911.046
2026-07-27 14:26:52.607,369,1803.519
2026-07-27 14:26:52.609,349,1705.767
2026-07-27 14:26:52.615,331,1617.791
2026-07-27 14:26:52.616,316,1544.477
2026-07-27 14:26:52.668,303,1480.938
2026-07-27 14:26:52.668,294,1436.95
2026-07-27 14:26:52.668,289,1412.512
2026-07-27 14:26:52.668,284,1388.074
2026-07-27 14:26:52.668,280,1368.524
2026-07-27 14:26:52.668,279,1363.636
2026-07-27 14:26:52.668,281,1373.412
2026-07-27 14:26:52.669,281,1373.412
2026-07-27 14:26:52.669,282,1378.299
2026-07-27 14:26:52.669,281,1373.412
2026-07-27 14:26:52.672,282,1378.299
2026-07-27 14:26:52.715,285,1392.962
2026-07-27 14:26:52.715,285,1392.962
2026-07-27 14:26:52.715,286,1397.849
2026-07-27 14:26:52.715,289,1412.512
2026-07-27 14:26:52.716,290,1417.4
2026-07-27 14:26:52.716,292,1427.175
2026-07-27 14:26:52.716,295,1441.838
2026-07-27 14:26:52.716,297,1451.613
2026-07-27 14:26:52.719,298,1456.5
2026-07-27 14:26:52.762,299,1461.388
2026-07-27 14:26:52.762,300,1466.276
2026-07-27 14:26:52.762,302,1476.051
2026-07-27 14:26:52.762,304,1485.826
2026-07-27 14:26:52.763,305,1490.714
2026-07-27 14:26:52.763,307,1500.489
2026-07-27 14:26:52.763,308,1505.376
2026-07-27 14:26:52.763,310,1515.152
2026-07-27 14:26:52.766,311,1520.039
2026-07-27 14:26:52.771,312,1524.927
2026-07-27 14:26:52.808,314,1534.702
2026-07-27 14:26:52.809,314,1534.702
2026-07-27 14:26:52.809,314,1534.702
2026-07-27 14:26:52.809,314,1534.702
2026-07-27 14:26:52.809,316,1544.477
2026-07-27 14:26:52.809,317,1549.365
2026-07-27 14:26:52.809,319,1559.14
2026-07-27 14:26:52.813,320,1564.027
2026-07-27 14:26:52.855,320,1564.027
2026-07-27 14:26:52.855,321,1568.915
2026-07-27 14:26:52.855,321,1568.915
2026-07-27 14:26:52.855,322,1573.803
2026-07-27 14:26:52.856,324,1583.578
2026-07-27 14:26:52.856,325,1588.465
2026-07-27 14:26:52.856,325,1588.465
2026-07-27 14:26:52.857,325,1588.465
2026-07-27 14:26:52.860,325,1588.465
2026-07-27 14:26:52.901,326,1593.353
2026-07-27 14:26:52.901,326,1593.353
2026-07-27 14:26:52.901,327,1598.24
2026-07-27 14:26:52.901,327,1598.24
2026-07-27 14:26:52.902,326,1593.353
2026-07-27 14:26:52.902,326,1593.353
2026-07-27 14:26:52.902,326,1593.353
2026-07-27 14:26:52.942,325,1588.465
2026-07-27 14:26:52.942,325,1588.465
2026-07-27 14:26:52.942,326,1593.353
2026-07-27 14:26:52.942,326,1593.353
2026-07-27 14:26:52.942,325,1588.465
2026-07-27 14:26:52.943,325,1588.465
2026-07-27 14:26:52.943,324,1583.578
2026-07-27 14:26:52.943,324,1583.578
2026-07-27 14:26:52.943,325,1588.465
2026-07-27 14:26:52.980,326,1593.353
2026-07-27 14:26:52.980,324,1583.578
2026-07-27 14:26:52.980,323,1578.69
2026-07-27 14:26:52.981,324,1583.578
2026-07-27 14:26:52.981,324,1583.578
2026-07-27 14:26:52.981,324,1583.578
2026-07-27 14:26:52.981,323,1578.69
2026-07-27 14:26:53.027,322,1573.803
2026-07-27 14:26:53.027,322,1573.803
2026-07-27 14:26:53.027,322,1573.803
2026-07-27 14:26:53.027,322,1573.803
2026-07-27 14:26:53.027,323,1578.69
2026-07-27 14:26:53.028,323,1578.69
2026-07-27 14:26:53.028,322,1573.803
2026-07-27 14:26:53.028,322,1573.803
2026-07-27 14:26:53.028,323,1578.69
2026-07-27 14:26:53.032,323,1578.69
2026-07-27 14:26:53.038,322,1573.803
2026-07-27 14:26:53.044,322,1573.803
2026-07-27 14:26:53.048,321,1568.915
2026-07-27 14:26:53.053,319,1559.14
2026-07-27 14:26:53.058,318,1554.252
2026-07-27 14:26:53.104,318,1554.252
2026-07-27 14:26:53.104,318,1554.252
2026-07-27 14:26:53.104,318,1554.252
2026-07-27 14:26:53.104,317,1549.365
2026-07-27 14:26:53.104,318,1554.252
2026-07-27 14:26:53.105,322,1573.803
2026-07-27 14:26:53.105,325,1588.465
2026-07-27 14:26:53.105,327,1598.24
2026-07-27 14:26:53.105,330,1612.903
2026-07-27 14:26:53.150,333,1627.566
2026-07-27 14:26:53.150,333,1627.566
2026-07-27 14:26:53.150,332,1622.678
2026-07-27 14:26:53.150,328,1603.128
2026-07-27 14:26:53.150,324,1583.578
2026-07-27 14:26:53.150,325,1588.465
2026-07-27 14:26:53.151,324,1583.578
2026-07-27 14:26:53.151,320,1564.027
2026-07-27 14:26:53.151,316,1544.477
2026-07-27 14:26:53.181,316,1544.477
2026-07-27 14:26:53.181,316,1544.477
2026-07-27 14:26:53.181,317,1549.365
2026-07-27 14:26:53.181,317,1549.365
2026-07-27 14:26:53.182,318,1554.252
2026-07-27 14:26:53.182,322,1573.803
2026-07-27 14:26:53.212,326,1593.353
2026-07-27 14:26:53.212,340,1661.779
2026-07-27 14:26:53.212,361,1764.418
2026-07-27 14:26:53.314,406,1984.36
2026-07-27 14:26:53.315,479,2341.153
2026-07-27 14:26:53.315,532,2600.196
2026-07-27 14:26:53.315,455,2223.851
2026-07-27 14:26:53.315,308,1505.376
2026-07-27 14:26:53.315,213,1041.056
2026-07-27 14:26:53.315,187,913.978
2026-07-27 14:26:53.315,247,1207.234
2026-07-27 14:26:53.315,299,1461.388
2026-07-27 14:26:53.316,317,1549.365
2026-07-27 14:26:53.316,330,1612.903
2026-07-27 14:26:53.316,344,1681.329
2026-07-27 14:26:53.345,343,1676.442
2026-07-27 14:26:53.345,334,1632.454
2026-07-27 14:26:53.345,331,1617.791
2026-07-27 14:26:53.345,334,1632.454
2026-07-27 14:26:53.345,337,1647.116
2026-07-27 14:26:53.349,338,1652.004
2026-07-27 14:26:53.349,338,1652.004
2026-07-27 14:26:53.349,337,1647.116
2026-07-27 14:26:53.349,338,1652.004
2026-07-27 14:26:53.349,340,1661.779
2026-07-27 14:26:53.349,341,1666.667
2026-07-27 14:26:53.349,342,1671.554
2026-07-27 14:26:53.349,344,1681.329
2026-07-27 14:26:53.384,346,1691.105
2026-07-27 14:26:53.384,348,1700.88
2026-07-27 14:26:53.384,349,1705.767
2026-07-27 14:26:53.384,351,1715.543
2026-07-27 14:26:53.385,352,1720.43
2026-07-27 14:26:53.385,355,1735.093
2026-07-27 14:26:53.385,358,1749.756
2026-07-27 14:26:53.385,361,1764.418
2026-07-27 14:26:53.385,367,1793.744
2026-07-27 14:26:53.385,373,1823.069
2026-07-27 14:26:53.393,380,1857.283
2026-07-27 14:26:53.393,390,1906.158
2026-07-27 14:26:53.395,401,1959.922
2026-07-27 14:26:53.431,411,2008.798
2026-07-27 14:26:53.431,420,2052.786
2026-07-27 14:26:53.431,430,2101.662
2026-07-27 14:26:53.431,438,2140.762
2026-07-27 14:26:53.432,443,2165.2
2026-07-27 14:26:53.432,446,2179.863
2026-07-27 14:26:53.432,446,2179.863
2026-07-27 14:26:53.479,441,2155.425
2026-07-27 14:26:53.479,431,2106.549
2026-07-27 14:26:53.479,414,2023.46
2026-07-27 14:26:53.479,393,1920.821
2026-07-27 14:26:53.480,371,1813.294
2026-07-27 14:26:53.480,351,1715.543
2026-07-27 14:26:53.480,333,1627.566
2026-07-27 14:26:53.480,316,1544.477
2026-07-27 14:26:53.480,304,1485.826
2026-07-27 14:26:53.484,295,1441.838
2026-07-27 14:26:53.527,289,1412.512
2026-07-27 14:26:53.527,284,1388.074
2026-07-27 14:26:53.527,281,1373.412
2026-07-27 14:26:53.527,279,1363.636
2026-07-27 14:26:53.528,279,1363.636
2026-07-27 14:26:53.528,279,1363.636
2026-07-27 14:26:53.528,279,1363.636
2026-07-27 14:26:53.528,279,1363.636
2026-07-27 14:26:53.531,280,1368.524
2026-07-27 14:26:53.573,281,1373.412
2026-07-27 14:26:53.573,282,1378.299
2026-07-27 14:26:53.574,284,1388.074
2026-07-27 14:26:53.574,285,1392.962
2026-07-27 14:26:53.574,288,1407.625
2026-07-27 14:26:53.574,290,1417.4
2026-07-27 14:26:53.574,290,1417.4
2026-07-27 14:26:53.574,290,1417.4
2026-07-27 14:26:53.578,291,1422.287
2026-07-27 14:26:53.621,292,1427.175
2026-07-27 14:26:53.621,294,1436.95
2026-07-27 14:26:53.621,296,1446.725
2026-07-27 14:26:53.622,298,1456.5
2026-07-27 14:26:53.622,299,1461.388
2026-07-27 14:26:53.622,298,1456.5
2026-07-27 14:26:53.622,299,1461.388
2026-07-27 14:26:53.623,302,1476.051
2026-07-27 14:26:53.625,304,1485.826
2026-07-27 14:26:53.667,305,1490.714
2026-07-27 14:26:53.667,305,1490.714
2026-07-27 14:26:53.667,305,1490.714
2026-07-27 14:26:53.667,305,1490.714
2026-07-27 14:26:53.668,306,1495.601
2026-07-27 14:26:53.668,306,1495.601
2026-07-27 14:26:53.668,307,1500.489
2026-07-27 14:26:53.668,307,1500.489
2026-07-27 14:26:53.672,308,1505.376
2026-07-27 14:26:53.713,310,1515.152
2026-07-27 14:26:53.714,311,1520.039
2026-07-27 14:26:53.714,310,1515.152
2026-07-27 14:26:53.714,310,1515.152
2026-07-27 14:26:53.714,310,1515.152
2026-07-27 14:26:53.714,310,1515.152
2026-07-27 14:26:53.714,310,1515.152
2026-07-27 14:26:53.715,309,1510.264
2026-07-27 14:26:53.719,309,1510.264
2026-07-27 14:26:53.759,309,1510.264
2026-07-27 14:26:53.759,308,1505.376
2026-07-27 14:26:53.759,307,1500.489
2026-07-27 14:26:53.759,306,1495.601
2026-07-27 14:26:53.760,306,1495.601
2026-07-27 14:26:53.760,305,1490.714
2026-07-27 14:26:53.760,305,1490.714
2026-07-27 14:26:53.760,305,1490.714
2026-07-27 14:26:53.805,305,1490.714
2026-07-27 14:26:53.805,305,1490.714
2026-07-27 14:26:53.806,303,1480.938
2026-07-27 14:26:53.806,303,1480.938
2026-07-27 14:26:53.806,304,1485.826
2026-07-27 14:26:53.806,304,1485.826
2026-07-27 14:26:53.807,303,1480.938
2026-07-27 14:26:53.807,301,1471.163
2026-07-27 14:26:53.807,301,1471.163
2026-07-27 14:26:53.812,300,1466.276
2026-07-27 14:26:53.852,300,1466.276
2026-07-27 14:26:53.852,302,1476.051
2026-07-27 14:26:53.852,303,1480.938
2026-07-27 14:26:53.852,304,1485.826
2026-07-27 14:26:53.852,304,1485.826
2026-07-27 14:26:53.852,303,1480.938
2026-07-27 14:26:53.852,303,1480.938
2026-07-27 14:26:53.853,305,1490.714
2026-07-27 14:26:53.882,305,1490.714
2026-07-27 14:26:53.882,305,1490.714
2026-07-27 14:26:53.883,305,1490.714
2026-07-27 14:26:53.883,306,1495.601
2026-07-27 14:26:53.883,307,1500.489
2026-07-27 14:26:53.884,307,1500.489
2026-07-27 14:26:53.913,307,1500.489
2026-07-27 14:26:53.914,307,1500.489
2026-07-27 14:26:53.914,307,1500.489
2026-07-27 14:26:53.914,307,1500.489
2026-07-27 14:26:53.914,308,1505.376
2026-07-27 14:26:53.915,308,1505.376
2026-07-27 14:26:53.945,308,1505.376
2026-07-27 14:26:53.945,308,1505.376
2026-07-27 14:26:53.946,308,1505.376
2026-07-27 14:26:53.946,309,1510.264
2026-07-27 14:26:53.946,310,1515.152
2026-07-27 14:26:53.949,310,1515.152
2026-07-27 14:26:53.952,309,1510.264
2026-07-27 14:26:53.991,311,1520.039
2026-07-27 14:26:53.992,313,1529.814
2026-07-27 14:26:53.992,313,1529.814
2026-07-27 14:26:53.992,313,1529.814
2026-07-27 14:26:53.992,314,1534.702
2026-07-27 14:26:53.992,315,1539.589
2026-07-27 14:26:53.992,315,1539.589
2026-07-27 14:26:53.993,316,1544.477
2026-07-27 14:26:54.023,318,1554.252
2026-07-27 14:26:54.023,321,1568.915
2026-07-27 14:26:54.023,323,1578.69
2026-07-27 14:26:54.023,326,1593.353
2026-07-27 14:26:54.023,328,1603.128
2026-07-27 14:26:54.025,328,1603.128
2026-07-27 14:26:54.054,326,1593.353
2026-07-27 14:26:54.054,325,1588.465
2026-07-27 14:26:54.055,322,1573.803
2026-07-27 14:26:54.055,321,1568.915
2026-07-27 14:26:54.055,322,1573.803
2026-07-27 14:26:54.056,320,1564.027
2026-07-27 14:26:54.084,316,1544.477
2026-07-27 14:26:54.084,315,1539.589
2026-07-27 14:26:54.085,315,1539.589
2026-07-27 14:26:54.085,316,1544.477
2026-07-27 14:26:54.085,316,1544.477
2026-07-27 14:26:54.087,317,1549.365
2026-07-27 14:26:54.115,320,1564.027
2026-07-27 14:26:54.115,323,1578.69
2026-07-27 14:26:54.116,334,1632.454
2026-07-27 14:26:54.116,352,1720.43
2026-07-27 14:26:54.116,391,1911.046
2026-07-27 14:26:54.118,456,2228.739
2026-07-27 14:26:54.147,527,2575.758
2026-07-27 14:26:54.147,492,2404.692
2026-07-27 14:26:54.147,349,1705.767
2026-07-27 14:26:54.148,238,1163.245
2026-07-27 14:26:54.148,182,889.541
2026-07-27 14:26:54.151,226,1104.594
2026-07-27 14:26:54.179,287,1402.737
2026-07-27 14:26:54.179,314,1534.702
2026-07-27 14:26:54.179,328,1603.128
2026-07-27 14:26:54.179,342,1671.554
2026-07-27 14:26:54.179,346,1691.105
2026-07-27 14:26:54.182,341,1666.667
2026-07-27 14:26:54.186,336,1642.229
2026-07-27 14:26:54.223,336,1642.229
2026-07-27 14:26:54.224,339,1656.891
2026-07-27 14:26:54.224,342,1671.554
2026-07-27 14:26:54.224,344,1681.329
2026-07-27 14:26:54.224,344,1681.329
2026-07-27 14:26:54.224,344,1681.329
2026-07-27 14:26:54.224,344,1681.329
2026-07-27 14:26:54.227,346,1691.105
2026-07-27 14:26:54.255,347,1695.992
2026-07-27 14:26:54.255,349,1705.767
2026-07-27 14:26:54.255,352,1720.43
2026-07-27 14:26:54.255,353,1725.318
2026-07-27 14:26:54.255,356,1739.98
2026-07-27 14:26:54.286,357,1744.868
2026-07-27 14:26:54.286,358,1749.756
2026-07-27 14:26:54.286,361,1764.418
2026-07-27 14:26:54.286,364,1779.081
2026-07-27 14:26:54.286,369,1803.519
2026-07-27 14:26:54.286,373,1823.069
2026-07-27 14:26:54.290,379,1852.395
2026-07-27 14:26:54.317,385,1881.72
2026-07-27 14:26:54.317,394,1925.709
2026-07-27 14:26:54.317,402,1964.809
2026-07-27 14:26:54.317,410,2003.91
2026-07-27 14:26:54.317,419,2047.898
2026-07-27 14:26:54.321,429,2096.774
2026-07-27 14:26:54.349,438,2140.762
2026-07-27 14:26:54.354,444,2170.088
2026-07-27 14:26:54.354,448,2189.638
2026-07-27 14:26:54.354,448,2189.638
2026-07-27 14:26:54.356,447,2184.751
2026-07-27 14:26:54.357,440,2150.538
2026-07-27 14:26:54.357,427,2086.999
2026-07-27 14:26:54.394,409,1999.022
2026-07-27 14:26:54.394,388,1896.383
2026-07-27 14:26:54.394,366,1788.856
2026-07-27 14:26:54.394,347,1695.992
2026-07-27 14:26:54.394,329,1608.016
2026-07-27 14:26:54.394,313,1529.814
2026-07-27 14:26:54.395,303,1480.938
2026-07-27 14:26:54.399,296,1446.725
2026-07-27 14:26:54.425,289,1412.512
2026-07-27 14:26:54.425,285,1392.962
2026-07-27 14:26:54.425,282,1378.299
2026-07-27 14:26:54.425,282,1378.299
2026-07-27 14:26:54.425,283,1383.187
2026-07-27 14:26:54.455,281,1373.412
2026-07-27 14:26:54.456,280,1368.524
2026-07-27 14:26:54.457,280,1368.524
2026-07-27 14:26:54.457,280,1368.524
2026-07-27 14:26:54.457,281,1373.412
2026-07-27 14:26:54.458,283,1383.187
2026-07-27 14:26:54.462,284,1388.074
2026-07-27 14:26:54.487,285,1392.962
2026-07-27 14:26:54.487,287,1402.737
2026-07-27 14:26:54.487,288,1407.625
2026-07-27 14:26:54.487,289,1412.512
2026-07-27 14:26:54.493,289,1412.512
2026-07-27 14:26:54.494,291,1422.287
2026-07-27 14:26:54.498,294,1436.95
2026-07-27 14:26:54.533,294,1436.95
2026-07-27 14:26:54.533,295,1441.838
2026-07-27 14:26:54.533,296,1446.725
2026-07-27 14:26:54.533,297,1451.613
2026-07-27 14:26:54.534,298,1456.5
2026-07-27 14:26:54.534,299,1461.388
2026-07-27 14:26:54.534,301,1471.163
2026-07-27 14:26:54.580,302,1476.051
2026-07-27 14:26:54.580,304,1485.826
2026-07-27 14:26:54.581,304,1485.826
2026-07-27 14:26:54.581,304,1485.826
2026-07-27 14:26:54.581,307,1500.489
2026-07-27 14:26:54.581,309,1510.264
2026-07-27 14:26:54.581,309,1510.264
2026-07-27 14:26:54.581,309,1510.264
2026-07-27 14:26:54.581,310,1515.152
2026-07-27 14:26:54.626,310,1515.152
2026-07-27 14:26:54.627,312,1524.927
2026-07-27 14:26:54.627,312,1524.927
2026-07-27 14:26:54.627,312,1524.927
2026-07-27 14:26:54.627,312,1524.927
2026-07-27 14:26:54.627,313,1529.814
2026-07-27 14:26:54.627,315,1539.589
2026-07-27 14:26:54.627,316,1544.477
2026-07-27 14:26:54.629,316,1544.477
2026-07-27 14:26:54.633,316,1544.477
2026-07-27 14:26:54.673,316,1544.477
2026-07-27 14:26:54.673,316,1544.477
2026-07-27 14:26:54.673,317,1549.365
2026-07-27 14:26:54.674,318,1554.252
2026-07-27 14:26:54.675,319,1559.14
2026-07-27 14:26:54.675,320,1564.027
2026-07-27 14:26:54.675,321,1568.915
2026-07-27 14:26:54.677,321,1568.915
2026-07-27 14:26:54.681,322,1573.803
2026-07-27 14:26:54.687,323,1578.69
2026-07-27 14:26:54.734,321,1568.915
2026-07-27 14:26:54.734,320,1564.027
2026-07-27 14:26:54.734,320,1564.027
2026-07-27 14:26:54.735,322,1573.803
2026-07-27 14:26:54.735,322,1573.803
2026-07-27 14:26:54.735,321,1568.915
2026-07-27 14:26:54.735,322,1573.803
2026-07-27 14:26:54.735,323,1578.69
2026-07-27 14:26:54.735,324,1583.578
2026-07-27 14:26:54.737,324,1583.578
2026-07-27 14:26:54.781,325,1588.465
2026-07-27 14:26:54.781,325,1588.465
2026-07-27 14:26:54.781,325,1588.465
2026-07-27 14:26:54.781,327,1598.24
2026-07-27 14:26:54.781,327,1598.24
2026-07-27 14:26:54.782,325,1588.465
2026-07-27 14:26:54.782,325,1588.465
2026-07-27 14:26:54.782,327,1598.24
2026-07-27 14:26:54.784,327,1598.24
2026-07-27 14:26:54.826,326,1593.353
2026-07-27 14:26:54.826,323,1578.69
2026-07-27 14:26:54.826,322,1573.803
2026-07-27 14:26:54.826,325,1588.465
2026-07-27 14:26:54.826,327,1598.24
2026-07-27 14:26:54.826,326,1593.353
2026-07-27 14:26:54.827,324,1583.578
2026-07-27 14:26:54.827,324,1583.578
2026-07-27 14:26:54.831,323,1578.69
2026-07-27 14:26:54.874,322,1573.803
2026-07-27 14:26:54.874,323,1578.69
2026-07-27 14:26:54.874,324,1583.578
2026-07-27 14:26:54.877,323,1578.69
2026-07-27 14:26:54.878,322,1573.803
2026-07-27 14:26:54.878,323,1578.69
2026-07-27 14:26:54.878,323,1578.69
2026-07-27 14:26:54.878,322,1573.803
2026-07-27 14:26:54.879,323,1578.69
2026-07-27 14:26:54.883,323,1578.69
2026-07-27 14:26:54.921,322,1573.803
2026-07-27 14:26:54.921,324,1583.578
2026-07-27 14:26:54.921,325,1588.465
2026-07-27 14:26:54.921,324,1583.578
2026-07-27 14:26:54.921,324,1583.578
2026-07-27 14:26:54.921,323,1578.69
2026-07-27 14:26:54.921,322,1573.803
2026-07-27 14:26:54.924,324,1583.578
2026-07-27 14:26:54.968,325,1588.465
2026-07-27 14:26:54.968,323,1578.69
2026-07-27 14:26:54.968,324,1583.578
2026-07-27 14:26:54.968,328,1603.128
2026-07-27 14:26:54.968,329,1608.016
2026-07-27 14:26:54.968,331,1617.791
2026-07-27 14:26:54.969,335,1637.341
2026-07-27 14:26:54.969,337,1647.116
2026-07-27 14:26:54.971,337,1647.116
2026-07-27 14:26:55.015,337,1647.116
2026-07-27 14:26:55.015,333,1627.566
2026-07-27 14:26:55.016,328,1603.128
2026-07-27 14:26:55.016,327,1598.24
2026-07-27 14:26:55.016,327,1598.24
2026-07-27 14:26:55.016,324,1583.578
2026-07-27 14:26:55.016,322,1573.803
2026-07-27 14:26:55.016,321,1568.915
2026-07-27 14:26:55.020,322,1573.803
2026-07-27 14:26:55.023,325,1588.465
2026-07-27 14:26:55.062,325,1588.465
2026-07-27 14:26:55.062,326,1593.353
2026-07-27 14:26:55.062,328,1603.128
2026-07-27 14:26:55.062,333,1627.566
2026-07-27 14:26:55.062,344,1681.329
2026-07-27 14:26:55.062,361,1764.418
2026-07-27 14:26:55.062,403,1969.697
2026-07-27 14:26:55.065,476,2326.491
2026-07-27 14:26:55.108,531,2595.308
2026-07-27 14:26:55.109,455,2223.851
2026-07-27 14:26:55.109,310,1515.152
2026-07-27 14:26:55.109,213,1041.056
2026-07-27 14:26:55.109,190,928.641
2026-07-27 14:26:55.109,252,1231.672
2026-07-27 14:26:55.109,304,1485.826
2026-07-27 14:26:55.110,324,1583.578
2026-07-27 14:26:55.112,337,1647.116
2026-07-27 14:26:55.155,348,1700.88
2026-07-27 14:26:55.155,347,1695.992
2026-07-27 14:26:55.155,341,1666.667
2026-07-27 14:26:55.155,338,1652.004
2026-07-27 14:26:55.155,341,1666.667
2026-07-27 14:26:55.156,343,1676.442
2026-07-27 14:26:55.156,342,1671.554
2026-07-27 14:26:55.156,343,1676.442
2026-07-27 14:26:55.158,347,1695.992
2026-07-27 14:26:55.203,349,1705.767
2026-07-27 14:26:55.203,349,1705.767
2026-07-27 14:26:55.203,350,1710.655
2026-07-27 14:26:55.204,351,1715.543
2026-07-27 14:26:55.204,353,1725.318
2026-07-27 14:26:55.204,352,1720.43
2026-07-27 14:26:55.204,352,1720.43
2026-07-27 14:26:55.204,353,1725.318
2026-07-27 14:26:55.249,355,1735.093
2026-07-27 14:26:55.249,358,1749.756
2026-07-27 14:26:55.249,359,1754.643
2026-07-27 14:26:55.249,360,1759.531
2026-07-27 14:26:55.249,365,1783.969
2026-07-27 14:26:55.249,371,1813.294
2026-07-27 14:26:55.249,377,1842.62
2026-07-27 14:26:55.249,385,1881.72
2026-07-27 14:26:55.249,391,1911.046
2026-07-27 14:26:55.253,399,1950.147
2026-07-27 14:26:55.295,409,1999.022
2026-07-27 14:26:55.295,418,2043.011
2026-07-27 14:26:55.295,426,2082.111
2026-07-27 14:26:55.295,433,2116.325
2026-07-27 14:26:55.295,438,2140.762
2026-07-27 14:26:55.295,442,2160.313
2026-07-27 14:26:55.296,445,2174.976
2026-07-27 14:26:55.296,444,2170.088
2026-07-27 14:26:55.341,436,2130.987
2026-07-27 14:26:55.341,422,2062.561
2026-07-27 14:26:55.341,404,1974.585
2026-07-27 14:26:55.341,386,1886.608
2026-07-27 14:26:55.341,369,1803.519
2026-07-27 14:26:55.342,351,1715.543
2026-07-27 14:26:55.342,333,1627.566
2026-07-27 14:26:55.342,320,1564.027
2026-07-27 14:26:55.342,311,1520.039
2026-07-27 14:26:55.408,303,1480.938
2026-07-27 14:26:55.408,296,1446.725
2026-07-27 14:26:55.409,291,1422.287
2026-07-27 14:26:55.409,293,1432.063
2026-07-27 14:26:55.409,293,1432.063
2026-07-27 14:26:55.412,288,1407.625
2026-07-27 14:26:55.412,286,1397.849
2026-07-27 14:26:55.412,286,1397.849
2026-07-27 14:26:55.412,290,1417.4
2026-07-27 14:26:55.412,291,1422.287
2026-07-27 14:26:55.413,292,1427.175
2026-07-27 14:26:55.413,293,1432.063
2026-07-27 14:26:55.419,295,1441.838
2026-07-27 14:26:55.419,296,1446.725
2026-07-27 14:26:55.431,301,1471.163
2026-07-27 14:26:55.431,303,1480.938
2026-07-27 14:26:55.431,302,1476.051
2026-07-27 14:26:55.436,303,1480.938
2026-07-27 14:26:55.439,305,1490.714
2026-07-27 14:26:55.482,305,1490.714
2026-07-27 14:26:55.482,306,1495.601
2026-07-27 14:26:55.482,308,1505.376
2026-07-27 14:26:55.482,313,1529.814
2026-07-27 14:26:55.484,316,1544.477
2026-07-27 14:26:55.484,314,1534.702
2026-07-27 14:26:55.484,304,1485.826
2026-07-27 14:26:55.484,303,1480.938
2026-07-27 14:26:55.487,307,1500.489
2026-07-27 14:26:55.527,308,1505.376
2026-07-27 14:26:55.527,307,1500.489
2026-07-27 14:26:55.527,305,1490.714
2026-07-27 14:26:55.527,304,1485.826
2026-07-27 14:26:55.527,305,1490.714
2026-07-27 14:26:55.527,306,1495.601
2026-07-27 14:26:55.528,300,1466.276
2026-07-27 14:26:55.528,297,1451.613
2026-07-27 14:26:55.574,299,1461.388
2026-07-27 14:26:55.574,304,1485.826
2026-07-27 14:26:55.574,300,1466.276
2026-07-27 14:26:55.574,299,1461.388
2026-07-27 14:26:55.575,305,1490.714
2026-07-27 14:26:55.575,308,1505.376
2026-07-27 14:26:55.575,304,1485.826
2026-07-27 14:26:55.575,300,1466.276
2026-07-27 14:26:55.576,300,1466.276
2026-07-27 14:26:55.580,297,1451.613
2026-07-27 14:26:55.619,302,1476.051
2026-07-27 14:26:55.620,299,1461.388
2026-07-27 14:26:55.620,300,1466.276
2026-07-27 14:26:55.620,302,1476.051
2026-07-27 14:26:55.620,302,1476.051
2026-07-27 14:26:55.620,304,1485.826
2026-07-27 14:26:55.620,307,1500.489
2026-07-27 14:26:55.622,311,1520.039
2026-07-27 14:26:55.666,312,1524.927
2026-07-27 14:26:55.666,319,1559.14
2026-07-27 14:26:55.666,323,1578.69
2026-07-27 14:26:55.666,325,1588.465
2026-07-27 14:26:55.666,324,1583.578
2026-07-27 14:26:55.666,327,1598.24
2026-07-27 14:26:55.666,332,1622.678
2026-07-27 14:26:55.666,332,1622.678
2026-07-27 14:26:55.668,330,1612.903
2026-07-27 14:26:55.711,328,1603.128
2026-07-27 14:26:55.711,328,1603.128
2026-07-27 14:26:55.711,329,1608.016
2026-07-27 14:26:55.711,330,1612.903
2026-07-27 14:26:55.711,329,1608.016
2026-07-27 14:26:55.712,328,1603.128
2026-07-27 14:26:55.712,331,1617.791
2026-07-27 14:26:55.712,329,1608.016
2026-07-27 14:26:55.715,331,1617.791
2026-07-27 14:26:55.757,332,1622.678
2026-07-27 14:26:55.758,333,1627.566
2026-07-27 14:26:55.758,333,1627.566
2026-07-27 14:26:55.758,332,1622.678
2026-07-27 14:26:55.758,328,1603.128
2026-07-27 14:26:55.758,330,1612.903
2026-07-27 14:26:55.758,333,1627.566
2026-07-27 14:26:55.758,334,1632.454
2026-07-27 14:26:55.762,335,1637.341
2026-07-27 14:26:55.805,332,1622.678
2026-07-27 14:26:55.805,316,1544.477
2026-07-27 14:26:55.805,294,1436.95
2026-07-27 14:26:55.805,271,1324.536
2026-07-27 14:26:55.805,247,1207.234
2026-07-27 14:26:55.806,230,1124.145
2026-07-27 14:26:55.806,218,1065.494
2026-07-27 14:26:55.806,212,1036.168
2026-07-27 14:26:55.808,209,1021.505
2026-07-27 14:26:55.851,210,1026.393
2026-07-27 14:26:55.851,212,1036.168
2026-07-27 14:26:55.851,211,1031.281
2026-07-27 14:26:55.851,210,1026.393
2026-07-27 14:26:55.851,208,1016.618
2026-07-27 14:26:55.851,208,1016.618
2026-07-27 14:26:55.851,208,1016.618
2026-07-27 14:26:55.852,210,1026.393
2026-07-27 14:26:55.855,210,1026.393
2026-07-27 14:26:55.898,210,1026.393
2026-07-27 14:26:55.898,207,1011.73
2026-07-27 14:26:55.898,204,997.067
2026-07-27 14:26:55.898,202,987.292
2026-07-27 14:26:55.898,200,977.517
2026-07-27 14:26:55.899,196,957.967
2026-07-27 14:26:55.917,197,962.854
2026-07-27 14:26:55.918,201,982.405
2026-07-27 14:26:55.919,208,1016.618
2026-07-27 14:26:55.919,210,1026.393
2026-07-27 14:26:55.919,213,1041.056
2026-07-27 14:26:55.919,218,1065.494
2026-07-27 14:26:55.923,225,1099.707
2026-07-27 14:26:55.960,232,1133.92
2026-07-27 14:26:55.961,245,1197.458
2026-07-27 14:26:55.961,264,1290.323
2026-07-27 14:26:55.961,301,1471.163
2026-07-27 14:26:55.961,358,1749.756
2026-07-27 14:26:55.961,411,2008.798
2026-07-27 14:26:55.961,362,1769.306
2026-07-27 14:26:55.964,217,1060.606
2026-07-27 14:26:56.007,114,557.185
2026-07-27 14:26:56.007,105,513.196
2026-07-27 14:26:56.007,172,840.665
2026-07-27 14:26:56.007,220,1075.269
2026-07-27 14:26:56.007,240,1173.021
2026-07-27 14:26:56.007,253,1236.559
2026-07-27 14:26:56.007,265,1295.21
2026-07-27 14:26:56.007,270,1319.648
2026-07-27 14:26:56.012,272,1329.423
2026-07-27 14:26:56.052,271,1324.536
2026-07-27 14:26:56.052,275,1344.086
2026-07-27 14:26:56.053,280,1368.524
2026-07-27 14:26:56.053,283,1383.187
2026-07-27 14:26:56.053,285,1392.962
2026-07-27 14:26:56.053,286,1397.849
2026-07-27 14:26:56.053,289,1412.512
2026-07-27 14:26:56.053,293,1432.063
2026-07-27 14:26:56.082,296,1446.725
2026-07-27 14:26:56.083,296,1446.725
2026-07-27 14:26:56.083,299,1461.388
2026-07-27 14:26:56.083,304,1485.826
2026-07-27 14:26:56.083,309,1510.264
2026-07-27 14:26:56.085,313,1529.814
2026-07-27 14:26:56.090,318,1554.252
2026-07-27 14:26:56.095,322,1573.803
2026-07-27 14:26:56.129,326,1593.353
2026-07-27 14:26:56.129,326,1593.353
2026-07-27 14:26:56.129,330,1612.903
2026-07-27 14:26:56.129,336,1642.229
2026-07-27 14:26:56.129,342,1671.554
2026-07-27 14:26:56.129,348,1700.88
2026-07-27 14:26:56.131,354,1730.205
2026-07-27 14:26:56.160,363,1774.194
2026-07-27 14:26:56.160,372,1818.182
2026-07-27 14:26:56.160,379,1852.395
2026-07-27 14:26:56.160,391,1911.046
2026-07-27 14:26:56.160,401,1959.922
2026-07-27 14:26:56.162,409,1999.022
2026-07-27 14:26:56.190,416,2033.236
2026-07-27 14:26:56.190,419,2047.898
2026-07-27 14:26:56.190,419,2047.898
2026-07-27 14:26:56.191,416,2033.236
2026-07-27 14:26:56.191,408,1994.135
2026-07-27 14:26:56.195,393,1920.821
2026-07-27 14:26:56.199,377,1842.62
2026-07-27 14:26:56.236,362,1769.306
2026-07-27 14:26:56.237,347,1695.992
2026-07-27 14:26:56.237,333,1627.566
2026-07-27 14:26:56.237,323,1578.69
2026-07-27 14:26:56.237,316,1544.477
2026-07-27 14:26:56.237,312,1524.927
2026-07-27 14:26:56.237,310,1515.152
2026-07-27 14:26:56.268,308,1505.376
2026-07-27 14:26:56.268,308,1505.376
2026-07-27 14:26:56.268,306,1495.601
2026-07-27 14:26:56.268,304,1485.826
2026-07-27 14:26:56.268,307,1500.489
2026-07-27 14:26:56.269,310,1515.152
2026-07-27 14:26:56.271,310,1515.152
2026-07-27 14:26:56.314,310,1515.152
2026-07-27 14:26:56.314,312,1524.927
2026-07-27 14:26:56.314,314,1534.702
2026-07-27 14:26:56.314,314,1534.702
2026-07-27 14:26:56.314,315,1539.589
2026-07-27 14:26:56.314,317,1549.365
2026-07-27 14:26:56.314,317,1549.365
2026-07-27 14:26:56.314,321,1568.915
2026-07-27 14:26:56.318,322,1573.803
2026-07-27 14:26:56.346,320,1564.027
2026-07-27 14:26:56.346,317,1549.365
2026-07-27 14:26:56.346,318,1554.252
2026-07-27 14:26:56.346,322,1573.803
2026-07-27 14:26:56.346,327,1598.24
2026-07-27 14:26:56.349,330,1612.903
2026-07-27 14:26:56.392,332,1622.678
2026-07-27 14:26:56.393,332,1622.678
2026-07-27 14:26:56.393,332,1622.678
2026-07-27 14:26:56.393,337,1647.116
2026-07-27 14:26:56.393,342,1671.554
2026-07-27 14:26:56.393,344,1681.329
2026-07-27 14:26:56.393,343,1676.442
2026-07-27 14:26:56.401,344,1681.329
2026-07-27 14:26:56.401,347,1695.992
2026-07-27 14:26:56.402,348,1700.88
2026-07-27 14:26:56.453,350,1710.655
2026-07-27 14:26:56.456,354,1730.205
2026-07-27 14:26:56.456,357,1744.868
2026-07-27 14:26:56.456,362,1769.306
2026-07-27 14:26:56.456,365,1783.969
2026-07-27 14:26:56.456,366,1788.856
2026-07-27 14:26:56.456,369,1803.519
2026-07-27 14:26:56.456,370,1808.407
2026-07-27 14:26:56.457,372,1818.182
2026-07-27 14:26:56.457,374,1827.957
2026-07-27 14:26:56.459,370,1808.407
2026-07-27 14:26:56.499,371,1813.294
2026-07-27 14:26:56.500,376,1837.732
2026-07-27 14:26:56.500,383,1871.945
2026-07-27 14:26:56.500,384,1876.833
2026-07-27 14:26:56.500,378,1847.507
2026-07-27 14:26:56.500,374,1827.957
2026-07-27 14:26:56.500,379,1852.395
2026-07-27 14:26:56.505,381,1862.17
2026-07-27 14:26:56.509,379,1852.395
2026-07-27 14:26:56.512,380,1857.283
2026-07-27 14:26:56.560,380,1857.283
2026-07-27 14:26:56.560,378,1847.507
2026-07-27 14:26:56.560,376,1837.732
2026-07-27 14:26:56.561,381,1862.17
2026-07-27 14:26:56.561,387,1891.496
2026-07-27 14:26:56.561,390,1906.158
2026-07-27 14:26:56.561,389,1901.271
2026-07-27 14:26:56.561,388,1896.383
2026-07-27 14:26:56.561,389,1901.271
2026-07-27 14:26:56.563,392,1915.934
2026-07-27 14:26:56.609,391,1911.046
2026-07-27 14:26:56.609,388,1896.383
2026-07-27 14:26:56.609,386,1886.608
2026-07-27 14:26:56.609,384,1876.833
2026-07-27 14:26:56.609,385,1881.72
2026-07-27 14:26:56.609,387,1891.496
2026-07-27 14:26:56.610,386,1886.608
2026-07-27 14:26:56.610,380,1857.283
2026-07-27 14:26:56.618,378,1847.507
2026-07-27 14:26:56.619,380,1857.283
2026-07-27 14:26:56.621,380,1857.283
2026-07-27 14:26:56.625,373,1823.069
2026-07-27 14:26:56.670,368,1798.631
2026-07-27 14:26:56.670,366,1788.856
2026-07-27 14:26:56.670,370,1808.407
2026-07-27 14:26:56.670,372,1818.182
2026-07-27 14:26:56.670,368,1798.631
2026-07-27 14:26:56.670,366,1788.856
2026-07-27 14:26:56.670,365,1783.969
2026-07-27 14:26:56.670,364,1779.081
2026-07-27 14:26:56.672,366,1788.856
2026-07-27 14:26:56.716,369,1803.519
2026-07-27 14:26:56.716,373,1823.069
2026-07-27 14:26:56.716,373,1823.069
2026-07-27 14:26:56.717,370,1808.407
2026-07-27 14:26:56.717,367,1793.744
2026-07-27 14:26:56.717,360,1759.531
2026-07-27 14:26:56.717,356,1739.98
2026-07-27 14:26:56.717,358,1749.756
2026-07-27 14:26:56.719,355,1735.093
2026-07-27 14:26:56.761,348,1700.88
2026-07-27 14:26:56.761,347,1695.992
2026-07-27 14:26:56.762,346,1691.105
2026-07-27 14:26:56.762,348,1700.88
2026-07-27 14:26:56.762,352,1720.43
2026-07-27 14:26:56.762,352,1720.43
2026-07-27 14:26:56.762,350,1710.655
2026-07-27 14:26:56.762,348,1700.88
2026-07-27 14:26:56.765,358,1749.756
2026-07-27 14:26:56.809,374,1827.957
2026-07-27 14:26:56.809,404,1974.585
2026-07-27 14:26:56.810,459,2243.402
2026-07-27 14:26:56.810,526,2570.87
2026-07-27 14:26:56.811,507,2478.006
2026-07-27 14:26:56.811,385,1881.72
2026-07-27 14:26:56.811,275,1344.086
2026-07-27 14:26:56.813,223,1089.932
2026-07-27 14:26:56.813,273,1334.311
2026-07-27 14:26:56.818,336,1642.229
2026-07-27 14:26:56.853,365,1783.969
2026-07-27 14:26:56.853,382,1867.058
2026-07-27 14:26:56.853,397,1940.371
2026-07-27 14:26:56.854,398,1945.259
2026-07-27 14:26:56.854,387,1891.496
2026-07-27 14:26:56.854,381,1862.17
2026-07-27 14:26:56.854,386,1886.608
2026-07-27 14:26:56.884,386,1886.608
2026-07-27 14:26:56.884,377,1842.62
2026-07-27 14:26:56.884,368,1798.631
2026-07-27 14:26:56.885,362,1769.306
2026-07-27 14:26:56.885,357,1744.868
2026-07-27 14:26:56.885,350,1710.655
2026-07-27 14:26:56.916,344,1681.329
2026-07-27 14:26:56.916,342,1671.554
2026-07-27 14:26:56.916,343,1676.442
2026-07-27 14:26:56.916,343,1676.442
2026-07-27 14:26:56.916,346,1691.105
2026-07-27 14:26:56.922,350,1710.655
2026-07-27 14:26:56.922,350,1710.655
2026-07-27 14:26:56.931,353,1725.318
2026-07-27 14:26:56.934,357,1744.868
2026-07-27 14:26:56.937,361,1764.418
2026-07-27 14:26:56.978,363,1774.194
2026-07-27 14:26:56.978,366,1788.856
2026-07-27 14:26:56.978,367,1793.744
2026-07-27 14:26:56.978,372,1818.182
2026-07-27 14:26:56.979,380,1857.283
2026-07-27 14:26:56.979,393,1920.821
2026-07-27 14:26:56.979,408,1994.135
2026-07-27 14:26:56.979,415,2028.348
2026-07-27 14:26:57.009,416,2033.236
2026-07-27 14:26:57.009,423,2067.449
2026-07-27 14:26:57.009,432,2111.437
2026-07-27 14:26:57.010,439,2145.65
2026-07-27 14:26:57.010,443,2165.2
2026-07-27 14:26:57.056,449,2194.526
2026-07-27 14:26:57.057,448,2189.638
2026-07-27 14:26:57.057,438,2140.762
2026-07-27 14:26:57.057,421,2057.674
2026-07-27 14:26:57.057,401,1959.922
2026-07-27 14:26:57.057,384,1876.833
2026-07-27 14:26:57.057,366,1788.856
2026-07-27 14:26:57.057,352,1720.43
2026-07-27 14:26:57.057,340,1661.779
2026-07-27 14:26:57.057,332,1622.678
2026-07-27 14:26:57.087,326,1593.353
2026-07-27 14:26:57.087,317,1549.365
2026-07-27 14:26:57.088,314,1534.702
2026-07-27 14:26:57.088,312,1524.927
2026-07-27 14:26:57.088,312,1524.927
2026-07-27 14:26:57.088,312,1524.927
2026-07-27 14:26:57.118,309,1510.264
2026-07-27 14:26:57.118,309,1510.264
2026-07-27 14:26:57.118,311,1520.039
2026-07-27 14:26:57.118,313,1529.814
2026-07-27 14:26:57.118,315,1539.589
2026-07-27 14:26:57.123,316,1544.477
2026-07-27 14:26:57.124,317,1549.365
2026-07-27 14:26:57.166,318,1554.252
2026-07-27 14:26:57.166,319,1559.14
2026-07-27 14:26:57.166,318,1554.252
2026-07-27 14:26:57.166,320,1564.027
2026-07-27 14:26:57.166,320,1564.027
2026-07-27 14:26:57.166,320,1564.027
2026-07-27 14:26:57.166,318,1554.252
2026-07-27 14:26:57.167,317,1549.365
2026-07-27 14:26:57.171,315,1539.589
2026-07-27 14:26:57.214,312,1524.927
2026-07-27 14:26:57.214,312,1524.927
2026-07-27 14:26:57.215,313,1529.814
2026-07-27 14:26:57.215,315,1539.589
2026-07-27 14:26:57.216,314,1534.702
2026-07-27 14:26:57.216,316,1544.477
2026-07-27 14:26:57.216,320,1564.027
2026-07-27 14:26:57.217,322,1573.803
2026-07-27 14:26:57.218,324,1583.578
2026-07-27 14:26:57.260,326,1593.353
2026-07-27 14:26:57.260,327,1598.24
2026-07-27 14:26:57.260,329,1608.016
2026-07-27 14:26:57.260,330,1612.903
2026-07-27 14:26:57.260,334,1632.454
2026-07-27 14:26:57.261,336,1642.229
2026-07-27 14:26:57.261,339,1656.891
2026-07-27 14:26:57.262,338,1652.004
2026-07-27 14:26:57.265,331,1617.791
2026-07-27 14:26:57.306,327,1598.24
2026-07-27 14:26:57.307,325,1588.465
2026-07-27 14:26:57.307,326,1593.353
2026-07-27 14:26:57.307,325,1588.465
2026-07-27 14:26:57.307,326,1593.353
2026-07-27 14:26:57.307,328,1603.128
2026-07-27 14:26:57.307,332,1622.678
2026-07-27 14:26:57.307,332,1622.678
2026-07-27 14:26:57.353,326,1593.353
2026-07-27 14:26:57.354,325,1588.465
2026-07-27 14:26:57.354,324,1583.578
2026-07-27 14:26:57.354,326,1593.353
2026-07-27 14:26:57.354,325,1588.465
2026-07-27 14:26:57.354,324,1583.578
2026-07-27 14:26:57.354,323,1578.69
2026-07-27 14:26:57.355,321,1568.915
2026-07-27 14:26:57.355,318,1554.252
2026-07-27 14:26:57.358,315,1539.589
2026-07-27 14:26:57.401,313,1529.814
2026-07-27 14:26:57.401,311,1520.039
2026-07-27 14:26:57.401,312,1524.927
2026-07-27 14:26:57.401,311,1520.039
2026-07-27 14:26:57.401,309,1510.264
2026-07-27 14:26:57.401,311,1520.039
2026-07-27 14:26:57.401,313,1529.814
2026-07-27 14:26:57.401,312,1524.927
2026-07-27 14:26:57.405,311,1520.039
2026-07-27 14:26:57.448,316,1544.477
2026-07-27 14:26:57.448,318,1554.252
2026-07-27 14:26:57.448,313,1529.814
2026-07-27 14:26:57.448,308,1505.376
2026-07-27 14:26:57.448,309,1510.264
2026-07-27 14:26:57.448,306,1495.601
2026-07-27 14:26:57.448,305,1490.714
2026-07-27 14:26:57.449,306,1495.601
2026-07-27 14:26:57.452,312,1524.927
2026-07-27 14:26:57.495,313,1529.814
2026-07-27 14:26:57.495,310,1515.152
2026-07-27 14:26:57.495,308,1505.376
2026-07-27 14:26:57.495,311,1520.039
2026-07-27 14:26:57.495,316,1544.477
2026-07-27 14:26:57.495,318,1554.252
2026-07-27 14:26:57.496,317,1549.365
2026-07-27 14:26:57.496,318,1554.252
2026-07-27 14:26:57.499,317,1549.365
2026-07-27 14:26:57.542,311,1520.039
2026-07-27 14:26:57.542,308,1505.376
2026-07-27 14:26:57.542,307,1500.489
2026-07-27 14:26:57.542,308,1505.376
2026-07-27 14:26:57.543,303,1480.938
2026-07-27 14:26:57.543,298,1456.5
2026-07-27 14:26:57.543,293,1432.063
2026-07-27 14:26:57.543,290,1417.4
2026-07-27 14:26:57.546,291,1422.287
2026-07-27 14:26:57.588,289,1412.512
2026-07-27 14:26:57.588,288,1407.625
2026-07-27 14:26:57.588,290,1417.4
2026-07-27 14:26:57.588,294,1436.95
2026-07-27 14:26:57.588,298,1456.5
2026-07-27 14:26:57.589,300,1466.276
2026-07-27 14:26:57.589,302,1476.051
2026-07-27 14:26:57.592,303,1480.938
2026-07-27 14:26:57.592,310,1515.152
2026-07-27 14:26:57.634,324,1583.578
2026-07-27 14:26:57.634,357,1744.868
2026-07-27 14:26:57.634,423,2067.449
2026-07-27 14:26:57.634,504,2463.343
2026-07-27 14:26:57.634,505,2468.231
2026-07-27 14:26:57.634,368,1798.631
2026-07-27 14:26:57.635,229,1119.257
2026-07-27 14:26:57.635,151,738.025
2026-07-27 14:26:57.665,190,928.641
2026-07-27 14:26:57.665,261,1275.66
2026-07-27 14:26:57.665,291,1422.287
2026-07-27 14:26:57.665,307,1500.489
2026-07-27 14:26:57.665,326,1593.353
2026-07-27 14:26:57.666,332,1622.678
2026-07-27 14:26:57.695,328,1603.128
2026-07-27 14:26:57.695,322,1573.803
2026-07-27 14:26:57.696,328,1603.128
2026-07-27 14:26:57.696,332,1622.678
2026-07-27 14:26:57.696,334,1632.454
2026-07-27 14:26:57.696,336,1642.229
2026-07-27 14:26:57.728,340,1661.779
2026-07-27 14:26:57.728,345,1686.217
2026-07-27 14:26:57.728,350,1710.655
2026-07-27 14:26:57.728,354,1730.205
2026-07-27 14:26:57.729,359,1754.643
2026-07-27 14:26:57.730,361,1764.418
2026-07-27 14:26:57.734,367,1793.744
2026-07-27 14:26:57.738,373,1823.069
2026-07-27 14:26:57.773,376,1837.732
2026-07-27 14:26:57.773,380,1857.283
2026-07-27 14:26:57.773,385,1881.72
2026-07-27 14:26:57.773,386,1886.608
2026-07-27 14:26:57.774,390,1906.158
2026-07-27 14:26:57.774,399,1950.147
2026-07-27 14:26:57.774,405,1979.472
2026-07-27 14:26:57.804,411,2008.798
2026-07-27 14:26:57.804,418,2043.011
2026-07-27 14:26:57.804,425,2077.224
2026-07-27 14:26:57.804,434,2121.212
2026-07-27 14:26:57.805,444,2170.088
2026-07-27 14:26:57.805,455,2223.851
2026-07-27 14:26:57.835,462,2258.065
2026-07-27 14:26:57.835,470,2297.165
2026-07-27 14:26:57.836,478,2336.266
2026-07-27 14:26:57.836,482,2355.816
2026-07-27 14:26:57.836,484,2365.591
2026-07-27 14:26:57.837,483,2360.704
2026-07-27 14:26:57.866,474,2316.716
2026-07-27 14:26:57.866,461,2253.177
2026-07-27 14:26:57.866,444,2170.088
2026-07-27 14:26:57.866,423,2067.449
2026-07-27 14:26:57.866,401,1959.922
2026-07-27 14:26:57.868,378,1847.507
2026-07-27 14:26:57.897,361,1764.418
2026-07-27 14:26:57.897,348,1700.88
2026-07-27 14:26:57.897,338,1652.004
2026-07-27 14:26:57.897,330,1612.903
2026-07-27 14:26:57.897,325,1588.465
2026-07-27 14:26:57.899,320,1564.027
2026-07-27 14:26:57.928,314,1534.702
2026-07-27 14:26:57.928,309,1510.264
2026-07-27 14:26:57.928,306,1495.601
2026-07-27 14:26:57.928,305,1490.714
2026-07-27 14:26:57.929,302,1476.051
2026-07-27 14:26:57.959,302,1476.051
2026-07-27 14:26:57.959,302,1476.051
2026-07-27 14:26:57.959,302,1476.051
2026-07-27 14:26:57.960,303,1480.938
2026-07-27 14:26:57.960,304,1485.826
2026-07-27 14:26:57.960,305,1490.714
2026-07-27 14:26:57.962,304,1485.826
2026-07-27 14:26:57.990,304,1485.826
2026-07-27 14:26:57.994,309,1510.264
2026-07-27 14:26:57.994,308,1505.376
2026-07-27 14:26:57.994,305,1490.714
2026-07-27 14:26:57.994,307,1500.489
2026-07-27 14:26:57.994,309,1510.264
2026-07-27 14:26:58.037,312,1524.927
2026-07-27 14:26:58.038,312,1524.927
2026-07-27 14:26:58.038,311,1520.039
2026-07-27 14:26:58.038,312,1524.927
2026-07-27 14:26:58.038,313,1529.814
2026-07-27 14:26:58.038,313,1529.814
2026-07-27 14:26:58.038,313,1529.814
2026-07-27 14:26:58.038,314,1534.702
2026-07-27 14:26:58.042,316,1544.477
2026-07-27 14:26:58.045,318,1554.252
2026-07-27 14:26:58.083,321,1568.915
2026-07-27 14:26:58.084,324,1583.578
2026-07-27 14:26:58.084,326,1593.353
2026-07-27 14:26:58.084,327,1598.24
2026-07-27 14:26:58.084,329,1608.016
2026-07-27 14:26:58.084,332,1622.678
2026-07-27 14:26:58.084,331,1617.791
2026-07-27 14:26:58.086,330,1612.903
2026-07-27 14:26:58.115,333,1627.566
2026-07-27 14:26:58.115,333,1627.566
2026-07-27 14:26:58.115,334,1632.454
2026-07-27 14:26:58.115,335,1637.341
2026-07-27 14:26:58.115,334,1632.454
2026-07-27 14:26:58.118,333,1627.566
2026-07-27 14:26:58.146,331,1617.791
2026-07-27 14:26:58.146,330,1612.903
2026-07-27 14:26:58.146,329,1608.016
2026-07-27 14:26:58.146,328,1603.128
2026-07-27 14:26:58.146,330,1612.903
2026-07-27 14:26:58.150,331,1617.791
2026-07-27 14:26:58.154,333,1627.566
2026-07-27 14:26:58.192,334,1632.454
2026-07-27 14:26:58.192,334,1632.454
2026-07-27 14:26:58.192,333,1627.566
2026-07-27 14:26:58.192,336,1642.229
2026-07-27 14:26:58.192,344,1681.329
2026-07-27 14:26:58.192,348,1700.88
2026-07-27 14:26:58.192,346,1691.105
2026-07-27 14:26:58.196,341,1666.667
2026-07-27 14:26:58.222,338,1652.004
2026-07-27 14:26:58.223,342,1671.554
2026-07-27 14:26:58.223,347,1695.992
2026-07-27 14:26:58.223,348,1700.88
2026-07-27 14:26:58.223,347,1695.992
2026-07-27 14:26:58.227,343,1676.442
2026-07-27 14:26:58.253,340,1661.779
2026-07-27 14:26:58.253,336,1642.229
2026-07-27 14:26:58.253,335,1637.341
2026-07-27 14:26:58.253,334,1632.454
2026-07-27 14:26:58.254,332,1622.678
2026-07-27 14:26:58.258,331,1617.791
2026-07-27 14:26:58.284,334,1632.454
2026-07-27 14:26:58.284,335,1637.341
2026-07-27 14:26:58.285,333,1627.566
2026-07-27 14:26:58.285,332,1622.678
2026-07-27 14:26:58.285,333,1627.566
2026-07-27 14:26:58.315,334,1632.454
2026-07-27 14:26:58.315,331,1617.791
2026-07-27 14:26:58.315,329,1608.016
2026-07-27 14:26:58.315,330,1612.903
2026-07-27 14:26:58.315,330,1612.903
2026-07-27 14:26:58.315,330,1612.903
2026-07-27 14:26:58.347,333,1627.566
2026-07-27 14:26:58.347,332,1622.678
2026-07-27 14:26:58.347,328,1603.128
2026-07-27 14:26:58.347,320,1564.027
2026-07-27 14:26:58.348,311,1520.039
2026-07-27 14:26:58.348,303,1480.938
2026-07-27 14:26:58.352,299,1461.388
2026-07-27 14:26:58.378,297,1451.613
2026-07-27 14:26:58.378,291,1422.287
2026-07-27 14:26:58.378,287,1402.737
2026-07-27 14:26:58.378,287,1402.737
2026-07-27 14:26:58.378,288,1407.625
2026-07-27 14:26:58.409,287,1402.737
2026-07-27 14:26:58.409,287,1402.737
2026-07-27 14:26:58.409,289,1412.512
2026-07-27 14:26:58.409,286,1397.849
2026-07-27 14:26:58.409,288,1407.625
2026-07-27 14:26:58.409,299,1461.388
2026-07-27 14:26:58.440,329,1608.016
2026-07-27 14:26:58.440,390,1906.158
2026-07-27 14:26:58.440,481,2350.929
2026-07-27 14:26:58.441,532,2600.196
2026-07-27 14:26:58.441,425,2077.224
2026-07-27 14:26:58.442,259,1265.885
2026-07-27 14:26:58.446,154,752.688
2026-07-27 14:26:58.451,177,865.103
2026-07-27 14:26:58.501,260,1270.772
2026-07-27 14:26:58.501,302,1476.051
2026-07-27 14:26:58.502,321,1568.915
2026-07-27 14:26:58.502,342,1671.554
2026-07-27 14:26:58.502,353,1725.318
2026-07-27 14:26:58.502,350,1710.655
2026-07-27 14:26:58.502,342,1671.554
2026-07-27 14:26:58.505,339,1656.891
2026-07-27 14:26:58.505,342,1671.554
2026-07-27 14:26:58.505,346,1691.105
2026-07-27 14:26:58.508,351,1715.543
2026-07-27 14:26:58.548,352,1720.43
2026-07-27 14:26:58.548,352,1720.43
2026-07-27 14:26:58.548,354,1730.205
2026-07-27 14:26:58.548,354,1730.205
2026-07-27 14:26:58.548,353,1725.318
2026-07-27 14:26:58.549,351,1715.543
2026-07-27 14:26:58.549,351,1715.543
2026-07-27 14:26:58.552,352,1720.43
2026-07-27 14:26:58.555,353,1725.318
2026-07-27 14:26:58.593,355,1735.093
2026-07-27 14:26:58.593,356,1739.98
2026-07-27 14:26:58.593,355,1735.093
2026-07-27 14:26:58.594,348,1700.88
2026-07-27 14:26:58.594,341,1666.667
2026-07-27 14:26:58.594,336,1642.229
2026-07-27 14:26:58.594,338,1652.004
2026-07-27 14:26:58.596,341,1666.667
2026-07-27 14:26:58.639,348,1700.88
2026-07-27 14:26:58.640,355,1735.093
2026-07-27 14:26:58.640,362,1769.306
2026-07-27 14:26:58.640,369,1803.519
2026-07-27 14:26:58.640,379,1852.395
2026-07-27 14:26:58.640,385,1881.72
2026-07-27 14:26:58.640,389,1901.271
2026-07-27 14:26:58.640,394,1925.709
2026-07-27 14:26:58.687,401,1959.922
2026-07-27 14:26:58.687,405,1979.472
2026-07-27 14:26:58.687,405,1979.472
2026-07-27 14:26:58.687,397,1940.371
2026-07-27 14:26:58.687,384,1876.833
2026-07-27 14:26:58.687,366,1788.856
2026-07-27 14:26:58.687,349,1705.767
2026-07-27 14:26:58.688,330,1612.903
2026-07-27 14:26:58.688,314,1534.702
2026-07-27 14:26:58.690,305,1490.714
2026-07-27 14:26:58.733,299,1461.388
2026-07-27 14:26:58.733,292,1427.175
2026-07-27 14:26:58.733,287,1402.737
2026-07-27 14:26:58.733,284,1388.074
2026-07-27 14:26:58.734,281,1373.412
2026-07-27 14:26:58.734,279,1363.636
2026-07-27 14:26:58.734,278,1358.749
2026-07-27 14:26:58.734,280,1368.524
2026-07-27 14:26:58.736,281,1373.412
2026-07-27 14:26:58.780,282,1378.299
2026-07-27 14:26:58.780,282,1378.299
2026-07-27 14:26:58.780,283,1383.187
2026-07-27 14:26:58.780,284,1388.074
2026-07-27 14:26:58.780,284,1388.074
2026-07-27 14:26:58.780,286,1397.849
2026-07-27 14:26:58.781,288,1407.625
2026-07-27 14:26:58.781,288,1407.625
2026-07-27 14:26:58.783,289,1412.512
2026-07-27 14:26:58.826,287,1402.737
2026-07-27 14:26:58.826,291,1422.287
2026-07-27 14:26:58.826,294,1436.95
2026-07-27 14:26:58.826,295,1441.838
2026-07-27 14:26:58.827,294,1436.95
2026-07-27 14:26:58.827,295,1441.838
2026-07-27 14:26:58.827,298,1456.5
2026-07-27 14:26:58.827,298,1456.5
2026-07-27 14:26:58.830,297,1451.613
2026-07-27 14:26:58.874,299,1461.388
2026-07-27 14:26:58.874,301,1471.163
2026-07-27 14:26:58.874,304,1485.826
2026-07-27 14:26:58.874,306,1495.601
2026-07-27 14:26:58.875,305,1490.714
2026-07-27 14:26:58.875,304,1485.826
2026-07-27 14:26:58.875,306,1495.601
2026-07-27 14:26:58.875,308,1505.376
2026-07-27 14:26:58.877,309,1510.264
2026-07-27 14:26:58.920,311,1520.039
2026-07-27 14:26:58.920,314,1534.702
2026-07-27 14:26:58.920,315,1539.589
2026-07-27 14:26:58.920,314,1534.702
2026-07-27 14:26:58.920,313,1529.814
2026-07-27 14:26:58.920,314,1534.702
2026-07-27 14:26:58.921,314,1534.702
2026-07-27 14:26:58.921,316,1544.477
2026-07-27 14:26:58.924,315,1539.589
2026-07-27 14:26:58.968,316,1544.477
2026-07-27 14:26:58.968,316,1544.477
2026-07-27 14:26:58.968,315,1539.589
2026-07-27 14:26:58.968,314,1534.702
2026-07-27 14:26:58.968,315,1539.589
2026-07-27 14:26:58.968,316,1544.477
2026-07-27 14:26:58.969,317,1549.365
2026-07-27 14:26:58.969,319,1559.14
2026-07-27 14:26:59.013,322,1573.803
2026-07-27 14:26:59.014,322,1573.803
2026-07-27 14:26:59.014,322,1573.803
2026-07-27 14:26:59.014,325,1588.465
2026-07-27 14:26:59.014,328,1603.128
2026-07-27 14:26:59.014,329,1608.016
2026-07-27 14:26:59.015,330,1612.903
2026-07-27 14:26:59.015,333,1627.566
2026-07-27 14:26:59.018,338,1652.004
2026-07-27 14:26:59.018,340,1661.779
2026-07-27 14:26:59.061,341,1666.667
2026-07-27 14:26:59.061,343,1676.442
2026-07-27 14:26:59.061,346,1691.105
2026-07-27 14:26:59.062,350,1710.655
2026-07-27 14:26:59.062,352,1720.43
2026-07-27 14:26:59.062,352,1720.43
2026-07-27 14:26:59.062,352,1720.43
2026-07-27 14:26:59.062,352,1720.43
2026-07-27 14:26:59.106,352,1720.43
2026-07-27 14:26:59.106,353,1725.318
2026-07-27 14:26:59.106,354,1730.205
2026-07-27 14:26:59.107,354,1730.205
2026-07-27 14:26:59.107,352,1720.43
2026-07-27 14:26:59.107,351,1715.543
2026-07-27 14:26:59.107,352,1720.43
2026-07-27 14:26:59.107,351,1715.543
2026-07-27 14:26:59.107,352,1720.43
2026-07-27 14:26:59.111,352,1720.43
2026-07-27 14:26:59.153,353,1725.318
2026-07-27 14:26:59.153,358,1749.756
2026-07-27 14:26:59.153,360,1759.531
2026-07-27 14:26:59.153,361,1764.418
2026-07-27 14:26:59.153,360,1759.531
2026-07-27 14:26:59.153,359,1754.643
2026-07-27 14:26:59.153,357,1744.868
2026-07-27 14:26:59.159,355,1735.093
2026-07-27 14:26:59.159,351,1715.543
2026-07-27 14:26:59.163,350,1710.655
2026-07-27 14:26:59.199,349,1705.767
2026-07-27 14:26:59.199,346,1691.105
2026-07-27 14:26:59.199,347,1695.992
2026-07-27 14:26:59.199,349,1705.767
2026-07-27 14:26:59.199,347,1695.992
2026-07-27 14:26:59.199,345,1686.217
2026-07-27 14:26:59.200,346,1691.105
2026-07-27 14:26:59.244,348,1700.88
2026-07-27 14:26:59.245,355,1735.093
2026-07-27 14:26:59.245,370,1808.407
2026-07-27 14:26:59.245,400,1955.034
2026-07-27 14:26:59.245,453,2214.076
2026-07-27 14:26:59.245,534,2609.971
2026-07-27 14:26:59.245,581,2839.687
2026-07-27 14:26:59.245,478,2336.266
2026-07-27 14:26:59.246,295,1441.838
2026-07-27 14:26:59.290,181,884.653
2026-07-27 14:26:59.291,204,997.067
2026-07-27 14:26:59.291,289,1412.512
2026-07-27 14:26:59.291,329,1608.016
2026-07-27 14:26:59.291,340,1661.779
2026-07-27 14:26:59.291,358,1749.756
2026-07-27 14:26:59.291,370,1808.407
2026-07-27 14:26:59.291,367,1793.744
2026-07-27 14:26:59.293,358,1749.756
2026-07-27 14:26:59.338,354,1730.205
2026-07-27 14:26:59.338,357,1744.868
2026-07-27 14:26:59.338,362,1769.306
2026-07-27 14:26:59.338,361,1764.418
2026-07-27 14:26:59.338,360,1759.531
2026-07-27 14:26:59.338,361,1764.418
2026-07-27 14:26:59.338,360,1759.531
2026-07-27 14:26:59.339,363,1774.194
2026-07-27 14:26:59.340,369,1803.519
2026-07-27 14:26:59.383,368,1798.631
2026-07-27 14:26:59.383,365,1783.969
2026-07-27 14:26:59.384,366,1788.856
2026-07-27 14:26:59.384,369,1803.519
2026-07-27 14:26:59.384,369,1803.519
2026-07-27 14:26:59.384,371,1813.294
2026-07-27 14:26:59.384,372,1818.182
2026-07-27 14:26:59.384,374,1827.957
2026-07-27 14:26:59.387,378,1847.507
2026-07-27 14:26:59.430,381,1862.17
2026-07-27 14:26:59.430,387,1891.496
2026-07-27 14:26:59.430,392,1915.934
2026-07-27 14:26:59.430,395,1930.596
2026-07-27 14:26:59.430,400,1955.034
2026-07-27 14:26:59.431,407,1989.247
2026-07-27 14:26:59.431,418,2043.011
2026-07-27 14:26:59.431,431,2106.549
2026-07-27 14:26:59.433,440,2150.538
2026-07-27 14:26:59.478,448,2189.638
2026-07-27 14:26:59.478,449,2194.526
2026-07-27 14:26:59.478,448,2189.638
2026-07-27 14:26:59.479,446,2179.863
2026-07-27 14:26:59.479,440,2150.538
2026-07-27 14:26:59.479,429,2096.774
2026-07-27 14:26:59.479,412,2013.685
2026-07-27 14:26:59.479,394,1925.709
2026-07-27 14:26:59.507,374,1827.957
2026-07-27 14:26:59.507,354,1730.205
2026-07-27 14:26:59.507,338,1652.004
2026-07-27 14:26:59.507,324,1583.578
2026-07-27 14:26:59.507,312,1524.927
2026-07-27 14:26:59.508,304,1485.826
2026-07-27 14:26:59.511,299,1461.388
2026-07-27 14:26:59.554,295,1441.838
2026-07-27 14:26:59.554,291,1422.287
2026-07-27 14:26:59.554,284,1388.074
2026-07-27 14:26:59.556,281,1373.412
2026-07-27 14:26:59.557,280,1368.524
2026-07-27 14:26:59.557,275,1344.086
2026-07-27 14:26:59.557,271,1324.536
2026-07-27 14:26:59.557,270,1319.648
2026-07-27 14:26:59.558,267,1304.985
2026-07-27 14:26:59.601,264,1290.323
2026-07-27 14:26:59.601,263,1285.435
2026-07-27 14:26:59.601,264,1290.323
2026-07-27 14:26:59.602,265,1295.21
2026-07-27 14:26:59.602,259,1265.885
2026-07-27 14:26:59.602,248,1212.121
2026-07-27 14:26:59.602,239,1168.133
2026-07-27 14:26:59.602,232,1133.92
2026-07-27 14:26:59.605,229,1119.257
2026-07-27 14:26:59.646,230,1124.145
2026-07-27 14:26:59.646,229,1119.257
2026-07-27 14:26:59.646,221,1080.156
2026-07-27 14:26:59.646,213,1041.056
2026-07-27 14:26:59.647,216,1055.718
2026-07-27 14:26:59.647,221,1080.156
2026-07-27 14:26:59.647,225,1099.707
2026-07-27 14:26:59.647,229,1119.257
2026-07-27 14:26:59.677,231,1129.032
2026-07-27 14:26:59.677,229,1119.257
2026-07-27 14:26:59.677,228,1114.37
2026-07-27 14:26:59.678,227,1109.482
2026-07-27 14:26:59.678,227,1109.482
2026-07-27 14:26:59.683,228,1114.37
2026-07-27 14:26:59.684,227,1109.482
2026-07-27 14:26:59.723,227,1109.482
2026-07-27 14:26:59.724,228,1114.37
2026-07-27 14:26:59.724,230,1124.145
2026-07-27 14:26:59.724,227,1109.482
2026-07-27 14:26:59.724,219,1070.381
2026-07-27 14:26:59.724,216,1055.718
2026-07-27 14:26:59.724,216,1055.718
2026-07-27 14:26:59.725,213,1041.056
2026-07-27 14:26:59.755,210,1026.393
2026-07-27 14:26:59.755,203,992.18
2026-07-27 14:26:59.755,205,1001.955
2026-07-27 14:26:59.755,210,1026.393
2026-07-27 14:26:59.755,205,1001.955
2026-07-27 14:26:59.756,198,967.742
2026-07-27 14:26:59.786,196,957.967
2026-07-27 14:26:59.787,199,972.63
2026-07-27 14:26:59.787,202,987.292
2026-07-27 14:26:59.787,199,972.63
2026-07-27 14:26:59.787,197,962.854
2026-07-27 14:26:59.788,198,967.742
2026-07-27 14:26:59.817,196,957.967
2026-07-27 14:26:59.817,194,948.192
2026-07-27 14:26:59.817,194,948.192
2026-07-27 14:26:59.817,196,957.967
2026-07-27 14:26:59.818,198,967.742
2026-07-27 14:26:59.818,198,967.742
2026-07-27 14:26:59.849,196,957.967
2026-07-27 14:26:59.849,199,972.63
2026-07-27 14:26:59.849,199,972.63
2026-07-27 14:26:59.849,197,962.854
2026-07-27 14:26:59.849,198,967.742
2026-07-27 14:26:59.850,204,997.067
2026-07-27 14:26:59.880,201,982.405
2026-07-27 14:26:59.880,198,967.742
2026-07-27 14:26:59.880,203,992.18
2026-07-27 14:26:59.880,206,1006.843
2026-07-27 14:26:59.880,208,1016.618
2026-07-27 14:26:59.882,208,1016.618
2026-07-27 14:26:59.910,201,982.405
2026-07-27 14:26:59.910,204,997.067
2026-07-27 14:26:59.910,215,1050.831
2026-07-27 14:26:59.911,215,1050.831
2026-07-27 14:26:59.911,215,1050.831
2026-07-27 14:26:59.912,212,1036.168
2026-07-27 14:26:59.942,215,1050.831
2026-07-27 14:26:59.942,220,1075.269
2026-07-27 14:26:59.942,222,1085.044
2026-07-27 14:26:59.942,221,1080.156
2026-07-27 14:26:59.942,218,1065.494
2026-07-27 14:26:59.943,214,1045.943
2026-07-27 14:26:59.972,212,1036.168
2026-07-27 14:26:59.972,210,1026.393
2026-07-27 14:26:59.972,208,1016.618
2026-07-27 14:26:59.972,214,1045.943
2026-07-27 14:26:59.972,219,1070.381
2026-07-27 14:26:59.976,220,1075.269
2026-07-27 14:26:59.980,221,1080.156
2026-07-27 14:27:00.019,226,1104.594
2026-07-27 14:27:00.019,232,1133.92
2026-07-27 14:27:00.020,237,1158.358
2026-07-27 14:27:00.020,247,1207.234
2026-07-27 14:27:00.042,271,1324.536
2026-07-27 14:27:00.042,322,1573.803
2026-07-27 14:27:00.043,390,1906.158
2026-07-27 14:27:00.043,448,2189.638
2026-07-27 14:27:00.043,411,2008.798
2026-07-27 14:27:00.043,254,1241.447
2026-07-27 14:27:00.043,122,596.285
2026-07-27 14:27:00.043,108,527.859
2026-07-27 14:27:00.082,192,938.416
2026-07-27 14:27:00.086,241,1177.908
2026-07-27 14:27:00.086,242,1182.796
2026-07-27 14:27:00.086,252,1231.672
2026-07-27 14:27:00.086,272,1329.423
2026-07-27 14:27:00.086,271,1324.536
2026-07-27 14:27:00.087,264,1290.323
2026-07-27 14:27:00.088,252,1231.672
2026-07-27 14:27:00.090,248,1212.121
2026-07-27 14:27:00.128,254,1241.447
2026-07-27 14:27:00.128,253,1236.559
2026-07-27 14:27:00.129,249,1217.009
2026-07-27 14:27:00.129,256,1251.222
2026-07-27 14:27:00.129,267,1304.985
2026-07-27 14:27:00.129,263,1285.435
2026-07-27 14:27:00.129,258,1260.997
2026-07-27 14:27:00.130,264,1290.323
2026-07-27 14:27:00.160,273,1334.311
2026-07-27 14:27:00.160,278,1358.749
2026-07-27 14:27:00.160,275,1344.086
2026-07-27 14:27:00.160,276,1348.974
2026-07-27 14:27:00.160,283,1383.187
2026-07-27 14:27:00.161,292,1427.175
2026-07-27 14:27:00.191,293,1432.063
2026-07-27 14:27:00.192,289,1412.512
2026-07-27 14:27:00.192,292,1427.175
2026-07-27 14:27:00.192,302,1476.051
2026-07-27 14:27:00.192,312,1524.927
2026-07-27 14:27:00.194,313,1529.814
2026-07-27 14:27:00.198,321,1568.915
2026-07-27 14:27:00.221,327,1598.24
2026-07-27 14:27:00.222,334,1632.454
2026-07-27 14:27:00.222,346,1691.105
2026-07-27 14:27:00.222,354,1730.205
2026-07-27 14:27:00.224,355,1735.093
2026-07-27 14:27:00.267,360,1759.531
2026-07-27 14:27:00.267,370,1808.407
2026-07-27 14:27:00.267,373,1823.069
2026-07-27 14:27:00.267,368,1798.631
2026-07-27 14:27:00.267,358,1749.756
2026-07-27 14:27:00.267,347,1695.992
2026-07-27 14:27:00.268,332,1622.678
2026-07-27 14:27:00.268,304,1485.826
2026-07-27 14:27:00.271,283,1383.187
2026-07-27 14:27:00.312,270,1319.648
2026-07-27 14:27:00.312,262,1280.547
2026-07-27 14:27:00.312,252,1231.672
2026-07-27 14:27:00.312,234,1143.695
2026-07-27 14:27:00.313,228,1114.37
2026-07-27 14:27:00.313,232,1133.92
2026-07-27 14:27:00.313,232,1133.92
2026-07-27 14:27:00.313,227,1109.482
2026-07-27 14:27:00.358,226,1104.594
2026-07-27 14:27:00.358,223,1089.932
2026-07-27 14:27:00.358,224,1094.819
2026-07-27 14:27:00.358,227,1109.482
2026-07-27 14:27:00.358,224,1094.819
2026-07-27 14:27:00.358,221,1080.156
2026-07-27 14:27:00.358,220,1075.269
2026-07-27 14:27:00.358,218,1065.494
2026-07-27 14:27:00.359,215,1050.831
2026-07-27 14:27:00.405,217,1060.606
2026-07-27 14:27:00.405,212,1036.168
2026-07-27 14:27:00.405,210,1026.393
2026-07-27 14:27:00.405,216,1055.718
2026-07-27 14:27:00.405,217,1060.606
2026-07-27 14:27:00.405,213,1041.056
2026-07-27 14:27:00.406,200,977.517
2026-07-27 14:27:00.406,195,953.079
2026-07-27 14:27:00.406,202,987.292
2026-07-27 14:27:00.451,208,1016.618
2026-07-27 14:27:00.451,209,1021.505
2026-07-27 14:27:00.451,202,987.292
2026-07-27 14:27:00.451,197,962.854
2026-07-27 14:27:00.452,203,992.18
2026-07-27 14:27:00.452,209,1021.505
2026-07-27 14:27:00.452,203,992.18
2026-07-27 14:27:00.452,206,1006.843
2026-07-27 14:27:00.453,206,1006.843
2026-07-27 14:27:00.498,196,957.967
2026-07-27 14:27:00.498,194,948.192
2026-07-27 14:27:00.498,197,962.854
2026-07-27 14:27:00.500,195,953.079
2026-07-27 14:27:00.500,201,982.405
2026-07-27 14:27:00.500,198,967.742
2026-07-27 14:27:00.500,191,933.529
2026-07-27 14:27:00.500,193,943.304
2026-07-27 14:27:00.501,204,997.067
2026-07-27 14:27:00.505,205,1001.955
2026-07-27 14:27:00.545,195,953.079
2026-07-27 14:27:00.546,184,899.316
2026-07-27 14:27:00.546,188,918.866
2026-07-27 14:27:00.546,197,962.854
2026-07-27 14:27:00.546,201,982.405
2026-07-27 14:27:00.546,200,977.517
2026-07-27 14:27:00.546,201,982.405
2026-07-27 14:27:00.546,200,977.517
2026-07-27 14:27:00.595,195,953.079
2026-07-27 14:27:00.595,200,977.517
2026-07-27 14:27:00.595,205,1001.955
2026-07-27 14:27:00.595,203,992.18
2026-07-27 14:27:00.602,206,1006.843
2026-07-27 14:27:00.602,209,1021.505
2026-07-27 14:27:00.602,206,1006.843
2026-07-27 14:27:00.602,211,1031.281
2026-07-27 14:27:00.607,217,1060.606
2026-07-27 14:27:00.608,214,1045.943
2026-07-27 14:27:00.608,215,1050.831
2026-07-27 14:27:00.611,221,1080.156
2026-07-27 14:27:00.614,219,1070.381
2026-07-27 14:27:00.654,216,1055.718
2026-07-27 14:27:00.654,221,1080.156
2026-07-27 14:27:00.654,225,1099.707
2026-07-27 14:27:00.654,227,1109.482
2026-07-27 14:27:00.654,233,1138.807
2026-07-27 14:27:00.654,243,1187.683
2026-07-27 14:27:00.654,238,1163.245
2026-07-27 14:27:00.656,233,1138.807
2026-07-27 14:27:00.700,241,1177.908
2026-07-27 14:27:00.700,258,1260.997
2026-07-27 14:27:00.700,262,1280.547
2026-07-27 14:27:00.700,259,1265.885
2026-07-27 14:27:00.700,257,1256.109
2026-07-27 14:27:00.701,258,1260.997
2026-07-27 14:27:00.701,262,1280.547
2026-07-27 14:27:00.701,265,1295.21
2026-07-27 14:27:00.703,262,1280.547
2026-07-27 14:27:00.747,259,1265.885
2026-07-27 14:27:00.747,261,1275.66
2026-07-27 14:27:00.747,265,1295.21
2026-07-27 14:27:00.747,269,1314.761
2026-07-27 14:27:00.747,274,1339.198
2026-07-27 14:27:00.747,277,1353.861
2026-07-27 14:27:00.747,274,1339.198
2026-07-27 14:27:00.747,274,1339.198
2026-07-27 14:27:00.749,279,1363.636
2026-07-27 14:27:00.793,286,1397.849
2026-07-27 14:27:00.793,285,1392.962
2026-07-27 14:27:00.793,286,1397.849
2026-07-27 14:27:00.794,300,1466.276
2026-07-27 14:27:00.794,337,1647.116
2026-07-27 14:27:00.794,398,1945.259
2026-07-27 14:27:00.794,475,2321.603
2026-07-27 14:27:00.794,507,2478.006
2026-07-27 14:27:00.797,410,2003.91
2026-07-27 14:27:00.802,262,1280.547
2026-07-27 14:27:00.839,171,835.777
2026-07-27 14:27:00.839,212,1036.168
2026-07-27 14:27:00.840,283,1383.187
2026-07-27 14:27:00.840,304,1485.826
2026-07-27 14:27:00.840,318,1554.252
2026-07-27 14:27:00.840,347,1695.992
2026-07-27 14:27:00.840,359,1754.643
2026-07-27 14:27:00.843,352,1720.43
2026-07-27 14:27:00.886,346,1691.105
2026-07-27 14:27:00.886,350,1710.655
2026-07-27 14:27:00.886,359,1754.643
2026-07-27 14:27:00.886,366,1788.856
2026-07-27 14:27:00.886,372,1818.182
2026-07-27 14:27:00.886,376,1837.732
2026-07-27 14:27:00.887,375,1832.845
2026-07-27 14:27:00.887,376,1837.732
2026-07-27 14:27:00.890,382,1867.058
2026-07-27 14:27:00.932,385,1881.72
2026-07-27 14:27:00.932,385,1881.72
2026-07-27 14:27:00.932,391,1911.046
2026-07-27 14:27:00.932,398,1945.259
2026-07-27 14:27:00.932,404,1974.585
2026-07-27 14:27:00.933,405,1979.472
2026-07-27 14:27:00.933,411,2008.798
2026-07-27 14:27:00.933,415,2028.348
2026-07-27 14:27:00.936,419,2047.898
2026-07-27 14:27:00.978,424,2072.336
2026-07-27 14:27:00.978,429,2096.774
2026-07-27 14:27:00.979,434,2121.212
2026-07-27 14:27:00.979,440,2150.538
2026-07-27 14:27:00.979,449,2194.526
2026-07-27 14:27:00.979,460,2248.289
2026-07-27 14:27:00.979,471,2302.053
2026-07-27 14:27:00.979,481,2350.929
2026-07-27 14:27:00.983,488,2385.142
2026-07-27 14:27:01.025,494,2414.467
2026-07-27 14:27:01.025,498,2434.018
2026-07-27 14:27:01.025,503,2458.456
2026-07-27 14:27:01.025,505,2468.231
2026-07-27 14:27:01.025,503,2458.456
2026-07-27 14:27:01.026,496,2424.242
2026-07-27 14:27:01.026,483,2360.704
2026-07-27 14:27:01.026,465,2272.727
2026-07-27 14:27:01.031,445,2174.976
2026-07-27 14:27:01.072,430,2101.662
2026-07-27 14:27:01.072,412,2013.685
2026-07-27 14:27:01.072,395,1930.596
2026-07-27 14:27:01.072,384,1876.833
2026-07-27 14:27:01.072,379,1852.395
2026-07-27 14:27:01.072,373,1823.069
2026-07-27 14:27:01.072,366,1788.856
2026-07-27 14:27:01.072,362,1769.306
2026-07-27 14:27:01.102,362,1769.306
2026-07-27 14:27:01.102,361,1764.418
2026-07-27 14:27:01.103,363,1774.194
2026-07-27 14:27:01.109,363,1774.194
2026-07-27 14:27:01.109,365,1783.969
2026-07-27 14:27:01.109,366,1788.856
2026-07-27 14:27:01.110,365,1783.969
2026-07-27 14:27:01.114,366,1788.856
2026-07-27 14:27:01.119,369,1803.519
2026-07-27 14:27:02.520,369,1803.519
2026-07-27 14:27:02.520,371,1813.294
2026-07-27 14:27:02.520,371,1813.294
2026-07-27 14:27:02.520,370,1808.407
2026-07-27 14:27:02.521,368,1798.631
2026-07-27 14:27:02.521,368,1798.631
2026-07-27 14:27:02.521,370,1808.407
2026-07-27 14:27:02.521,372,1818.182
2026-07-27 14:27:02.521,372,1818.182
2026-07-27 14:27:02.521,372,1818.182
2026-07-27 14:27:02.522,372,1818.182
2026-07-27 14:27:02.522,375,1832.845
2026-07-27 14:27:02.522,375,1832.845
2026-07-27 14:27:02.523,374,1827.957
2026-07-27 14:27:02.523,372,1818.182
2026-07-27 14:27:02.523,370,1808.407
2026-07-27 14:27:02.523,372,1818.182
2026-07-27 14:27:02.524,375,1832.845
2026-07-27 14:27:02.524,374,1827.957
2026-07-27 14:27:02.524,375,1832.845
2026-07-27 14:27:02.524,376,1837.732
2026-07-27 14:27:02.524,376,1837.732
2026-07-27 14:27:02.524,379,1852.395
2026-07-27 14:27:02.524,379,1852.395
2026-07-27 14:27:02.525,375,1832.845
2026-07-27 14:27:02.525,374,1827.957
2026-07-27 14:27:02.525,376,1837.732
2026-07-27 14:27:02.525,375,1832.845
2026-07-27 14:27:02.525,372,1818.182
2026-07-27 14:27:02.525,373,1823.069
2026-07-27 14:27:02.525,371,1813.294
2026-07-27 14:27:02.525,371,1813.294
2026-07-27 14:27:02.526,372,1818.182
2026-07-27 14:27:02.526,372,1818.182
2026-07-27 14:27:02.526,372,1818.182
2026-07-27 14:27:02.526,369,1803.519
2026-07-27 14:27:02.526,367,1793.744
2026-07-27 14:27:02.526,365,1783.969
2026-07-27 14:27:02.526,366,1788.856
2026-07-27 14:27:02.527,368,1798.631
2026-07-27 14:27:02.527,368,1798.631
2026-07-27 14:27:02.527,368,1798.631
2026-07-27 14:27:02.527,365,1783.969
2026-07-27 14:27:02.527,366,1788.856
2026-07-27 14:27:02.527,368,1798.631
2026-07-27 14:27:02.527,365,1783.969
2026-07-27 14:27:02.527,362,1769.306
2026-07-27 14:27:02.528,364,1779.081
2026-07-27 14:27:02.528,363,1774.194
2026-07-27 14:27:02.528,362,1769.306
2026-07-27 14:27:02.528,364,1779.081
2026-07-27 14:27:02.529,365,1783.969
2026-07-27 14:27:02.529,364,1779.081
2026-07-27 14:27:02.529,361,1764.418
2026-07-27 14:27:02.529,357,1744.868
2026-07-27 14:27:02.529,356,1739.98
2026-07-27 14:27:02.530,357,1744.868
2026-07-27 14:27:02.530,355,1735.093
2026-07-27 14:27:02.530,353,1725.318
2026-07-27 14:27:02.530,353,1725.318
2026-07-27 14:27:02.530,349,1705.767
2026-07-27 14:27:02.530,348,1700.88
2026-07-27 14:27:02.531,350,1710.655
2026-07-27 14:27:02.531,354,1730.205
2026-07-27 14:27:02.531,359,1754.643
2026-07-27 14:27:02.531,363,1774.194
2026-07-27 14:27:02.531,362,1769.306
2026-07-27 14:27:02.531,362,1769.306
2026-07-27 14:27:02.531,365,1783.969
2026-07-27 14:27:02.531,369,1803.519
2026-07-27 14:27:02.531,370,1808.407
2026-07-27 14:27:02.531,364,1779.081
2026-07-27 14:27:02.531,357,1744.868
2026-07-27 14:27:02.532,356,1739.98
2026-07-27 14:27:02.532,351,1715.543
2026-07-27 14:27:02.532,348,1700.88
2026-07-27 14:27:02.532,346,1691.105
2026-07-27 14:27:02.532,346,1691.105
2026-07-27 14:27:02.532,346,1691.105
2026-07-27 14:27:02.532,344,1681.329
2026-07-27 14:27:02.532,345,1686.217
2026-07-27 14:27:02.532,345,1686.217
2026-07-27 14:27:02.532,351,1715.543
2026-07-27 14:27:02.532,362,1769.306
2026-07-27 14:27:02.533,391,1911.046
2026-07-27 14:27:02.533,450,2199.413
2026-07-27 14:27:02.533,530,2590.42
2026-07-27 14:27:02.533,567,2771.261
2026-07-27 14:27:02.533,458,2238.514
2026-07-27 14:27:02.533,288,1407.625
2026-07-27 14:27:02.533,190,928.641
2026-07-27 14:27:02.533,228,1114.37
2026-07-27 14:27:02.533,301,1471.163
2026-07-27 14:27:02.533,326,1593.353
2026-07-27 14:27:02.538,327,1598.24
2026-07-27 14:27:02.538,344,1681.329
2026-07-27 14:27:02.538,361,1764.418
2026-07-27 14:27:02.538,356,1739.98
2026-07-27 14:27:02.539,343,1676.442
2026-07-27 14:27:02.539,339,1656.891
2026-07-27 14:27:02.539,344,1681.329
2026-07-27 14:27:02.539,348,1700.88
2026-07-27 14:27:02.539,346,1691.105
2026-07-27 14:27:02.539,346,1691.105
2026-07-27 14:27:02.539,345,1686.217
2026-07-27 14:27:02.539,349,1705.767
2026-07-27 14:27:02.540,349,1705.767
2026-07-27 14:27:02.540,347,1695.992
2026-07-27 14:27:02.540,349,1705.767
2026-07-27 14:27:02.540,350,1710.655
2026-07-27 14:27:02.540,350,1710.655
2026-07-27 14:27:02.540,351,1715.543
2026-07-27 14:27:02.540,352,1720.43
2026-07-27 14:27:02.540,352,1720.43
2026-07-27 14:27:02.541,352,1720.43
2026-07-27 14:27:02.541,355,1735.093
2026-07-27 14:27:02.541,356,1739.98
2026-07-27 14:27:02.541,359,1754.643
2026-07-27 14:27:02.541,364,1779.081
2026-07-27 14:27:02.541,370,1808.407
2026-07-27 14:27:02.541,374,1827.957
2026-07-27 14:27:02.542,379,1852.395
2026-07-27 14:27:02.542,390,1906.158
2026-07-27 14:27:02.542,399,1950.147
2026-07-27 14:27:02.543,410,2003.91
2026-07-27 14:27:02.543,419,2047.898
2026-07-27 14:27:02.543,421,2057.674
2026-07-27 14:27:02.543,420,2052.786
2026-07-27 14:27:02.543,423,2067.449
2026-07-27 14:27:02.543,423,2067.449
2026-07-27 14:27:02.544,416,2033.236
2026-07-27 14:27:02.544,402,1964.809
2026-07-27 14:27:02.544,380,1857.283
2026-07-27 14:27:02.544,359,1754.643
2026-07-27 14:27:02.544,339,1656.891
2026-07-27 14:27:02.544,320,1564.027
2026-07-27 14:27:02.544,303,1480.938
2026-07-27 14:27:02.544,292,1427.175
2026-07-27 14:27:02.545,285,1392.962
2026-07-27 14:27:02.545,276,1348.974
2026-07-27 14:27:02.545,271,1324.536
2026-07-27 14:27:02.545,268,1309.873
2026-07-27 14:27:02.545,265,1295.21
2026-07-27 14:27:02.545,264,1290.323
2026-07-27 14:27:02.545,262,1280.547
2026-07-27 14:27:02.545,263,1285.435
2026-07-27 14:27:02.545,265,1295.21
2026-07-27 14:27:02.546,267,1304.985
2026-07-27 14:27:02.546,268,1309.873
2026-07-27 14:27:02.546,266,1300.098
2026-07-27 14:27:02.546,265,1295.21
2026-07-27 14:27:02.546,270,1319.648
2026-07-27 14:27:02.546,273,1334.311
2026-07-27 14:27:02.546,274,1339.198
2026-07-27 14:27:02.546,278,1358.749
2026-07-27 14:27:02.547,280,1368.524
2026-07-27 14:27:02.547,276,1348.974
2026-07-27 14:27:02.547,276,1348.974
2026-07-27 14:27:02.547,278,1358.749
2026-07-27 14:27:02.547,278,1358.749
2026-07-27 14:27:02.547,277,1353.861
2026-07-27 14:27:02.547,274,1339.198
2026-07-27 14:27:02.547,277,1353.861
2026-07-27 14:27:02.547,278,1358.749
2026-07-27 14:27:02.548,279,1363.636
2026-07-27 14:27:02.548,281,1373.412
2026-07-27 14:27:02.548,280,1368.524
2026-07-27 14:27:02.548,281,1373.412
2026-07-27 14:27:02.548,280,1368.524
2026-07-27 14:27:02.548,282,1378.299
2026-07-27 14:27:02.549,284,1388.074
2026-07-27 14:27:02.549,283,1383.187
2026-07-27 14:27:02.549,278,1358.749
2026-07-27 14:27:02.549,278,1358.749
2026-07-27 14:27:02.550,280,1368.524
2026-07-27 14:27:02.550,280,1368.524
2026-07-27 14:27:02.550,281,1373.412
2026-07-27 14:27:02.550,281,1373.412
2026-07-27 14:27:02.550,281,1373.412
2026-07-27 14:27:02.550,280,1368.524
2026-07-27 14:27:02.550,278,1358.749
2026-07-27 14:27:02.551,280,1368.524
2026-07-27 14:27:02.551,282,1378.299
2026-07-27 14:27:02.552,281,1373.412
2026-07-27 14:27:02.553,280,1368.524
2026-07-27 14:27:02.553,281,1373.412
2026-07-27 14:27:02.553,285,1392.962
2026-07-27 14:27:02.553,288,1407.625
2026-07-27 14:27:02.553,285,1392.962
2026-07-27 14:27:02.553,285,1392.962
2026-07-27 14:27:02.553,285,1392.962
2026-07-27 14:27:02.553,287,1402.737
2026-07-27 14:27:02.554,289,1412.512
2026-07-27 14:27:02.554,292,1427.175
2026-07-27 14:27:02.558,291,1422.287
2026-07-27 14:27:02.558,287,1402.737
2026-07-27 14:27:02.558,289,1412.512
2026-07-27 14:27:02.558,294,1436.95
2026-07-27 14:27:02.558,297,1451.613
2026-07-27 14:27:02.558,300,1466.276
2026-07-27 14:27:02.558,301,1471.163
2026-07-27 14:27:02.559,301,1471.163
2026-07-27 14:27:02.559,300,1466.276
2026-07-27 14:27:02.559,301,1471.163
2026-07-27 14:27:02.559,304,1485.826
2026-07-27 14:27:02.559,308,1505.376
2026-07-27 14:27:02.559,310,1515.152
2026-07-27 14:27:02.559,309,1510.264
2026-07-27 14:27:02.559,309,1510.264
2026-07-27 14:27:02.560,311,1520.039
2026-07-27 14:27:02.560,312,1524.927
2026-07-27 14:27:02.560,315,1539.589
2026-07-27 14:27:02.560,320,1564.027
2026-07-27 14:27:02.560,320,1564.027
2026-07-27 14:27:02.560,320,1564.027
2026-07-27 14:27:02.560,318,1554.252
2026-07-27 14:27:02.560,314,1534.702
2026-07-27 14:27:02.560,315,1539.589
2026-07-27 14:27:02.561,316,1544.477
2026-07-27 14:27:02.561,315,1539.589
2026-07-27 14:27:02.561,315,1539.589
2026-07-27 14:27:02.561,319,1559.14
2026-07-27 14:27:02.561,328,1603.128
2026-07-27 14:27:02.561,335,1637.341
2026-07-27 14:27:02.561,333,1627.566
2026-07-27 14:27:02.561,328,1603.128
2026-07-27 14:27:02.562,330,1612.903
2026-07-27 14:27:02.562,333,1627.566
2026-07-27 14:27:02.562,331,1617.791
2026-07-27 14:27:02.562,327,1598.24
2026-07-27 14:27:02.563,327,1598.24
2026-07-27 14:27:02.563,327,1598.24
2026-07-27 14:27:02.563,324,1583.578
2026-07-27 14:27:02.563,321,1568.915
2026-07-27 14:27:02.564,319,1559.14
2026-07-27 14:27:02.564,322,1573.803
2026-07-27 14:27:02.564,319,1559.14
2026-07-27 14:27:02.564,320,1564.027
2026-07-27 14:27:02.564,326,1593.353
2026-07-27 14:27:02.564,324,1583.578
2026-07-27 14:27:02.564,323,1578.69
2026-07-27 14:27:02.564,337,1647.116
2026-07-27 14:27:02.565,371,1813.294
2026-07-27 14:27:02.565,429,2096.774
2026-07-27 14:27:02.565,508,2482.893
2026-07-27 14:27:02.565,552,2697.947
2026-07-27 14:27:02.565,458,2238.514
2026-07-27 14:27:02.565,294,1436.95
2026-07-27 14:27:02.565,185,904.203
2026-07-27 14:27:02.565,205,1001.955
2026-07-27 14:27:02.565,278,1358.749
2026-07-27 14:27:02.566,306,1495.601
2026-07-27 14:27:02.566,309,1510.264
2026-07-27 14:27:02.566,328,1603.128
2026-07-27 14:27:02.566,345,1686.217
2026-07-27 14:27:02.566,339,1656.891
2026-07-27 14:27:02.566,327,1598.24
2026-07-27 14:27:02.566,325,1588.465
2026-07-27 14:27:02.566,328,1603.128
2026-07-27 14:27:02.566,331,1617.791
2026-07-27 14:27:02.567,332,1622.678
2026-07-27 14:27:02.567,331,1617.791
2026-07-27 14:27:02.567,333,1627.566
2026-07-27 14:27:02.567,333,1627.566
2026-07-27 14:27:02.567,334,1632.454
2026-07-27 14:27:02.567,335,1637.341
2026-07-27 14:27:02.567,335,1637.341
2026-07-27 14:27:02.567,336,1642.229
2026-07-27 14:27:02.568,338,1652.004
2026-07-27 14:27:02.568,340,1661.779
2026-07-27 14:27:02.568,341,1666.667
2026-07-27 14:27:02.568,342,1671.554
2026-07-27 14:27:02.570,346,1691.105
2026-07-27 14:27:02.571,351,1715.543
2026-07-27 14:27:02.571,354,1730.205
2026-07-27 14:27:02.571,359,1754.643
2026-07-27 14:27:02.571,363,1774.194
2026-07-27 14:27:02.571,370,1808.407
2026-07-27 14:27:02.571,378,1847.507
2026-07-27 14:27:02.575,384,1876.833
2026-07-27 14:27:02.613,394,1925.709
2026-07-27 14:27:02.613,406,1984.36
2026-07-27 14:27:02.613,415,2028.348
2026-07-27 14:27:02.613,423,2067.449
2026-07-27 14:27:02.613,428,2091.887
2026-07-27 14:27:02.613,434,2121.212
2026-07-27 14:27:02.613,437,2135.875
2026-07-27 14:27:02.617,434,2121.212
2026-07-27 14:27:02.647,429,2096.774
2026-07-27 14:27:02.647,415,2028.348
2026-07-27 14:27:02.648,399,1950.147
2026-07-27 14:27:02.648,381,1862.17
2026-07-27 14:27:02.648,360,1759.531
2026-07-27 14:27:02.652,341,1666.667
2026-07-27 14:27:02.656,326,1593.353
2026-07-27 14:27:02.658,309,1510.264
2026-07-27 14:27:02.694,297,1451.613
2026-07-27 14:27:02.694,292,1427.175
2026-07-27 14:27:02.694,289,1412.512
2026-07-27 14:27:02.694,287,1402.737
2026-07-27 14:27:02.695,282,1378.299
2026-07-27 14:27:02.695,280,1368.524
2026-07-27 14:27:02.695,281,1373.412
2026-07-27 14:27:02.726,281,1373.412
2026-07-27 14:27:02.726,283,1383.187
2026-07-27 14:27:02.727,285,1392.962
2026-07-27 14:27:02.727,288,1407.625
2026-07-27 14:27:02.727,290,1417.4
2026-07-27 14:27:02.727,287,1402.737
2026-07-27 14:27:02.731,290,1417.4
2026-07-27 14:27:02.770,290,1417.4
2026-07-27 14:27:02.770,292,1427.175
2026-07-27 14:27:02.770,296,1446.725
2026-07-27 14:27:02.770,298,1456.5
2026-07-27 14:27:02.770,300,1466.276
2026-07-27 14:27:02.770,301,1471.163
2026-07-27 14:27:02.770,302,1476.051
2026-07-27 14:27:02.773,303,1480.938
2026-07-27 14:27:02.803,306,1495.601
2026-07-27 14:27:02.803,308,1505.376
2026-07-27 14:27:02.803,310,1515.152
2026-07-27 14:27:02.804,311,1520.039
2026-07-27 14:27:02.804,310,1515.152
2026-07-27 14:27:02.804,313,1529.814
2026-07-27 14:27:02.835,316,1544.477
2026-07-27 14:27:02.835,316,1544.477
2026-07-27 14:27:02.835,316,1544.477
2026-07-27 14:27:02.835,317,1549.365
2026-07-27 14:27:02.835,322,1573.803
2026-07-27 14:27:02.835,322,1573.803
2026-07-27 14:27:02.866,323,1578.69
2026-07-27 14:27:02.866,324,1583.578
2026-07-27 14:27:02.866,324,1583.578
2026-07-27 14:27:02.866,324,1583.578
2026-07-27 14:27:02.866,325,1588.465
2026-07-27 14:27:02.866,324,1583.578
2026-07-27 14:27:02.897,324,1583.578
2026-07-27 14:27:02.897,326,1593.353
2026-07-27 14:27:02.897,327,1598.24
2026-07-27 14:27:02.897,329,1608.016
2026-07-27 14:27:02.897,328,1603.128
2026-07-27 14:27:02.897,326,1593.353
2026-07-27 14:27:02.927,324,1583.578
2026-07-27 14:27:02.928,324,1583.578
2026-07-27 14:27:02.928,325,1588.465
2026-07-27 14:27:02.928,326,1593.353
2026-07-27 14:27:02.928,327,1598.24
2026-07-27 14:27:02.928,325,1588.465
2026-07-27 14:27:02.959,324,1583.578
2026-07-27 14:27:02.959,325,1588.465
2026-07-27 14:27:02.959,324,1583.578
2026-07-27 14:27:02.959,323,1578.69
2026-07-27 14:27:02.961,325,1588.465
2026-07-27 14:27:02.961,326,1593.353
2026-07-27 14:27:02.965,326,1593.353
2026-07-27 14:27:03.005,326,1593.353
2026-07-27 14:27:03.006,327,1598.24
2026-07-27 14:27:03.006,325,1588.465
2026-07-27 14:27:03.006,324,1583.578
2026-07-27 14:27:03.006,325,1588.465
2026-07-27 14:27:03.006,327,1598.24
2026-07-27 14:27:03.006,327,1598.24
2026-07-27 14:27:03.007,324,1583.578
2026-07-27 14:27:03.036,325,1588.465
2026-07-27 14:27:03.036,327,1598.24
2026-07-27 14:27:03.036,328,1603.128
2026-07-27 14:27:03.037,330,1612.903
2026-07-27 14:27:03.037,328,1603.128
2026-07-27 14:27:03.038,327,1598.24
2026-07-27 14:27:03.286,327,1598.24
2026-07-27 14:27:03.287,326,1593.353
2026-07-27 14:27:03.287,328,1603.128
2026-07-27 14:27:03.287,329,1608.016
2026-07-27 14:27:03.287,329,1608.016
2026-07-27 14:27:03.287,330,1612.903
2026-07-27 14:27:03.287,331,1617.791
2026-07-27 14:27:03.287,330,1612.903
2026-07-27 14:27:03.287,329,1608.016
2026-07-27 14:27:03.287,329,1608.016
2026-07-27 14:27:03.287,330,1612.903
2026-07-27 14:27:03.287,330,1612.903
2026-07-27 14:27:03.287,328,1603.128
2026-07-27 14:27:03.288,326,1593.353
2026-07-27 14:27:03.288,327,1598.24
2026-07-27 14:27:03.288,328,1603.128
2026-07-27 14:27:03.288,327,1598.24
2026-07-27 14:27:03.288,326,1593.353
2026-07-27 14:27:03.288,326,1593.353
2026-07-27 14:27:03.288,325,1588.465
2026-07-27 14:27:03.288,325,1588.465
2026-07-27 14:27:03.288,327,1598.24
2026-07-27 14:27:03.288,329,1608.016
2026-07-27 14:27:03.288,333,1627.566
2026-07-27 14:27:03.288,337,1647.116
2026-07-27 14:27:03.291,337,1647.116
2026-07-27 14:27:03.291,335,1637.341
2026-07-27 14:27:03.291,334,1632.454
2026-07-27 14:27:03.291,331,1617.791
2026-07-27 14:27:03.291,328,1603.128
2026-07-27 14:27:03.291,324,1583.578
2026-07-27 14:27:03.291,322,1573.803
2026-07-27 14:27:03.291,320,1564.027
2026-07-27 14:27:03.291,318,1554.252
2026-07-27 14:27:03.291,318,1554.252
2026-07-27 14:27:03.291,318,1554.252
2026-07-27 14:27:03.291,317,1549.365
2026-07-27 14:27:03.292,318,1554.252
2026-07-27 14:27:03.292,320,1564.027
2026-07-27 14:27:03.292,321,1568.915
2026-07-27 14:27:03.292,320,1564.027
2026-07-27 14:27:03.292,326,1593.353
2026-07-27 14:27:03.292,338,1652.004
2026-07-27 14:27:03.292,373,1823.069
2026-07-27 14:27:03.293,434,2121.212
2026-07-27 14:27:03.293,504,2463.343
2026-07-27 14:27:03.293,511,2497.556
2026-07-27 14:27:03.294,376,1837.732
2026-07-27 14:27:03.294,231,1129.032
2026-07-27 14:27:03.298,177,865.103
